fetched_at,phrase,region_name,region_id,region_type,device,kind,rank,nested_phrase,count,total_count
2026-09-23,овсянников косметика,Тюменская область,11176,campaign,DEVICE_ALL,association,1,kosmetista,2,20
2026-09-23,овсянников косметика,Тюменская область,11176,campaign,DEVICE_ALL,association,2,эксфолиант что это,5,20
2026-09-23,овсянников косметика,Тюменская область,11176,campaign,DEVICE_ALL,association,3,эксфолиант это,5,20
2026-09-23,овсянников косметика,Тюменская область,11176,campaign,DEVICE_ALL,association,4,для чего нужен лосьон для лица,5,20
2026-09-23,овсянников косметика,Тюменская область,11176,campaign,DEVICE_ALL,association,5,косметическое масло,244,20
2026-09-23,овсянников косметика,Тюменская область,11176,campaign,DEVICE_ALL,association,6,что нужно для макияжа лица,33,20
2026-09-23,овсянников косметика,Тюменская область,11176,campaign,DEVICE_ALL,association,7,средства для ухода за лицом bioderma,1,20
2026-09-23,овсянников косметика,Тюменская область,11176,campaign,DEVICE_ALL,association,8,kisy cosmetics,2,20
2026-09-23,овсянников косметика,Тюменская область,11176,campaign,DEVICE_ALL,association,9,эксфолиант что это такое,2,20
2026-09-23,овсянников косметика,Тюменская область,11176,campaign,DEVICE_ALL,association,10,средства для ухода за лицом,90,20
2026-09-23,овсянников косметика,Тюменская область,11176,campaign,DEVICE_ALL,association,11,косметические средства,230,20
2026-09-23,овсянников косметика,Тюменская область,11176,campaign,DEVICE_ALL,association,12,тональное средство,165,20
2026-09-23,овсянников косметика,Тюменская область,11176,campaign,DEVICE_ALL,association,13,косметическая основа,16,20
2026-09-23,овсянников косметика,Волгоградская область,10950,campaign,DEVICE_ALL,association,1,kosmetista,22,82
2026-09-23,овсянников косметика,Волгоградская область,10950,campaign,DEVICE_ALL,association,2,эксфолиант что это,37,82
2026-09-23,овсянников косметика,Волгоградская область,10950,campaign,DEVICE_ALL,association,3,эксфолиант это,47,82
2026-09-23,овсянников косметика,Волгоградская область,10950,campaign,DEVICE_ALL,association,4,для чего нужен лосьон для лица,12,82
2026-09-23,овсянников косметика,Волгоградская область,10950,campaign,DEVICE_ALL,association,5,косметическое масло,409,82
2026-09-23,овсянников косметика,Волгоградская область,10950,campaign,DEVICE_ALL,association,6,что нужно для макияжа лица,45,82
2026-09-23,овсянников косметика,Волгоградская область,10950,campaign,DEVICE_ALL,association,7,чем отмыть тональный крем с одежды,3,82
2026-09-23,овсянников косметика,Волгоградская область,10950,campaign,DEVICE_ALL,association,8,эксфолиант что это такое,2,82
2026-09-23,овсянников косметика,Волгоградская область,10950,campaign,DEVICE_ALL,association,9,средства для ухода за лицом,181,82
2026-09-23,овсянников косметика,Волгоградская область,10950,campaign,DEVICE_ALL,association,10,косметические средства,336,82
2026-09-23,овсянников косметика,Волгоградская область,10950,campaign,DEVICE_ALL,association,11,тональное средство,123,82
2026-09-23,овсянников косметика,Волгоградская область,10950,campaign,DEVICE_ALL,association,12,что такое лосьон для лица,1,82
2026-09-23,овсянников косметика,Волгоградская область,10950,campaign,DEVICE_ALL,association,13,косметическая основа,12,82
2026-09-23,овсянников косметика,Воронежская область,10672,campaign,DEVICE_ALL,association,1,kosmetista,7,123
2026-09-23,овсянников косметика,Воронежская область,10672,campaign,DEVICE_ALL,association,2,эксфолиант что это,23,123
2026-09-23,овсянников косметика,Воронежская область,10672,campaign,DEVICE_ALL,association,3,эксфолиант это,33,123
2026-09-23,овсянников косметика,Воронежская область,10672,campaign,DEVICE_ALL,association,4,для чего нужен лосьон для лица,4,123
2026-09-23,овсянников косметика,Воронежская область,10672,campaign,DEVICE_ALL,association,5,косметическое масло,410,123
2026-09-23,овсянников косметика,Воронежская область,10672,campaign,DEVICE_ALL,association,6,что нужно для макияжа лица,37,123
2026-09-23,овсянников косметика,Воронежская область,10672,campaign,DEVICE_ALL,association,7,чем отмыть тональный крем с одежды,2,123
2026-09-23,овсянников косметика,Воронежская область,10672,campaign,DEVICE_ALL,association,8,средства для ухода за лицом bioderma,2,123
2026-09-23,овсянников косметика,Воронежская область,10672,campaign,DEVICE_ALL,association,9,kisy cosmetics,6,123
2026-09-23,овсянников косметика,Воронежская область,10672,campaign,DEVICE_ALL,association,10,эксфолиант что это такое,1,123
2026-09-23,овсянников косметика,Воронежская область,10672,campaign,DEVICE_ALL,association,11,машнит косметикс,1,123
2026-09-23,овсянников косметика,Воронежская область,10672,campaign,DEVICE_ALL,association,12,средства для ухода за лицом,193,123
2026-09-23,овсянников косметика,Воронежская область,10672,campaign,DEVICE_ALL,association,13,косметические средства,345,123
2026-09-23,овсянников косметика,Воронежская область,10672,campaign,DEVICE_ALL,association,14,тональное средство,279,123
2026-09-23,овсянников косметика,Воронежская область,10672,campaign,DEVICE_ALL,association,15,что такое лосьон для лица,2,123
2026-09-23,овсянников косметика,Воронежская область,10672,campaign,DEVICE_ALL,association,16,косметическая основа,11,123
2026-09-23,овсянников косметика,Воронежская область,10672,campaign,DEVICE_ALL,association,17,podonail cosmetics,1,123
2026-09-23,овсянников косметика,Республика Мордовия,11117,campaign,DEVICE_ALL,association,1,эксфолиант что это,2,16
2026-09-23,овсянников косметика,Республика Мордовия,11117,campaign,DEVICE_ALL,association,2,эксфолиант это,4,16
2026-09-23,овсянников косметика,Республика Мордовия,11117,campaign,DEVICE_ALL,association,3,для чего нужен лосьон для лица,1,16
2026-09-23,овсянников косметика,Республика Мордовия,11117,campaign,DEVICE_ALL,association,4,косметическое масло,63,16
2026-09-23,овсянников косметика,Республика Мордовия,11117,campaign,DEVICE_ALL,association,5,что нужно для макияжа лица,9,16
2026-09-23,овсянников косметика,Республика Мордовия,11117,campaign,DEVICE_ALL,association,6,kisy cosmetics,2,16
2026-09-23,овсянников косметика,Республика Мордовия,11117,campaign,DEVICE_ALL,association,7,эксфолиант что это такое,2,16
2026-09-23,овсянников косметика,Республика Мордовия,11117,campaign,DEVICE_ALL,association,8,средства для ухода за лицом,52,16
2026-09-23,овсянников косметика,Республика Мордовия,11117,campaign,DEVICE_ALL,association,9,косметические средства,78,16
2026-09-23,овсянников косметика,Республика Мордовия,11117,campaign,DEVICE_ALL,association,10,тональное средство,55,16
2026-09-23,овсянников косметика,Республика Мордовия,11117,campaign,DEVICE_ALL,association,11,косметическая основа,2,16
2026-09-23,овсянников косметика,Орловская область,10772,campaign,DEVICE_ALL,association,1,kosmetista,4,7
2026-09-23,овсянников косметика,Орловская область,10772,campaign,DEVICE_ALL,association,2,эксфолиант это,5,7
2026-09-23,овсянников косметика,Орловская область,10772,campaign,DEVICE_ALL,association,3,для чего нужен лосьон для лица,5,7
2026-09-23,овсянников косметика,Орловская область,10772,campaign,DEVICE_ALL,association,4,косметическое масло,91,7
2026-09-23,овсянников косметика,Орловская область,10772,campaign,DEVICE_ALL,association,5,что нужно для макияжа лица,15,7
2026-09-23,овсянников косметика,Орловская область,10772,campaign,DEVICE_ALL,association,6,чем отмыть тональный крем с одежды,1,7
2026-09-23,овсянников косметика,Орловская область,10772,campaign,DEVICE_ALL,association,7,средства для ухода за лицом bioderma,1,7
2026-09-23,овсянников косметика,Орловская область,10772,campaign,DEVICE_ALL,association,8,машнит косметикс,3,7
2026-09-23,овсянников косметика,Орловская область,10772,campaign,DEVICE_ALL,association,9,средства для ухода за лицом,24,7
2026-09-23,овсянников косметика,Орловская область,10772,campaign,DEVICE_ALL,association,10,косметические средства,94,7
2026-09-23,овсянников косметика,Орловская область,10772,campaign,DEVICE_ALL,association,11,тональное средство,80,7
2026-09-23,овсянников косметика,Орловская область,10772,campaign,DEVICE_ALL,association,12,косметическая основа,3,7
2026-09-23,овсянников косметика,Рязанская область,10776,campaign,DEVICE_ALL,association,1,kosmetista,14,18
2026-09-23,овсянников косметика,Рязанская область,10776,campaign,DEVICE_ALL,association,2,эксфолиант что это,10,18
2026-09-23,овсянников косметика,Рязанская область,10776,campaign,DEVICE_ALL,association,3,эксфолиант это,13,18
2026-09-23,овсянников косметика,Рязанская область,10776,campaign,DEVICE_ALL,association,4,для чего нужен лосьон для лица,1,18
2026-09-23,овсянников косметика,Рязанская область,10776,campaign,DEVICE_ALL,association,5,косметическое масло,225,18
2026-09-23,овсянников косметика,Рязанская область,10776,campaign,DEVICE_ALL,association,6,что нужно для макияжа лица,22,18
2026-09-23,овсянников косметика,Рязанская область,10776,campaign,DEVICE_ALL,association,7,эксфолиант что это такое,2,18
2026-09-23,овсянников косметика,Рязанская область,10776,campaign,DEVICE_ALL,association,8,средства для ухода за лицом,52,18
2026-09-23,овсянников косметика,Рязанская область,10776,campaign,DEVICE_ALL,association,9,косметические средства,158,18
2026-09-23,овсянников косметика,Рязанская область,10776,campaign,DEVICE_ALL,association,10,aya cosmetics,6,18
2026-09-23,овсянников косметика,Рязанская область,10776,campaign,DEVICE_ALL,association,11,тональное средство,61,18
2026-09-23,овсянников косметика,Рязанская область,10776,campaign,DEVICE_ALL,association,12,косметическая основа,18,18
2026-09-23,овсянников косметика,Рязанская область,10776,campaign,DEVICE_ALL,association,13,podonail cosmetics,2,18
2026-09-23,овсянников косметика,Ярославская область,10841,campaign,DEVICE_ALL,association,1,kosmetista,2,90
2026-09-23,овсянников косметика,Ярославская область,10841,campaign,DEVICE_ALL,association,2,эксфолиант что это,4,90
2026-09-23,овсянников косметика,Ярославская область,10841,campaign,DEVICE_ALL,association,3,эксфолиант это,13,90
2026-09-23,овсянников косметика,Ярославская область,10841,campaign,DEVICE_ALL,association,4,для чего нужен лосьон для лица,7,90
2026-09-23,овсянников косметика,Ярославская область,10841,campaign,DEVICE_ALL,association,5,косметическое масло,166,90
2026-09-23,овсянников косметика,Ярославская область,10841,campaign,DEVICE_ALL,association,6,что нужно для макияжа лица,19,90
2026-09-23,овсянников косметика,Ярославская область,10841,campaign,DEVICE_ALL,association,7,чем отмыть тональный крем с одежды,1,90
2026-09-23,овсянников косметика,Ярославская область,10841,campaign,DEVICE_ALL,association,8,эксфолиант что это такое,2,90
2026-09-23,овсянников косметика,Ярославская область,10841,campaign,DEVICE_ALL,association,9,средства для ухода за лицом,99,90
2026-09-23,овсянников косметика,Ярославская область,10841,campaign,DEVICE_ALL,association,10,косметические средства,198,90
2026-09-23,овсянников косметика,Ярославская область,10841,campaign,DEVICE_ALL,association,11,тональное средство,157,90
2026-09-23,овсянников косметика,Ярославская область,10841,campaign,DEVICE_ALL,association,12,косметическая основа,12,90
2026-09-23,овсянников косметика,Костромская область,10699,campaign,DEVICE_ALL,association,1,эксфолиант что это,1,50
2026-09-23,овсянников косметика,Костромская область,10699,campaign,DEVICE_ALL,association,2,эксфолиант это,5,50
2026-09-23,овсянников косметика,Костромская область,10699,campaign,DEVICE_ALL,association,3,косметическое масло,101,50
2026-09-23,овсянников косметика,Костромская область,10699,campaign,DEVICE_ALL,association,4,что нужно для макияжа лица,23,50
2026-09-23,овсянников косметика,Костромская область,10699,campaign,DEVICE_ALL,association,5,средства для ухода за лицом,39,50
2026-09-23,овсянников косметика,Костромская область,10699,campaign,DEVICE_ALL,association,6,косметические средства,99,50
2026-09-23,овсянников косметика,Костромская область,10699,campaign,DEVICE_ALL,association,7,тональное средство,33,50
2026-09-23,овсянников косметика,Костромская область,10699,campaign,DEVICE_ALL,association,8,косметическая основа,8,50
2026-09-23,овсянников косметика,Липецкая область,10712,campaign,DEVICE_ALL,association,1,kosmetista,57,3
2026-09-23,овсянников косметика,Липецкая область,10712,campaign,DEVICE_ALL,association,2,эксфолиант что это,1,3
2026-09-23,овсянников косметика,Липецкая область,10712,campaign,DEVICE_ALL,association,3,эксфолиант это,1,3
2026-09-23,овсянников косметика,Липецкая область,10712,campaign,DEVICE_ALL,association,4,косметическое масло,97,3
2026-09-23,овсянников косметика,Липецкая область,10712,campaign,DEVICE_ALL,association,5,что нужно для макияжа лица,18,3
2026-09-23,овсянников косметика,Липецкая область,10712,campaign,DEVICE_ALL,association,6,чем отмыть тональный крем с одежды,2,3
2026-09-23,овсянников косметика,Липецкая область,10712,campaign,DEVICE_ALL,association,7,эксфолиант что это такое,1,3
2026-09-23,овсянников косметика,Липецкая область,10712,campaign,DEVICE_ALL,association,8,машнит косметикс,1,3
2026-09-23,овсянников косметика,Липецкая область,10712,campaign,DEVICE_ALL,association,9,средства для ухода за лицом,92,3
2026-09-23,овсянников косметика,Липецкая область,10712,campaign,DEVICE_ALL,association,10,косметические средства,165,3
2026-09-23,овсянников косметика,Липецкая область,10712,campaign,DEVICE_ALL,association,11,тональное средство,78,3
2026-09-23,овсянников косметика,Липецкая область,10712,campaign,DEVICE_ALL,association,12,косметическая основа,3,3
2026-09-23,овсянников косметика,Республика Башкортостан,11111,campaign,DEVICE_ALL,association,1,kosmetista,25,15
2026-09-23,овсянников косметика,Республика Башкортостан,11111,campaign,DEVICE_ALL,association,2,эксфолиант что это,2,15
2026-09-23,овсянников косметика,Республика Башкортостан,11111,campaign,DEVICE_ALL,association,3,эксфолиант это,6,15
2026-09-23,овсянников косметика,Республика Башкортостан,11111,campaign,DEVICE_ALL,association,4,для чего нужен лосьон для лица,22,15
2026-09-23,овсянников косметика,Республика Башкортостан,11111,campaign,DEVICE_ALL,association,5,косметическое масло,457,15
2026-09-23,овсянников косметика,Республика Башкортостан,11111,campaign,DEVICE_ALL,association,6,что нужно для макияжа лица,95,15
2026-09-23,овсянников косметика,Республика Башкортостан,11111,campaign,DEVICE_ALL,association,7,чем отмыть тональный крем с одежды,4,15
2026-09-23,овсянников косметика,Республика Башкортостан,11111,campaign,DEVICE_ALL,association,8,kisy cosmetics,1,15
2026-09-23,овсянников косметика,Республика Башкортостан,11111,campaign,DEVICE_ALL,association,9,машнит косметикс,11,15
2026-09-23,овсянников косметика,Республика Башкортостан,11111,campaign,DEVICE_ALL,association,10,средства для ухода за лицом,261,15
2026-09-23,овсянников косметика,Республика Башкортостан,11111,campaign,DEVICE_ALL,association,11,косметические средства,386,15
2026-09-23,овсянников косметика,Республика Башкортостан,11111,campaign,DEVICE_ALL,association,12,тональное средство,284,15
2026-09-23,овсянников косметика,Республика Башкортостан,11111,campaign,DEVICE_ALL,association,13,что такое лосьон для лица,7,15
2026-09-23,овсянников косметика,Республика Башкортостан,11111,campaign,DEVICE_ALL,association,14,косметическая основа,18,15
2026-09-23,овсянников косметика,Республика Башкортостан,11111,campaign,DEVICE_ALL,association,15,podonail cosmetics,2,15
2026-09-23,овсянников косметика,Новосибирская область,11316,campaign,DEVICE_ALL,association,1,kosmetista,6,61
2026-09-23,овсянников косметика,Новосибирская область,11316,campaign,DEVICE_ALL,association,2,эксфолиант что это,5,61
2026-09-23,овсянников косметика,Новосибирская область,11316,campaign,DEVICE_ALL,association,3,эксфолиант это,17,61
2026-09-23,овсянников косметика,Новосибирская область,11316,campaign,DEVICE_ALL,association,4,для чего нужен лосьон для лица,16,61
2026-09-23,овсянников косметика,Новосибирская область,11316,campaign,DEVICE_ALL,association,5,косметическое масло,372,61
2026-09-23,овсянников косметика,Новосибирская область,11316,campaign,DEVICE_ALL,association,6,что нужно для макияжа лица,52,61
2026-09-23,овсянников косметика,Новосибирская область,11316,campaign,DEVICE_ALL,association,7,эксфолиант что это такое,3,61
2026-09-23,овсянников косметика,Новосибирская область,11316,campaign,DEVICE_ALL,association,8,машнит косметикс,8,61
2026-09-23,овсянников косметика,Новосибирская область,11316,campaign,DEVICE_ALL,association,9,средства для ухода за лицом,220,61
2026-09-23,овсянников косметика,Новосибирская область,11316,campaign,DEVICE_ALL,association,10,косметические средства,478,61
2026-09-23,овсянников косметика,Новосибирская область,11316,campaign,DEVICE_ALL,association,11,aya cosmetics,4,61
2026-09-23,овсянников косметика,Новосибирская область,11316,campaign,DEVICE_ALL,association,12,тональное средство,384,61
2026-09-23,овсянников косметика,Новосибирская область,11316,campaign,DEVICE_ALL,association,13,косметическая основа,31,61
2026-09-23,овсянников косметика,Новосибирская область,11316,campaign,DEVICE_ALL,association,14,podonail cosmetics,2,61
2026-09-23,овсянников косметика,Саратовская область,11146,campaign,DEVICE_ALL,association,1,kosmetista,1,50
2026-09-23,овсянников косметика,Саратовская область,11146,campaign,DEVICE_ALL,association,2,эксфолиант что это,13,50
2026-09-23,овсянников косметика,Саратовская область,11146,campaign,DEVICE_ALL,association,3,эксфолиант это,20,50
2026-09-23,овсянников косметика,Саратовская область,11146,campaign,DEVICE_ALL,association,4,для чего нужен лосьон для лица,6,50
2026-09-23,овсянников косметика,Саратовская область,11146,campaign,DEVICE_ALL,association,5,косметическое масло,360,50
2026-09-23,овсянников косметика,Саратовская область,11146,campaign,DEVICE_ALL,association,6,что нужно для макияжа лица,37,50
2026-09-23,овсянников косметика,Саратовская область,11146,campaign,DEVICE_ALL,association,7,чем отмыть тональный крем с одежды,1,50
2026-09-23,овсянников косметика,Саратовская область,11146,campaign,DEVICE_ALL,association,8,средства для ухода за лицом bioderma,1,50
2026-09-23,овсянников косметика,Саратовская область,11146,campaign,DEVICE_ALL,association,9,kisy cosmetics,2,50
2026-09-23,овсянников косметика,Саратовская область,11146,campaign,DEVICE_ALL,association,10,эксфолиант что это такое,5,50
2026-09-23,овсянников косметика,Саратовская область,11146,campaign,DEVICE_ALL,association,11,средства для ухода за лицом,133,50
2026-09-23,овсянников косметика,Саратовская область,11146,campaign,DEVICE_ALL,association,12,косметические средства,253,50
2026-09-23,овсянников косметика,Саратовская область,11146,campaign,DEVICE_ALL,association,13,тональное средство,173,50
2026-09-23,овсянников косметика,Саратовская область,11146,campaign,DEVICE_ALL,association,14,что такое лосьон для лица,1,50
2026-09-23,овсянников косметика,Саратовская область,11146,campaign,DEVICE_ALL,association,15,косметическая основа,19,50
2026-09-23,овсянников косметика,Саратовская область,11146,campaign,DEVICE_ALL,association,16,podonail cosmetics,2,50
2026-09-23,овсянников косметика,Томская область,11353,campaign,DEVICE_ALL,association,1,эксфолиант это,1,14
2026-09-23,овсянников косметика,Томская область,11353,campaign,DEVICE_ALL,association,2,для чего нужен лосьон для лица,2,14
2026-09-23,овсянников косметика,Томская область,11353,campaign,DEVICE_ALL,association,3,косметическое масло,139,14
2026-09-23,овсянников косметика,Томская область,11353,campaign,DEVICE_ALL,association,4,что нужно для макияжа лица,8,14
2026-09-23,овсянников косметика,Томская область,11353,campaign,DEVICE_ALL,association,5,машнит косметикс,1,14
2026-09-23,овсянников косметика,Томская область,11353,campaign,DEVICE_ALL,association,6,средства для ухода за лицом,52,14
2026-09-23,овсянников косметика,Томская область,11353,campaign,DEVICE_ALL,association,7,косметические средства,116,14
2026-09-23,овсянников косметика,Томская область,11353,campaign,DEVICE_ALL,association,8,тональное средство,50,14
2026-09-23,овсянников косметика,Томская область,11353,campaign,DEVICE_ALL,association,9,что такое лосьон для лица,1,14
2026-09-23,овсянников косметика,Томская область,11353,campaign,DEVICE_ALL,association,10,косметическая основа,9,14
2026-09-23,овсянников косметика,Вологодская область,10853,campaign,DEVICE_ALL,association,1,kosmetista,1,9
2026-09-23,овсянников косметика,Вологодская область,10853,campaign,DEVICE_ALL,association,2,эксфолиант что это,7,9
2026-09-23,овсянников косметика,Вологодская область,10853,campaign,DEVICE_ALL,association,3,эксфолиант это,12,9
2026-09-23,овсянников косметика,Вологодская область,10853,campaign,DEVICE_ALL,association,4,для чего нужен лосьон для лица,3,9
2026-09-23,овсянников косметика,Вологодская область,10853,campaign,DEVICE_ALL,association,5,косметическое масло,168,9
2026-09-23,овсянников косметика,Вологодская область,10853,campaign,DEVICE_ALL,association,6,что нужно для макияжа лица,27,9
2026-09-23,овсянников косметика,Вологодская область,10853,campaign,DEVICE_ALL,association,7,чем отмыть тональный крем с одежды,8,9
2026-09-23,овсянников косметика,Вологодская область,10853,campaign,DEVICE_ALL,association,8,средства для ухода за лицом bioderma,3,9
2026-09-23,овсянников косметика,Вологодская область,10853,campaign,DEVICE_ALL,association,9,эксфолиант что это такое,2,9
2026-09-23,овсянников косметика,Вологодская область,10853,campaign,DEVICE_ALL,association,10,машнит косметикс,4,9
2026-09-23,овсянников косметика,Вологодская область,10853,campaign,DEVICE_ALL,association,11,средства для ухода за лицом,100,9
2026-09-23,овсянников косметика,Вологодская область,10853,campaign,DEVICE_ALL,association,12,косметические средства,179,9
2026-09-23,овсянников косметика,Вологодская область,10853,campaign,DEVICE_ALL,association,13,тональное средство,85,9
2026-09-23,овсянников косметика,Вологодская область,10853,campaign,DEVICE_ALL,association,14,что такое лосьон для лица,2,9
2026-09-23,овсянников косметика,Вологодская область,10853,campaign,DEVICE_ALL,association,15,косметическая основа,11,9
2026-09-23,овсянников косметика,Алтайский край,11235,campaign,DEVICE_ALL,association,1,kosmetista,4,5
2026-09-23,овсянников косметика,Алтайский край,11235,campaign,DEVICE_ALL,association,2,эксфолиант что это,9,5
2026-09-23,овсянников косметика,Алтайский край,11235,campaign,DEVICE_ALL,association,3,эксфолиант это,14,5
2026-09-23,овсянников косметика,Алтайский край,11235,campaign,DEVICE_ALL,association,4,для чего нужен лосьон для лица,1,5
2026-09-23,овсянников косметика,Алтайский край,11235,campaign,DEVICE_ALL,association,5,косметическое масло,213,5
2026-09-23,овсянников косметика,Алтайский край,11235,campaign,DEVICE_ALL,association,6,что нужно для макияжа лица,30,5
2026-09-23,овсянников косметика,Алтайский край,11235,campaign,DEVICE_ALL,association,7,чем отмыть тональный крем с одежды,1,5
2026-09-23,овсянников косметика,Алтайский край,11235,campaign,DEVICE_ALL,association,8,эксфолиант что это такое,1,5
2026-09-23,овсянников косметика,Алтайский край,11235,campaign,DEVICE_ALL,association,9,машнит косметикс,2,5
2026-09-23,овсянников косметика,Алтайский край,11235,campaign,DEVICE_ALL,association,10,средства для ухода за лицом,77,5
2026-09-23,овсянников косметика,Алтайский край,11235,campaign,DEVICE_ALL,association,11,косметические средства,270,5
2026-09-23,овсянников косметика,Алтайский край,11235,campaign,DEVICE_ALL,association,12,тональное средство,117,5
2026-09-23,овсянников косметика,Алтайский край,11235,campaign,DEVICE_ALL,association,13,косметическая основа,27,5
2026-09-23,овсянников косметика,Ивановская область,10687,campaign,DEVICE_ALL,association,1,kosmetista,2,18
2026-09-23,овсянников косметика,Ивановская область,10687,campaign,DEVICE_ALL,association,2,эксфолиант что это,6,18
2026-09-23,овсянников косметика,Ивановская область,10687,campaign,DEVICE_ALL,association,3,эксфолиант это,10,18
2026-09-23,овсянников косметика,Ивановская область,10687,campaign,DEVICE_ALL,association,4,косметическое масло,172,18
2026-09-23,овсянников косметика,Ивановская область,10687,campaign,DEVICE_ALL,association,5,что нужно для макияжа лица,26,18
2026-09-23,овсянников косметика,Ивановская область,10687,campaign,DEVICE_ALL,association,6,чем отмыть тональный крем с одежды,2,18
2026-09-23,овсянников косметика,Ивановская область,10687,campaign,DEVICE_ALL,association,7,средства для ухода за лицом bioderma,1,18
2026-09-23,овсянников косметика,Ивановская область,10687,campaign,DEVICE_ALL,association,8,эксфолиант что это такое,2,18
2026-09-23,овсянников косметика,Ивановская область,10687,campaign,DEVICE_ALL,association,9,средства для ухода за лицом,43,18
2026-09-23,овсянников косметика,Ивановская область,10687,campaign,DEVICE_ALL,association,10,косметические средства,144,18
2026-09-23,овсянников косметика,Ивановская область,10687,campaign,DEVICE_ALL,association,11,тональное средство,57,18
2026-09-23,овсянников косметика,Ивановская область,10687,campaign,DEVICE_ALL,association,12,косметическая основа,3,18
2026-09-23,овсянников косметика,Омская область,11318,campaign,DEVICE_ALL,association,1,kosmetista,2,3
2026-09-23,овсянников косметика,Омская область,11318,campaign,DEVICE_ALL,association,2,эксфолиант что это,17,3
2026-09-23,овсянников косметика,Омская область,11318,campaign,DEVICE_ALL,association,3,эксфолиант это,20,3
2026-09-23,овсянников косметика,Омская область,11318,campaign,DEVICE_ALL,association,4,для чего нужен лосьон для лица,1,3
2026-09-23,овсянников косметика,Омская область,11318,campaign,DEVICE_ALL,association,5,косметическое масло,228,3
2026-09-23,овсянников косметика,Омская область,11318,campaign,DEVICE_ALL,association,6,что нужно для макияжа лица,50,3
2026-09-23,овсянников косметика,Омская область,11318,campaign,DEVICE_ALL,association,7,чем отмыть тональный крем с одежды,3,3
2026-09-23,овсянников косметика,Омская область,11318,campaign,DEVICE_ALL,association,8,средства для ухода за лицом,89,3
2026-09-23,овсянников косметика,Омская область,11318,campaign,DEVICE_ALL,association,9,косметические средства,211,3
2026-09-23,овсянников косметика,Омская область,11318,campaign,DEVICE_ALL,association,10,тональное средство,148,3
2026-09-23,овсянников косметика,Омская область,11318,campaign,DEVICE_ALL,association,11,косметическая основа,1,3
2026-09-23,овсянников косметика,Астраханская область,10946,control,DEVICE_ALL,association,1,эксфолиант что это,4,2
2026-09-23,овсянников косметика,Астраханская область,10946,control,DEVICE_ALL,association,2,эксфолиант это,7,2
2026-09-23,овсянников косметика,Астраханская область,10946,control,DEVICE_ALL,association,3,косметическое масло,106,2
2026-09-23,овсянников косметика,Астраханская область,10946,control,DEVICE_ALL,association,4,что нужно для макияжа лица,9,2
2026-09-23,овсянников косметика,Астраханская область,10946,control,DEVICE_ALL,association,5,чем отмыть тональный крем с одежды,2,2
2026-09-23,овсянников косметика,Астраханская область,10946,control,DEVICE_ALL,association,6,машнит косметикс,5,2
2026-09-23,овсянников косметика,Астраханская область,10946,control,DEVICE_ALL,association,7,средства для ухода за лицом,36,2
2026-09-23,овсянников косметика,Астраханская область,10946,control,DEVICE_ALL,association,8,косметические средства,114,2
2026-09-23,овсянников косметика,Астраханская область,10946,control,DEVICE_ALL,association,9,тональное средство,88,2
2026-09-23,овсянников косметика,Астраханская область,10946,control,DEVICE_ALL,association,10,что такое лосьон для лица,3,2
2026-09-23,овсянников косметика,Астраханская область,10946,control,DEVICE_ALL,association,11,косметическая основа,2,2
2026-09-23,овсянников косметика,Пензенская область,11095,control,DEVICE_ALL,association,1,kosmetista,2,2
2026-09-23,овсянников косметика,Пензенская область,11095,control,DEVICE_ALL,association,2,эксфолиант что это,7,2
2026-09-23,овсянников косметика,Пензенская область,11095,control,DEVICE_ALL,association,3,эксфолиант это,13,2
2026-09-23,овсянников косметика,Пензенская область,11095,control,DEVICE_ALL,association,4,для чего нужен лосьон для лица,2,2
2026-09-23,овсянников косметика,Пензенская область,11095,control,DEVICE_ALL,association,5,косметическое масло,168,2
2026-09-23,овсянников косметика,Пензенская область,11095,control,DEVICE_ALL,association,6,что нужно для макияжа лица,28,2
2026-09-23,овсянников косметика,Пензенская область,11095,control,DEVICE_ALL,association,7,чем отмыть тональный крем с одежды,2,2
2026-09-23,овсянников косметика,Пензенская область,11095,control,DEVICE_ALL,association,8,средства для ухода за лицом bioderma,1,2
2026-09-23,овсянников косметика,Пензенская область,11095,control,DEVICE_ALL,association,9,эксфолиант что это такое,3,2
2026-09-23,овсянников косметика,Пензенская область,11095,control,DEVICE_ALL,association,10,средства для ухода за лицом,66,2
2026-09-23,овсянников косметика,Пензенская область,11095,control,DEVICE_ALL,association,11,косметические средства,174,2
2026-09-23,овсянников косметика,Пензенская область,11095,control,DEVICE_ALL,association,12,тональное средство,151,2
2026-09-23,овсянников косметика,Пензенская область,11095,control,DEVICE_ALL,association,13,что такое лосьон для лица,2,2
2026-09-23,овсянников косметика,Пензенская область,11095,control,DEVICE_ALL,association,14,косметическая основа,12,2
2026-09-23,овсянников косметика,Ростовская область,11029,control,DEVICE_ALL,association,1,kosmetista,7,19
2026-09-23,овсянников косметика,Ростовская область,11029,control,DEVICE_ALL,association,2,эксфолиант что это,32,19
2026-09-23,овсянников косметика,Ростовская область,11029,control,DEVICE_ALL,association,3,эксфолиант это,39,19
2026-09-23,овсянников косметика,Ростовская область,11029,control,DEVICE_ALL,association,4,для чего нужен лосьон для лица,11,19
2026-09-23,овсянников косметика,Ростовская область,11029,control,DEVICE_ALL,association,5,косметическое масло,565,19
2026-09-23,овсянников косметика,Ростовская область,11029,control,DEVICE_ALL,association,6,что нужно для макияжа лица,90,19
2026-09-23,овсянников косметика,Ростовская область,11029,control,DEVICE_ALL,association,7,чем отмыть тональный крем с одежды,7,19
2026-09-23,овсянников косметика,Ростовская область,11029,control,DEVICE_ALL,association,8,средства для ухода за лицом bioderma,4,19
2026-09-23,овсянников косметика,Ростовская область,11029,control,DEVICE_ALL,association,9,kisy cosmetics,6,19
2026-09-23,овсянников косметика,Ростовская область,11029,control,DEVICE_ALL,association,10,эксфолиант что это такое,13,19
2026-09-23,овсянников косметика,Ростовская область,11029,control,DEVICE_ALL,association,11,машнит косметикс,4,19
2026-09-23,овсянников косметика,Ростовская область,11029,control,DEVICE_ALL,association,12,средства для ухода за лицом,285,19
2026-09-23,овсянников косметика,Ростовская область,11029,control,DEVICE_ALL,association,13,косметические средства,608,19
2026-09-23,овсянников косметика,Ростовская область,11029,control,DEVICE_ALL,association,14,тональное средство,401,19
2026-09-23,овсянников косметика,Ростовская область,11029,control,DEVICE_ALL,association,15,косметическая основа,41,19
2026-09-23,овсянников косметика,Ростовская область,11029,control,DEVICE_ALL,association,16,podonail cosmetics,2,19
2026-09-23,овсянников косметика,Тульская область,10832,control,DEVICE_ALL,association,1,kosmetista,3,8
2026-09-23,овсянников косметика,Тульская область,10832,control,DEVICE_ALL,association,2,эксфолиант что это,6,8
2026-09-23,овсянников косметика,Тульская область,10832,control,DEVICE_ALL,association,3,эксфолиант это,10,8
2026-09-23,овсянников косметика,Тульская область,10832,control,DEVICE_ALL,association,4,для чего нужен лосьон для лица,5,8
2026-09-23,овсянников косметика,Тульская область,10832,control,DEVICE_ALL,association,5,косметическое масло,244,8
2026-09-23,овсянников косметика,Тульская область,10832,control,DEVICE_ALL,association,6,что нужно для макияжа лица,26,8
2026-09-23,овсянников косметика,Тульская область,10832,control,DEVICE_ALL,association,7,эксфолиант что это такое,5,8
2026-09-23,овсянников косметика,Тульская область,10832,control,DEVICE_ALL,association,8,машнит косметикс,2,8
2026-09-23,овсянников косметика,Тульская область,10832,control,DEVICE_ALL,association,9,средства для ухода за лицом,138,8
2026-09-23,овсянников косметика,Тульская область,10832,control,DEVICE_ALL,association,10,косметические средства,282,8
2026-09-23,овсянников косметика,Тульская область,10832,control,DEVICE_ALL,association,11,тональное средство,128,8
2026-09-23,овсянников косметика,Тульская область,10832,control,DEVICE_ALL,association,12,что такое лосьон для лица,2,8
2026-09-23,овсянников косметика,Тульская область,10832,control,DEVICE_ALL,association,13,косметическая основа,1,8
2026-09-23,овсянников косметика,Тюменская область,11176,campaign,DEVICE_ALL,nested,1,овсянников косметика,20,20
2026-09-23,овсянников косметика,Тюменская область,11176,campaign,DEVICE_ALL,nested,2,овсянников косметика пробники,4,20
2026-09-23,овсянников косметика,Тюменская область,11176,campaign,DEVICE_ALL,nested,3,овсянников косметика официальный,1,20
2026-09-23,овсянников косметика,Тюменская область,11176,campaign,DEVICE_ALL,nested,4,овсянников косметика официальный сайт,1,20
2026-09-23,овсянников косметика,Тюменская область,11176,campaign,DEVICE_ALL,nested,5,овсянников косметика отзывы,1,20
2026-09-23,овсянников косметика,Волгоградская область,10950,campaign,DEVICE_ALL,nested,1,овсянников косметика,82,82
2026-09-23,овсянников косметика,Волгоградская область,10950,campaign,DEVICE_ALL,nested,2,овсянников косметика официальный,18,82
2026-09-23,овсянников косметика,Волгоградская область,10950,campaign,DEVICE_ALL,nested,3,овсянников косметика официальный сайт,17,82
2026-09-23,овсянников косметика,Волгоградская область,10950,campaign,DEVICE_ALL,nested,4,овсянников косметика пробники,5,82
2026-09-23,овсянников косметика,Волгоградская область,10950,campaign,DEVICE_ALL,nested,5,овсянников косметика где производят,4,82
2026-09-23,овсянников косметика,Волгоградская область,10950,campaign,DEVICE_ALL,nested,6,овсянников косметика и парфюмерия,3,82
2026-09-23,овсянников косметика,Волгоградская область,10950,campaign,DEVICE_ALL,nested,7,овсянников косметика отзывы,2,82
2026-09-23,овсянников косметика,Волгоградская область,10950,campaign,DEVICE_ALL,nested,8,овсянников косметика бесплатно,1,82
2026-09-23,овсянников косметика,Волгоградская область,10950,campaign,DEVICE_ALL,nested,9,овсянников косметика и парфюмерия официальный,1,82
2026-09-23,овсянников косметика,Волгоградская область,10950,campaign,DEVICE_ALL,nested,10,овсянников косметика и парфюмерия официальный сайт,1,82
2026-09-23,овсянников косметика,Воронежская область,10672,campaign,DEVICE_ALL,nested,1,овсянников косметика,123,123
2026-09-23,овсянников косметика,Воронежская область,10672,campaign,DEVICE_ALL,nested,2,овсянников косметика и парфюмерия,20,123
2026-09-23,овсянников косметика,Воронежская область,10672,campaign,DEVICE_ALL,nested,3,российская косметика овсянников,16,123
2026-09-23,овсянников косметика,Воронежская область,10672,campaign,DEVICE_ALL,nested,4,овсянников косметика официальный,10,123
2026-09-23,овсянников косметика,Воронежская область,10672,campaign,DEVICE_ALL,nested,5,овсянников косметика бесплатно,6,123
2026-09-23,овсянников косметика,Воронежская область,10672,campaign,DEVICE_ALL,nested,6,косметика для бизнеса овсянников,6,123
2026-09-23,овсянников косметика,Воронежская область,10672,campaign,DEVICE_ALL,nested,7,овсянников косметика официальный сайт,5,123
2026-09-23,овсянников косметика,Воронежская область,10672,campaign,DEVICE_ALL,nested,8,овсянников бренд косметики,2,123
2026-09-23,овсянников косметика,Воронежская область,10672,campaign,DEVICE_ALL,nested,9,овсянников косметика пробники,2,123
2026-09-23,овсянников косметика,Воронежская область,10672,campaign,DEVICE_ALL,nested,10,овсянников косметика и парфюмерия официальный,1,123
2026-09-23,овсянников косметика,Воронежская область,10672,campaign,DEVICE_ALL,nested,11,овсянников косметика и парфюмерия официальный сайт,1,123
2026-09-23,овсянников косметика,Республика Мордовия,11117,campaign,DEVICE_ALL,nested,1,овсянников косметика,16,16
2026-09-23,овсянников косметика,Республика Мордовия,11117,campaign,DEVICE_ALL,nested,2,овсянников косметика официальный,1,16
2026-09-23,овсянников косметика,Республика Мордовия,11117,campaign,DEVICE_ALL,nested,3,овсянников косметика официальный сайт,1,16
2026-09-23,овсянников косметика,Орловская область,10772,campaign,DEVICE_ALL,nested,1,овсянников косметика,7,7
2026-09-23,овсянников косметика,Орловская область,10772,campaign,DEVICE_ALL,nested,2,овсянников бренд косметики,4,7
2026-09-23,овсянников косметика,Рязанская область,10776,campaign,DEVICE_ALL,nested,1,овсянников косметика,18,18
2026-09-23,овсянников косметика,Рязанская область,10776,campaign,DEVICE_ALL,nested,2,овсянников косметика и парфюмерия,2,18
2026-09-23,овсянников косметика,Рязанская область,10776,campaign,DEVICE_ALL,nested,3,овсянников бренд косметики,2,18
2026-09-23,овсянников косметика,Рязанская область,10776,campaign,DEVICE_ALL,nested,4,овсянников косметика официальный,2,18
2026-09-23,овсянников косметика,Рязанская область,10776,campaign,DEVICE_ALL,nested,5,овсянников косметика официальный сайт,2,18
2026-09-23,овсянников косметика,Ярославская область,10841,campaign,DEVICE_ALL,nested,1,овсянников косметика,90,90
2026-09-23,овсянников косметика,Ярославская область,10841,campaign,DEVICE_ALL,nested,2,овсянников косметика официальный,19,90
2026-09-23,овсянников косметика,Ярославская область,10841,campaign,DEVICE_ALL,nested,3,овсянников косметика официальный сайт,18,90
2026-09-23,овсянников косметика,Ярославская область,10841,campaign,DEVICE_ALL,nested,4,овсянников косметика и парфюмерия,6,90
2026-09-23,овсянников косметика,Ярославская область,10841,campaign,DEVICE_ALL,nested,5,овсянников косметика бесплатно,5,90
2026-09-23,овсянников косметика,Ярославская область,10841,campaign,DEVICE_ALL,nested,6,овсянников косметика и парфюмерия официальный,3,90
2026-09-23,овсянников косметика,Ярославская область,10841,campaign,DEVICE_ALL,nested,7,овсянников косметика и парфюмерия официальный сайт,3,90
2026-09-23,овсянников косметика,Ярославская область,10841,campaign,DEVICE_ALL,nested,8,овсянников бренд косметики,3,90
2026-09-23,овсянников косметика,Ярославская область,10841,campaign,DEVICE_ALL,nested,9,российская косметика овсянников,3,90
2026-09-23,овсянников косметика,Ярославская область,10841,campaign,DEVICE_ALL,nested,10,косметика для бизнеса овсянников,2,90
2026-09-23,овсянников косметика,Костромская область,10699,campaign,DEVICE_ALL,nested,1,овсянников косметика,50,50
2026-09-23,овсянников косметика,Костромская область,10699,campaign,DEVICE_ALL,nested,2,овсянников косметика официальный,6,50
2026-09-23,овсянников косметика,Костромская область,10699,campaign,DEVICE_ALL,nested,3,овсянников косметика официальный сайт,5,50
2026-09-23,овсянников косметика,Костромская область,10699,campaign,DEVICE_ALL,nested,4,овсянников косметика отзывы,4,50
2026-09-23,овсянников косметика,Костромская область,10699,campaign,DEVICE_ALL,nested,5,овсянников косметика и парфюмерия,2,50
2026-09-23,овсянников косметика,Костромская область,10699,campaign,DEVICE_ALL,nested,6,овсянников косметика и парфюмерия официальный,2,50
2026-09-23,овсянников косметика,Костромская область,10699,campaign,DEVICE_ALL,nested,7,овсянников косметика и парфюмерия официальный сайт,2,50
2026-09-23,овсянников косметика,Костромская область,10699,campaign,DEVICE_ALL,nested,8,овсянников косметика бесплатно,2,50
2026-09-23,овсянников косметика,Костромская область,10699,campaign,DEVICE_ALL,nested,9,косметика для бизнеса овсянников,1,50
2026-09-23,овсянников косметика,Костромская область,10699,campaign,DEVICE_ALL,nested,10,российская косметика овсянников,1,50
2026-09-23,овсянников косметика,Костромская область,10699,campaign,DEVICE_ALL,nested,11,овсянников бренд косметики,1,50
2026-09-23,овсянников косметика,Липецкая область,10712,campaign,DEVICE_ALL,nested,1,овсянников косметика,3,3
2026-09-23,овсянников косметика,Липецкая область,10712,campaign,DEVICE_ALL,nested,2,овсянников косметика где производят,1,3
2026-09-23,овсянников косметика,Республика Башкортостан,11111,campaign,DEVICE_ALL,nested,1,овсянников косметика,15,15
2026-09-23,овсянников косметика,Республика Башкортостан,11111,campaign,DEVICE_ALL,nested,2,овсянников косметика бесплатно,4,15
2026-09-23,овсянников косметика,Республика Башкортостан,11111,campaign,DEVICE_ALL,nested,3,овсянников косметика пробники,4,15
2026-09-23,овсянников косметика,Республика Башкортостан,11111,campaign,DEVICE_ALL,nested,4,овсянников косметика официальный,1,15
2026-09-23,овсянников косметика,Республика Башкортостан,11111,campaign,DEVICE_ALL,nested,5,овсянников косметика официальный сайт,1,15
2026-09-23,овсянников косметика,Новосибирская область,11316,campaign,DEVICE_ALL,nested,1,овсянников косметика,61,61
2026-09-23,овсянников косметика,Новосибирская область,11316,campaign,DEVICE_ALL,nested,2,овсянников косметика бесплатно,8,61
2026-09-23,овсянников косметика,Новосибирская область,11316,campaign,DEVICE_ALL,nested,3,овсянников косметика официальный,7,61
2026-09-23,овсянников косметика,Новосибирская область,11316,campaign,DEVICE_ALL,nested,4,овсянников косметика официальный сайт,6,61
2026-09-23,овсянников косметика,Новосибирская область,11316,campaign,DEVICE_ALL,nested,5,овсянников косметика и парфюмерия,6,61
2026-09-23,овсянников косметика,Новосибирская область,11316,campaign,DEVICE_ALL,nested,6,овсянников косметика пробники,6,61
2026-09-23,овсянников косметика,Новосибирская область,11316,campaign,DEVICE_ALL,nested,7,овсянников косметика и парфюмерия официальный,1,61
2026-09-23,овсянников косметика,Новосибирская область,11316,campaign,DEVICE_ALL,nested,8,овсянников косметика и парфюмерия официальный сайт,1,61
2026-09-23,овсянников косметика,Новосибирская область,11316,campaign,DEVICE_ALL,nested,9,российская косметика овсянников,1,61
2026-09-23,овсянников косметика,Саратовская область,11146,campaign,DEVICE_ALL,nested,1,овсянников косметика,50,50
2026-09-23,овсянников косметика,Саратовская область,11146,campaign,DEVICE_ALL,nested,2,овсянников косметика официальный,9,50
2026-09-23,овсянников косметика,Саратовская область,11146,campaign,DEVICE_ALL,nested,3,овсянников косметика официальный сайт,9,50
2026-09-23,овсянников косметика,Саратовская область,11146,campaign,DEVICE_ALL,nested,4,овсянников косметика и парфюмерия,2,50
2026-09-23,овсянников косметика,Саратовская область,11146,campaign,DEVICE_ALL,nested,5,овсянников косметика и парфюмерия официальный,2,50
2026-09-23,овсянников косметика,Саратовская область,11146,campaign,DEVICE_ALL,nested,6,овсянников косметика и парфюмерия официальный сайт,2,50
2026-09-23,овсянников косметика,Саратовская область,11146,campaign,DEVICE_ALL,nested,7,овсянников косметика бесплатно,1,50
2026-09-23,овсянников косметика,Томская область,11353,campaign,DEVICE_ALL,nested,1,овсянников косметика,14,14
2026-09-23,овсянников косметика,Томская область,11353,campaign,DEVICE_ALL,nested,2,овсянников косметика официальный,1,14
2026-09-23,овсянников косметика,Томская область,11353,campaign,DEVICE_ALL,nested,3,овсянников косметика официальный сайт,1,14
2026-09-23,овсянников косметика,Вологодская область,10853,campaign,DEVICE_ALL,nested,1,овсянников косметика,9,9
2026-09-23,овсянников косметика,Вологодская область,10853,campaign,DEVICE_ALL,nested,2,овсянников косметика официальный,2,9
2026-09-23,овсянников косметика,Вологодская область,10853,campaign,DEVICE_ALL,nested,3,овсянников косметика официальный сайт,2,9
2026-09-23,овсянников косметика,Алтайский край,11235,campaign,DEVICE_ALL,nested,1,овсянников косметика,5,5
2026-09-23,овсянников косметика,Алтайский край,11235,campaign,DEVICE_ALL,nested,2,овсянников бренд косметики,1,5
2026-09-23,овсянников косметика,Ивановская область,10687,campaign,DEVICE_ALL,nested,1,овсянников косметика,18,18
2026-09-23,овсянников косметика,Ивановская область,10687,campaign,DEVICE_ALL,nested,2,овсянников косметика отзывы,2,18
2026-09-23,овсянников косметика,Ивановская область,10687,campaign,DEVICE_ALL,nested,3,овсянников косметика и парфюмерия,1,18
2026-09-23,овсянников косметика,Ивановская область,10687,campaign,DEVICE_ALL,nested,4,овсянников косметика официальный,1,18
2026-09-23,овсянников косметика,Ивановская область,10687,campaign,DEVICE_ALL,nested,5,овсянников косметика официальный сайт,1,18
2026-09-23,овсянников косметика,Омская область,11318,campaign,DEVICE_ALL,nested,1,овсянников косметика,3,3
2026-09-23,овсянников косметика,Омская область,11318,campaign,DEVICE_ALL,nested,2,овсянников косметика официальный,1,3
2026-09-23,овсянников косметика,Омская область,11318,campaign,DEVICE_ALL,nested,3,овсянников косметика официальный сайт,1,3
2026-09-23,овсянников косметика,Астраханская область,10946,control,DEVICE_ALL,nested,1,овсянников косметика,2,2
2026-09-23,овсянников косметика,Пензенская область,11095,control,DEVICE_ALL,nested,1,овсянников косметика,2,2
2026-09-23,овсянников косметика,Ростовская область,11029,control,DEVICE_ALL,nested,1,овсянников косметика,19,19
2026-09-23,овсянников косметика,Ростовская область,11029,control,DEVICE_ALL,nested,2,российская косметика овсянников,1,19
2026-09-23,овсянников косметика,Ростовская область,11029,control,DEVICE_ALL,nested,3,овсянников парфюмированная косметика,1,19
2026-09-23,овсянников косметика,Тульская область,10832,control,DEVICE_ALL,nested,1,овсянников косметика,8,8
2026-09-23,овсянников косметика,Тульская область,10832,control,DEVICE_ALL,nested,2,овсянников косметика официальный,2,8
2026-09-23,овсянников косметика,Тульская область,10832,control,DEVICE_ALL,nested,3,овсянников косметика официальный сайт,2,8
2026-09-23,овсянников косметика,Тульская область,10832,control,DEVICE_ALL,nested,4,империя косметики овсянников,1,8
2026-09-23,овсянников купить,Тюменская область,11176,campaign,DEVICE_ALL,association,1,приобрести как пишется,90,4
2026-09-23,овсянников купить,Тюменская область,11176,campaign,DEVICE_ALL,association,2,купля продажа,13297,4
2026-09-23,овсянников купить,Тюменская область,11176,campaign,DEVICE_ALL,association,3,изт маркет,29,4
2026-09-23,овсянников купить,Тюменская область,11176,campaign,DEVICE_ALL,association,4,b2b продажи это,23,4
2026-09-23,овсянников купить,Тюменская область,11176,campaign,DEVICE_ALL,association,5,я покупаю,1377,4
2026-09-23,овсянников купить,Тюменская область,11176,campaign,DEVICE_ALL,association,6,моя цена,1244,4
2026-09-23,овсянников купить,Тюменская область,11176,campaign,DEVICE_ALL,association,7,b2b продажи что это,18,4
2026-09-23,овсянников купить,Тюменская область,11176,campaign,DEVICE_ALL,association,8,отдел продаж,923,4
2026-09-23,овсянников купить,Тюменская область,11176,campaign,DEVICE_ALL,association,9,наши цены,227,4
2026-09-23,овсянников купить,Тюменская область,11176,campaign,DEVICE_ALL,association,10,ты знаешь себе цену ты бесценна,6,4
2026-09-23,овсянников купить,Тюменская область,11176,campaign,DEVICE_ALL,association,11,мои покупки,202,4
2026-09-23,овсянников купить,Тюменская область,11176,campaign,DEVICE_ALL,association,12,b2c продажи что это,15,4
2026-09-23,овсянников купить,Тюменская область,11176,campaign,DEVICE_ALL,association,13,розничная цена это,34,4
2026-09-23,овсянников купить,Волгоградская область,10950,campaign,DEVICE_ALL,association,1,приобрести как пишется,123,10
2026-09-23,овсянников купить,Волгоградская область,10950,campaign,DEVICE_ALL,association,2,купля продажа,16670,10
2026-09-23,овсянников купить,Волгоградская область,10950,campaign,DEVICE_ALL,association,3,изт маркет,12,10
2026-09-23,овсянников купить,Волгоградская область,10950,campaign,DEVICE_ALL,association,4,b2b продажи это,26,10
2026-09-23,овсянников купить,Волгоградская область,10950,campaign,DEVICE_ALL,association,5,я покупаю,1842,10
2026-09-23,овсянников купить,Волгоградская область,10950,campaign,DEVICE_ALL,association,6,моя цена,2422,10
2026-09-23,овсянников купить,Волгоградская область,10950,campaign,DEVICE_ALL,association,7,b2b продажи что это,23,10
2026-09-23,овсянников купить,Волгоградская область,10950,campaign,DEVICE_ALL,association,8,отдел продаж,1298,10
2026-09-23,овсянников купить,Волгоградская область,10950,campaign,DEVICE_ALL,association,9,наши цены,501,10
2026-09-23,овсянников купить,Волгоградская область,10950,campaign,DEVICE_ALL,association,10,ты знаешь себе цену ты бесценна,6,10
2026-09-23,овсянников купить,Волгоградская область,10950,campaign,DEVICE_ALL,association,11,мои покупки,302,10
2026-09-23,овсянников купить,Волгоградская область,10950,campaign,DEVICE_ALL,association,12,b2c продажи что это,6,10
2026-09-23,овсянников купить,Волгоградская область,10950,campaign,DEVICE_ALL,association,13,розничная цена это,22,10
2026-09-23,овсянников купить,Воронежская область,10672,campaign,DEVICE_ALL,association,1,приобрести как пишется,204,2
2026-09-23,овсянников купить,Воронежская область,10672,campaign,DEVICE_ALL,association,2,купля продажа,18781,2
2026-09-23,овсянников купить,Воронежская область,10672,campaign,DEVICE_ALL,association,3,изт маркет,7,2
2026-09-23,овсянников купить,Воронежская область,10672,campaign,DEVICE_ALL,association,4,b2b продажи это,34,2
2026-09-23,овсянников купить,Воронежская область,10672,campaign,DEVICE_ALL,association,5,я покупаю,2140,2
2026-09-23,овсянников купить,Воронежская область,10672,campaign,DEVICE_ALL,association,6,моя цена,2049,2
2026-09-23,овсянников купить,Воронежская область,10672,campaign,DEVICE_ALL,association,7,b2b продажи что это,28,2
2026-09-23,овсянников купить,Воронежская область,10672,campaign,DEVICE_ALL,association,8,отдел продаж,1763,2
2026-09-23,овсянников купить,Воронежская область,10672,campaign,DEVICE_ALL,association,9,наши цены,309,2
2026-09-23,овсянников купить,Воронежская область,10672,campaign,DEVICE_ALL,association,10,ты знаешь себе цену ты бесценна,7,2
2026-09-23,овсянников купить,Воронежская область,10672,campaign,DEVICE_ALL,association,11,мои покупки,339,2
2026-09-23,овсянников купить,Воронежская область,10672,campaign,DEVICE_ALL,association,12,b2c продажи что это,16,2
2026-09-23,овсянников купить,Воронежская область,10672,campaign,DEVICE_ALL,association,13,розничная цена это,18,2
2026-09-23,овсянников купить,Орловская область,10772,campaign,DEVICE_ALL,association,1,приобрести как пишется,54,98
2026-09-23,овсянников купить,Орловская область,10772,campaign,DEVICE_ALL,association,2,купля продажа,6664,98
2026-09-23,овсянников купить,Орловская область,10772,campaign,DEVICE_ALL,association,3,изт маркет,2,98
2026-09-23,овсянников купить,Орловская область,10772,campaign,DEVICE_ALL,association,4,b2b продажи это,9,98
2026-09-23,овсянников купить,Орловская область,10772,campaign,DEVICE_ALL,association,5,я покупаю,808,98
2026-09-23,овсянников купить,Орловская область,10772,campaign,DEVICE_ALL,association,6,моя цена,742,98
2026-09-23,овсянников купить,Орловская область,10772,campaign,DEVICE_ALL,association,7,b2b продажи что это,7,98
2026-09-23,овсянников купить,Орловская область,10772,campaign,DEVICE_ALL,association,8,отдел продаж,287,98
2026-09-23,овсянников купить,Орловская область,10772,campaign,DEVICE_ALL,association,9,наши цены,121,98
2026-09-23,овсянников купить,Орловская область,10772,campaign,DEVICE_ALL,association,10,мои покупки,108,98
2026-09-23,овсянников купить,Орловская область,10772,campaign,DEVICE_ALL,association,11,b2c продажи что это,7,98
2026-09-23,овсянников купить,Орловская область,10772,campaign,DEVICE_ALL,association,12,розничная цена это,6,98
2026-09-23,овсянников купить,Ярославская область,10841,campaign,DEVICE_ALL,association,1,приобрести как пишется,62,11
2026-09-23,овсянников купить,Ярославская область,10841,campaign,DEVICE_ALL,association,2,купля продажа,12031,11
2026-09-23,овсянников купить,Ярославская область,10841,campaign,DEVICE_ALL,association,3,изт маркет,4,11
2026-09-23,овсянников купить,Ярославская область,10841,campaign,DEVICE_ALL,association,4,b2b продажи это,20,11
2026-09-23,овсянников купить,Ярославская область,10841,campaign,DEVICE_ALL,association,5,я покупаю,1038,11
2026-09-23,овсянников купить,Ярославская область,10841,campaign,DEVICE_ALL,association,6,моя цена,1333,11
2026-09-23,овсянников купить,Ярославская область,10841,campaign,DEVICE_ALL,association,7,b2b продажи что это,15,11
2026-09-23,овсянников купить,Ярославская область,10841,campaign,DEVICE_ALL,association,8,отдел продаж,878,11
2026-09-23,овсянников купить,Ярославская область,10841,campaign,DEVICE_ALL,association,9,какие монеты ценятся сейчас и их цена,10,11
2026-09-23,овсянников купить,Ярославская область,10841,campaign,DEVICE_ALL,association,10,наши цены,226,11
2026-09-23,овсянников купить,Ярославская область,10841,campaign,DEVICE_ALL,association,11,мсг37 рф прайс листы,1,11
2026-09-23,овсянников купить,Ярославская область,10841,campaign,DEVICE_ALL,association,12,ты знаешь себе цену ты бесценна,5,11
2026-09-23,овсянников купить,Ярославская область,10841,campaign,DEVICE_ALL,association,13,мои покупки,248,11
2026-09-23,овсянников купить,Ярославская область,10841,campaign,DEVICE_ALL,association,14,b2c продажи что это,4,11
2026-09-23,овсянников купить,Ярославская область,10841,campaign,DEVICE_ALL,association,15,розничная цена это,12,11
2026-09-23,овсянников купить,Костромская область,10699,campaign,DEVICE_ALL,association,1,приобрести как пишется,29,29
2026-09-23,овсянников купить,Костромская область,10699,campaign,DEVICE_ALL,association,2,купля продажа,5614,29
2026-09-23,овсянников купить,Костромская область,10699,campaign,DEVICE_ALL,association,3,изт маркет,1,29
2026-09-23,овсянников купить,Костромская область,10699,campaign,DEVICE_ALL,association,4,b2b продажи это,10,29
2026-09-23,овсянников купить,Костромская область,10699,campaign,DEVICE_ALL,association,5,я покупаю,431,29
2026-09-23,овсянников купить,Костромская область,10699,campaign,DEVICE_ALL,association,6,моя цена,320,29
2026-09-23,овсянников купить,Костромская область,10699,campaign,DEVICE_ALL,association,7,b2b продажи что это,7,29
2026-09-23,овсянников купить,Костромская область,10699,campaign,DEVICE_ALL,association,8,отдел продаж,269,29
2026-09-23,овсянников купить,Костромская область,10699,campaign,DEVICE_ALL,association,9,какие монеты ценятся сейчас и их цена,3,29
2026-09-23,овсянников купить,Костромская область,10699,campaign,DEVICE_ALL,association,10,наши цены,143,29
2026-09-23,овсянников купить,Костромская область,10699,campaign,DEVICE_ALL,association,11,мсг37 рф прайс листы,3,29
2026-09-23,овсянников купить,Костромская область,10699,campaign,DEVICE_ALL,association,12,мои покупки,108,29
2026-09-23,овсянников купить,Костромская область,10699,campaign,DEVICE_ALL,association,13,b2c продажи что это,2,29
2026-09-23,овсянников купить,Костромская область,10699,campaign,DEVICE_ALL,association,14,розничная цена это,1,29
2026-09-23,овсянников купить,Республика Башкортостан,11111,campaign,DEVICE_ALL,association,1,приобрести как пишется,213,15
2026-09-23,овсянников купить,Республика Башкортостан,11111,campaign,DEVICE_ALL,association,2,купля продажа,26863,15
2026-09-23,овсянников купить,Республика Башкортостан,11111,campaign,DEVICE_ALL,association,3,изт маркет,28,15
2026-09-23,овсянников купить,Республика Башкортостан,11111,campaign,DEVICE_ALL,association,4,b2b продажи это,58,15
2026-09-23,овсянников купить,Республика Башкортостан,11111,campaign,DEVICE_ALL,association,5,я покупаю,2687,15
2026-09-23,овсянников купить,Республика Башкортостан,11111,campaign,DEVICE_ALL,association,6,моя цена,2421,15
2026-09-23,овсянников купить,Республика Башкортостан,11111,campaign,DEVICE_ALL,association,7,b2b продажи что это,37,15
2026-09-23,овсянников купить,Республика Башкортостан,11111,campaign,DEVICE_ALL,association,8,отдел продаж,2178,15
2026-09-23,овсянников купить,Республика Башкортостан,11111,campaign,DEVICE_ALL,association,9,какие монеты ценятся сейчас и их цена,32,15
2026-09-23,овсянников купить,Республика Башкортостан,11111,campaign,DEVICE_ALL,association,10,наши цены,471,15
2026-09-23,овсянников купить,Республика Башкортостан,11111,campaign,DEVICE_ALL,association,11,ты знаешь себе цену ты бесценна,9,15
2026-09-23,овсянников купить,Республика Башкортостан,11111,campaign,DEVICE_ALL,association,12,мои покупки,731,15
2026-09-23,овсянников купить,Республика Башкортостан,11111,campaign,DEVICE_ALL,association,13,b2c продажи что это,15,15
2026-09-23,овсянников купить,Республика Башкортостан,11111,campaign,DEVICE_ALL,association,14,розничная цена это,41,15
2026-09-23,овсянников купить,Новосибирская область,11316,campaign,DEVICE_ALL,association,1,приобрести как пишется,203,15
2026-09-23,овсянников купить,Новосибирская область,11316,campaign,DEVICE_ALL,association,2,купля продажа,25675,15
2026-09-23,овсянников купить,Новосибирская область,11316,campaign,DEVICE_ALL,association,3,изт маркет,29,15
2026-09-23,овсянников купить,Новосибирская область,11316,campaign,DEVICE_ALL,association,4,b2b продажи это,82,15
2026-09-23,овсянников купить,Новосибирская область,11316,campaign,DEVICE_ALL,association,5,я покупаю,2434,15
2026-09-23,овсянников купить,Новосибирская область,11316,campaign,DEVICE_ALL,association,6,моя цена,2234,15
2026-09-23,овсянников купить,Новосибирская область,11316,campaign,DEVICE_ALL,association,7,b2b продажи что это,52,15
2026-09-23,овсянников купить,Новосибирская область,11316,campaign,DEVICE_ALL,association,8,отдел продаж,2254,15
2026-09-23,овсянников купить,Новосибирская область,11316,campaign,DEVICE_ALL,association,9,наши цены,349,15
2026-09-23,овсянников купить,Новосибирская область,11316,campaign,DEVICE_ALL,association,10,ты знаешь себе цену ты бесценна,15,15
2026-09-23,овсянников купить,Новосибирская область,11316,campaign,DEVICE_ALL,association,11,мои покупки,410,15
2026-09-23,овсянников купить,Новосибирская область,11316,campaign,DEVICE_ALL,association,12,b2c продажи что это,16,15
2026-09-23,овсянников купить,Новосибирская область,11316,campaign,DEVICE_ALL,association,13,розничная цена это,30,15
2026-09-23,овсянников купить,Саратовская область,11146,campaign,DEVICE_ALL,association,1,приобрести как пишется,120,10
2026-09-23,овсянников купить,Саратовская область,11146,campaign,DEVICE_ALL,association,2,купля продажа,17796,10
2026-09-23,овсянников купить,Саратовская область,11146,campaign,DEVICE_ALL,association,3,изт маркет,5,10
2026-09-23,овсянников купить,Саратовская область,11146,campaign,DEVICE_ALL,association,4,b2b продажи это,35,10
2026-09-23,овсянников купить,Саратовская область,11146,campaign,DEVICE_ALL,association,5,я покупаю,1642,10
2026-09-23,овсянников купить,Саратовская область,11146,campaign,DEVICE_ALL,association,6,моя цена,3045,10
2026-09-23,овсянников купить,Саратовская область,11146,campaign,DEVICE_ALL,association,7,b2b продажи что это,25,10
2026-09-23,овсянников купить,Саратовская область,11146,campaign,DEVICE_ALL,association,8,отдел продаж,987,10
2026-09-23,овсянников купить,Саратовская область,11146,campaign,DEVICE_ALL,association,9,какие монеты ценятся сейчас и их цена,5,10
2026-09-23,овсянников купить,Саратовская область,11146,campaign,DEVICE_ALL,association,10,наши цены,266,10
2026-09-23,овсянников купить,Саратовская область,11146,campaign,DEVICE_ALL,association,11,ты знаешь себе цену ты бесценна,5,10
2026-09-23,овсянников купить,Саратовская область,11146,campaign,DEVICE_ALL,association,12,мои покупки,325,10
2026-09-23,овсянников купить,Саратовская область,11146,campaign,DEVICE_ALL,association,13,b2c продажи что это,10,10
2026-09-23,овсянников купить,Саратовская область,11146,campaign,DEVICE_ALL,association,14,розничная цена это,25,10
2026-09-23,овсянников купить,Томская область,11353,campaign,DEVICE_ALL,association,1,приобрести как пишется,54,1
2026-09-23,овсянников купить,Томская область,11353,campaign,DEVICE_ALL,association,2,купля продажа,7257,1
2026-09-23,овсянников купить,Томская область,11353,campaign,DEVICE_ALL,association,3,изт маркет,4,1
2026-09-23,овсянников купить,Томская область,11353,campaign,DEVICE_ALL,association,4,b2b продажи это,11,1
2026-09-23,овсянников купить,Томская область,11353,campaign,DEVICE_ALL,association,5,я покупаю,648,1
2026-09-23,овсянников купить,Томская область,11353,campaign,DEVICE_ALL,association,6,моя цена,600,1
2026-09-23,овсянников купить,Томская область,11353,campaign,DEVICE_ALL,association,7,b2b продажи что это,10,1
2026-09-23,овсянников купить,Томская область,11353,campaign,DEVICE_ALL,association,8,отдел продаж,452,1
2026-09-23,овсянников купить,Томская область,11353,campaign,DEVICE_ALL,association,9,какие монеты ценятся сейчас и их цена,3,1
2026-09-23,овсянников купить,Томская область,11353,campaign,DEVICE_ALL,association,10,наши цены,83,1
2026-09-23,овсянников купить,Томская область,11353,campaign,DEVICE_ALL,association,11,ты знаешь себе цену ты бесценна,1,1
2026-09-23,овсянников купить,Томская область,11353,campaign,DEVICE_ALL,association,12,мои покупки,139,1
2026-09-23,овсянников купить,Томская область,11353,campaign,DEVICE_ALL,association,13,b2c продажи что это,7,1
2026-09-23,овсянников купить,Томская область,11353,campaign,DEVICE_ALL,association,14,розничная цена это,10,1
2026-09-23,овсянников купить,Вологодская область,10853,campaign,DEVICE_ALL,association,1,приобрести как пишется,66,2
2026-09-23,овсянников купить,Вологодская область,10853,campaign,DEVICE_ALL,association,2,купля продажа,10863,2
2026-09-23,овсянников купить,Вологодская область,10853,campaign,DEVICE_ALL,association,3,изт маркет,2,2
2026-09-23,овсянников купить,Вологодская область,10853,campaign,DEVICE_ALL,association,4,b2b продажи это,24,2
2026-09-23,овсянников купить,Вологодская область,10853,campaign,DEVICE_ALL,association,5,я покупаю,1036,2
2026-09-23,овсянников купить,Вологодская область,10853,campaign,DEVICE_ALL,association,6,моя цена,977,2
2026-09-23,овсянников купить,Вологодская область,10853,campaign,DEVICE_ALL,association,7,b2b продажи что это,21,2
2026-09-23,овсянников купить,Вологодская область,10853,campaign,DEVICE_ALL,association,8,отдел продаж,585,2
2026-09-23,овсянников купить,Вологодская область,10853,campaign,DEVICE_ALL,association,9,наши цены,218,2
2026-09-23,овсянников купить,Вологодская область,10853,campaign,DEVICE_ALL,association,10,ты знаешь себе цену ты бесценна,6,2
2026-09-23,овсянников купить,Вологодская область,10853,campaign,DEVICE_ALL,association,11,мои покупки,178,2
2026-09-23,овсянников купить,Вологодская область,10853,campaign,DEVICE_ALL,association,12,b2c продажи что это,5,2
2026-09-23,овсянников купить,Вологодская область,10853,campaign,DEVICE_ALL,association,13,розничная цена это,5,2
2026-09-23,овсянников купить,Алтайский край,11235,campaign,DEVICE_ALL,association,1,авито заринск недвижимость дома продажа,101,1
2026-09-23,овсянников купить,Алтайский край,11235,campaign,DEVICE_ALL,association,2,авито кровать домик,7,1
2026-09-23,овсянников купить,Алтайский край,11235,campaign,DEVICE_ALL,association,3,солома купить на авито,61,1
2026-09-23,овсянников купить,Ивановская область,10687,campaign,DEVICE_ALL,association,1,приобрести как пишется,42,15
2026-09-23,овсянников купить,Ивановская область,10687,campaign,DEVICE_ALL,association,2,купля продажа,8040,15
2026-09-23,овсянников купить,Ивановская область,10687,campaign,DEVICE_ALL,association,3,b2b продажи это,22,15
2026-09-23,овсянников купить,Ивановская область,10687,campaign,DEVICE_ALL,association,4,я покупаю,707,15
2026-09-23,овсянников купить,Ивановская область,10687,campaign,DEVICE_ALL,association,5,моя цена,1218,15
2026-09-23,овсянников купить,Ивановская область,10687,campaign,DEVICE_ALL,association,6,b2b продажи что это,16,15
2026-09-23,овсянников купить,Ивановская область,10687,campaign,DEVICE_ALL,association,7,отдел продаж,531,15
2026-09-23,овсянников купить,Ивановская область,10687,campaign,DEVICE_ALL,association,8,наши цены,210,15
2026-09-23,овсянников купить,Ивановская область,10687,campaign,DEVICE_ALL,association,9,мсг37 рф прайс листы,1032,15
2026-09-23,овсянников купить,Ивановская область,10687,campaign,DEVICE_ALL,association,10,ты знаешь себе цену ты бесценна,2,15
2026-09-23,овсянников купить,Ивановская область,10687,campaign,DEVICE_ALL,association,11,мои покупки,131,15
2026-09-23,овсянников купить,Ивановская область,10687,campaign,DEVICE_ALL,association,12,b2c продажи что это,3,15
2026-09-23,овсянников купить,Ивановская область,10687,campaign,DEVICE_ALL,association,13,розничная цена это,10,15
2026-09-23,овсянников купить,Кемеровская область,11282,control,DEVICE_ALL,association,1,домик на окраине,51,2
2026-09-23,овсянников купить,Кемеровская область,11282,control,DEVICE_ALL,association,2,договор купли продажи дома,476,2
2026-09-23,овсянников купить,Кемеровская область,11282,control,DEVICE_ALL,association,3,продажа домов,14267,2
2026-09-23,овсянников купить,Кемеровская область,11282,control,DEVICE_ALL,association,4,модульный домик,96,2
2026-09-23,овсянников купить,Кемеровская область,11282,control,DEVICE_ALL,association,5,покупка дома,2082,2
2026-09-23,овсянников купить,Кемеровская область,11282,control,DEVICE_ALL,association,6,домик лесника,49,2
2026-09-23,овсянников купить,Кемеровская область,11282,control,DEVICE_ALL,association,7,продается дом,674,2
2026-09-23,овсянников купить,Кемеровская область,11282,control,DEVICE_ALL,association,8,дачные домики под ключ недорого цены,19,2
2026-09-23,овсянников купить,Кемеровская область,11282,control,DEVICE_ALL,association,9,модульный домик для дачи,16,2
2026-09-23,овсянников купить,Кемеровская область,11282,control,DEVICE_ALL,association,10,дом на продажу,2370,2
2026-09-23,овсянников купить,Кемеровская область,11282,control,DEVICE_ALL,association,11,молитва на продажу дома и земельного участка,8,2
2026-09-23,овсянников купить,Кемеровская область,11282,control,DEVICE_ALL,association,12,модульный дом цена,384,2
2026-09-23,овсянников купить,Кемеровская область,11282,control,DEVICE_ALL,association,13,документы для продажи дома,71,2
2026-09-23,овсянников купить,Кемеровская область,11282,control,DEVICE_ALL,association,14,купить домик для дачи,30,2
2026-09-23,овсянников купить,Кировская область,11070,control,DEVICE_ALL,association,1,приобрести как пишется,90,10
2026-09-23,овсянников купить,Кировская область,11070,control,DEVICE_ALL,association,2,купля продажа,10880,10
2026-09-23,овсянников купить,Кировская область,11070,control,DEVICE_ALL,association,3,изт маркет,2,10
2026-09-23,овсянников купить,Кировская область,11070,control,DEVICE_ALL,association,4,b2b продажи это,15,10
2026-09-23,овсянников купить,Кировская область,11070,control,DEVICE_ALL,association,5,я покупаю,910,10
2026-09-23,овсянников купить,Кировская область,11070,control,DEVICE_ALL,association,6,моя цена,1008,10
2026-09-23,овсянников купить,Кировская область,11070,control,DEVICE_ALL,association,7,b2b продажи что это,12,10
2026-09-23,овсянников купить,Кировская область,11070,control,DEVICE_ALL,association,8,отдел продаж,852,10
2026-09-23,овсянников купить,Кировская область,11070,control,DEVICE_ALL,association,9,какие монеты ценятся сейчас и их цена,8,10
2026-09-23,овсянников купить,Кировская область,11070,control,DEVICE_ALL,association,10,наши цены,243,10
2026-09-23,овсянников купить,Кировская область,11070,control,DEVICE_ALL,association,11,ты знаешь себе цену ты бесценна,1,10
2026-09-23,овсянников купить,Кировская область,11070,control,DEVICE_ALL,association,12,мои покупки,177,10
2026-09-23,овсянников купить,Кировская область,11070,control,DEVICE_ALL,association,13,b2c продажи что это,2,10
2026-09-23,овсянников купить,Кировская область,11070,control,DEVICE_ALL,association,14,розничная цена это,15,10
2026-09-23,овсянников купить,Ростовская область,11029,control,DEVICE_ALL,association,1,приобрести как пишется,248,10
2026-09-23,овсянников купить,Ростовская область,11029,control,DEVICE_ALL,association,2,купля продажа,33599,10
2026-09-23,овсянников купить,Ростовская область,11029,control,DEVICE_ALL,association,3,изт маркет,16,10
2026-09-23,овсянников купить,Ростовская область,11029,control,DEVICE_ALL,association,4,b2b продажи это,86,10
2026-09-23,овсянников купить,Ростовская область,11029,control,DEVICE_ALL,association,5,я покупаю,3660,10
2026-09-23,овсянников купить,Ростовская область,11029,control,DEVICE_ALL,association,6,моя цена,4281,10
2026-09-23,овсянников купить,Ростовская область,11029,control,DEVICE_ALL,association,7,b2b продажи что это,54,10
2026-09-23,овсянников купить,Ростовская область,11029,control,DEVICE_ALL,association,8,отдел продаж,2596,10
2026-09-23,овсянников купить,Ростовская область,11029,control,DEVICE_ALL,association,9,какие монеты ценятся сейчас и их цена,39,10
2026-09-23,овсянников купить,Ростовская область,11029,control,DEVICE_ALL,association,10,наши цены,849,10
2026-09-23,овсянников купить,Ростовская область,11029,control,DEVICE_ALL,association,11,ты знаешь себе цену ты бесценна,13,10
2026-09-23,овсянников купить,Ростовская область,11029,control,DEVICE_ALL,association,12,мои покупки,556,10
2026-09-23,овсянников купить,Ростовская область,11029,control,DEVICE_ALL,association,13,b2c продажи что это,10,10
2026-09-23,овсянников купить,Ростовская область,11029,control,DEVICE_ALL,association,14,розничная цена это,54,10
2026-09-23,овсянников купить,Тульская область,10832,control,DEVICE_ALL,association,1,приобрести как пишется,100,4
2026-09-23,овсянников купить,Тульская область,10832,control,DEVICE_ALL,association,2,купля продажа,11799,4
2026-09-23,овсянников купить,Тульская область,10832,control,DEVICE_ALL,association,3,изт маркет,3,4
2026-09-23,овсянников купить,Тульская область,10832,control,DEVICE_ALL,association,4,b2b продажи это,21,4
2026-09-23,овсянников купить,Тульская область,10832,control,DEVICE_ALL,association,5,я покупаю,1038,4
2026-09-23,овсянников купить,Тульская область,10832,control,DEVICE_ALL,association,6,моя цена,1083,4
2026-09-23,овсянников купить,Тульская область,10832,control,DEVICE_ALL,association,7,b2b продажи что это,14,4
2026-09-23,овсянников купить,Тульская область,10832,control,DEVICE_ALL,association,8,отдел продаж,677,4
2026-09-23,овсянников купить,Тульская область,10832,control,DEVICE_ALL,association,9,наши цены,167,4
2026-09-23,овсянников купить,Тульская область,10832,control,DEVICE_ALL,association,10,ты знаешь себе цену ты бесценна,4,4
2026-09-23,овсянников купить,Тульская область,10832,control,DEVICE_ALL,association,11,мои покупки,297,4
2026-09-23,овсянников купить,Тульская область,10832,control,DEVICE_ALL,association,12,b2c продажи что это,3,4
2026-09-23,овсянников купить,Тульская область,10832,control,DEVICE_ALL,association,13,розничная цена это,17,4
2026-09-23,овсянников купить,Тюменская область,11176,campaign,DEVICE_ALL,nested,1,овсянников купить,4,4
2026-09-23,овсянников купить,Тюменская область,11176,campaign,DEVICE_ALL,nested,2,купить дом в овсянниково,2,4
2026-09-23,овсянников купить,Тюменская область,11176,campaign,DEVICE_ALL,nested,3,купить дом в деревне овсянниково,1,4
2026-09-23,овсянников купить,Волгоградская область,10950,campaign,DEVICE_ALL,nested,1,овсянников купить,10,10
2026-09-23,овсянников купить,Волгоградская область,10950,campaign,DEVICE_ALL,nested,2,овсянников мыло купить,7,10
2026-09-23,овсянников купить,Воронежская область,10672,campaign,DEVICE_ALL,nested,1,овсянников купить,2,2
2026-09-23,овсянников купить,Орловская область,10772,campaign,DEVICE_ALL,nested,1,овсянников купить,98,98
2026-09-23,овсянников купить,Орловская область,10772,campaign,DEVICE_ALL,nested,2,овсянниково орел купить,72,98
2026-09-23,овсянников купить,Орловская область,10772,campaign,DEVICE_ALL,nested,3,купить дом в овсянниково,66,98
2026-09-23,овсянников купить,Орловская область,10772,campaign,DEVICE_ALL,nested,4,купить дом в овсянниково орел,52,98
2026-09-23,овсянников купить,Орловская область,10772,campaign,DEVICE_ALL,nested,5,купить дом в деревне овсянниково,50,98
2026-09-23,овсянников купить,Орловская область,10772,campaign,DEVICE_ALL,nested,6,авито овсянников купить дом,45,98
2026-09-23,овсянников купить,Орловская область,10772,campaign,DEVICE_ALL,nested,7,авито орел купить купить дом овсянниково,45,98
2026-09-23,овсянников купить,Орловская область,10772,campaign,DEVICE_ALL,nested,8,купить дом в деревне овсянниково город орел,9,98
2026-09-23,овсянников купить,Орловская область,10772,campaign,DEVICE_ALL,nested,9,купить дом в овсянниково орловский район,8,98
2026-09-23,овсянников купить,Орловская область,10772,campaign,DEVICE_ALL,nested,10,купить участок в овсянниково,4,98
2026-09-23,овсянников купить,Орловская область,10772,campaign,DEVICE_ALL,nested,11,купить дом д овсянниково,3,98
2026-09-23,овсянников купить,Ярославская область,10841,campaign,DEVICE_ALL,nested,1,овсянников купить,11,11
2026-09-23,овсянников купить,Ярославская область,10841,campaign,DEVICE_ALL,nested,2,овсянников мыло купить,5,11
2026-09-23,овсянников купить,Ярославская область,10841,campaign,DEVICE_ALL,nested,3,овсянников крем для рук купить,3,11
2026-09-23,овсянников купить,Ярославская область,10841,campaign,DEVICE_ALL,nested,4,овсянников крем купить,3,11
2026-09-23,овсянников купить,Костромская область,10699,campaign,DEVICE_ALL,nested,1,овсянников купить,29,29
2026-09-23,овсянников купить,Костромская область,10699,campaign,DEVICE_ALL,nested,2,спартак купить овсянникова рпл,21,29
2026-09-23,овсянников купить,Республика Башкортостан,11111,campaign,DEVICE_ALL,nested,1,овсянников купить,15,15
2026-09-23,овсянников купить,Республика Башкортостан,11111,campaign,DEVICE_ALL,nested,2,овсянников где купить,2,15
2026-09-23,овсянников купить,Новосибирская область,11316,campaign,DEVICE_ALL,nested,1,овсянников купить,15,15
2026-09-23,овсянников купить,Саратовская область,11146,campaign,DEVICE_ALL,nested,1,овсянников купить,10,10
2026-09-23,овсянников купить,Саратовская область,11146,campaign,DEVICE_ALL,nested,2,овсянников крем для рук купить,2,10
2026-09-23,овсянников купить,Саратовская область,11146,campaign,DEVICE_ALL,nested,3,овсянников крем купить,2,10
2026-09-23,овсянников купить,Томская область,11353,campaign,DEVICE_ALL,nested,1,овсянников купить,1,1
2026-09-23,овсянников купить,Вологодская область,10853,campaign,DEVICE_ALL,nested,1,овсянников купить,2,2
2026-09-23,овсянников купить,Алтайский край,11235,campaign,DEVICE_ALL,nested,1,авито овсянников купить дом,1,1
2026-09-23,овсянников купить,Алтайский край,11235,campaign,DEVICE_ALL,nested,2,купить дом овсянниково,1,1
2026-09-23,овсянников купить,Алтайский край,11235,campaign,DEVICE_ALL,nested,3,овсянников купить,1,1
2026-09-23,овсянников купить,Ивановская область,10687,campaign,DEVICE_ALL,nested,1,овсянников купить,15,15
2026-09-23,овсянников купить,Ивановская область,10687,campaign,DEVICE_ALL,nested,2,купить дом в овсянниково,11,15
2026-09-23,овсянников купить,Ивановская область,10687,campaign,DEVICE_ALL,nested,3,купить дом в овсянниково шуйский район,8,15
2026-09-23,овсянников купить,Ивановская область,10687,campaign,DEVICE_ALL,nested,4,овсянников где купить,2,15
2026-09-23,овсянников купить,Ивановская область,10687,campaign,DEVICE_ALL,nested,5,купить дом в деревне овсянниково,2,15
2026-09-23,овсянников купить,Ивановская область,10687,campaign,DEVICE_ALL,nested,6,купить дом д овсянниково,1,15
2026-09-23,овсянников купить,Кемеровская область,11282,control,DEVICE_ALL,nested,1,купить дом в овсянниково,2,2
2026-09-23,овсянников купить,Кемеровская область,11282,control,DEVICE_ALL,nested,2,овсянников купить,2,2
2026-09-23,овсянников купить,Кировская область,11070,control,DEVICE_ALL,nested,1,овсянников купить,10,10
2026-09-23,овсянников купить,Кировская область,11070,control,DEVICE_ALL,nested,2,авито овсянников купить дом,2,10
2026-09-23,овсянников купить,Кировская область,11070,control,DEVICE_ALL,nested,3,овсянников мыло купить,2,10
2026-09-23,овсянников купить,Кировская область,11070,control,DEVICE_ALL,nested,4,овсянников черный перец купить,2,10
2026-09-23,овсянников купить,Ростовская область,11029,control,DEVICE_ALL,nested,1,овсянников купить,10,10
2026-09-23,овсянников купить,Ростовская область,11029,control,DEVICE_ALL,nested,2,овсянников мыло жидкое купить,3,10
2026-09-23,овсянников купить,Ростовская область,11029,control,DEVICE_ALL,nested,3,овсянников мыло купить,3,10
2026-09-23,овсянников купить,Ростовская область,11029,control,DEVICE_ALL,nested,4,купить дом овсянниково,2,10
2026-09-23,овсянников купить,Ростовская область,11029,control,DEVICE_ALL,nested,5,куплю дом деревне овсянников,1,10
2026-09-23,овсянников купить,Ростовская область,11029,control,DEVICE_ALL,nested,6,купить участок в овсянниково,1,10
2026-09-23,овсянников купить,Тульская область,10832,control,DEVICE_ALL,nested,1,овсянников купить,4,4
2026-09-23,овсянников купить,Тульская область,10832,control,DEVICE_ALL,nested,2,купить дом в овсянниково,1,4
2026-09-23,овсянников купить,Тульская область,10832,control,DEVICE_ALL,nested,3,купить дом д овсянниково,1,4
2026-09-23,овсянников мыло,Тюменская область,11176,campaign,DEVICE_ALL,association,1,дегтярное мыло,702,10
2026-09-23,овсянников мыло,Тюменская область,11176,campaign,DEVICE_ALL,association,2,дегтярное мыло для чего,121,10
2026-09-23,овсянников мыло,Тюменская область,11176,campaign,DEVICE_ALL,association,3,марсельское мыло,14,10
2026-09-23,овсянников мыло,Тюменская область,11176,campaign,DEVICE_ALL,association,4,мыление мыла,1,10
2026-09-23,овсянников мыло,Тюменская область,11176,campaign,DEVICE_ALL,association,5,кокосовое хозяйственное мыло,12,10
2026-09-23,овсянников мыло,Тюменская область,11176,campaign,DEVICE_ALL,association,6,soap skin,17,10
2026-09-23,овсянников мыло,Тюменская область,11176,campaign,DEVICE_ALL,association,7,мыло земляничное,14,10
2026-09-23,овсянников мыло,Тюменская область,11176,campaign,DEVICE_ALL,association,8,можно ли умываться мылом,12,10
2026-09-23,овсянников мыло,Тюменская область,11176,campaign,DEVICE_ALL,association,9,можно ли умываться дегтярным мылом,3,10
2026-09-23,овсянников мыло,Тюменская область,11176,campaign,DEVICE_ALL,association,10,можно ли мыть лицо дегтярным мылом,2,10
2026-09-23,овсянников мыло,Волгоградская область,10950,campaign,DEVICE_ALL,association,1,дегтярное мыло,1055,19
2026-09-23,овсянников мыло,Волгоградская область,10950,campaign,DEVICE_ALL,association,2,дегтярное мыло для чего,196,19
2026-09-23,овсянников мыло,Волгоградская область,10950,campaign,DEVICE_ALL,association,3,марсельское мыло,15,19
2026-09-23,овсянников мыло,Волгоградская область,10950,campaign,DEVICE_ALL,association,4,мыление мыла,2,19
2026-09-23,овсянников мыло,Волгоградская область,10950,campaign,DEVICE_ALL,association,5,кокосовое хозяйственное мыло,4,19
2026-09-23,овсянников мыло,Волгоградская область,10950,campaign,DEVICE_ALL,association,6,soap skin,33,19
2026-09-23,овсянников мыло,Волгоградская область,10950,campaign,DEVICE_ALL,association,7,мыло земляничное,10,19
2026-09-23,овсянников мыло,Волгоградская область,10950,campaign,DEVICE_ALL,association,8,можно ли умываться мылом,31,19
2026-09-23,овсянников мыло,Волгоградская область,10950,campaign,DEVICE_ALL,association,9,можно ли умываться дегтярным мылом,6,19
2026-09-23,овсянников мыло,Волгоградская область,10950,campaign,DEVICE_ALL,association,10,можно ли мыться дегтярным мылом,9,19
2026-09-23,овсянников мыло,Волгоградская область,10950,campaign,DEVICE_ALL,association,11,можно ли мыть лицо дегтярным мылом,1,19
2026-09-23,овсянников мыло,Воронежская область,10672,campaign,DEVICE_ALL,association,1,дегтярное мыло,1118,15
2026-09-23,овсянников мыло,Воронежская область,10672,campaign,DEVICE_ALL,association,2,дегтярное мыло для чего,181,15
2026-09-23,овсянников мыло,Воронежская область,10672,campaign,DEVICE_ALL,association,3,марсельское мыло,34,15
2026-09-23,овсянников мыло,Воронежская область,10672,campaign,DEVICE_ALL,association,4,мыление мыла,10,15
2026-09-23,овсянников мыло,Воронежская область,10672,campaign,DEVICE_ALL,association,5,кокосовое хозяйственное мыло,52,15
2026-09-23,овсянников мыло,Воронежская область,10672,campaign,DEVICE_ALL,association,6,soap skin,24,15
2026-09-23,овсянников мыло,Воронежская область,10672,campaign,DEVICE_ALL,association,7,мыло земляничное,15,15
2026-09-23,овсянников мыло,Воронежская область,10672,campaign,DEVICE_ALL,association,8,можно ли умываться мылом,12,15
2026-09-23,овсянников мыло,Воронежская область,10672,campaign,DEVICE_ALL,association,9,можно ли умываться дегтярным мылом,1,15
2026-09-23,овсянников мыло,Воронежская область,10672,campaign,DEVICE_ALL,association,10,можно ли мыться дегтярным мылом,3,15
2026-09-23,овсянников мыло,Воронежская область,10672,campaign,DEVICE_ALL,association,11,можно ли мыть лицо дегтярным мылом,2,15
2026-09-23,овсянников мыло,Воронежская область,10672,campaign,DEVICE_ALL,association,12,зеленое мыло от мучнистого червеца,7,15
2026-09-23,овсянников мыло,Орловская область,10772,campaign,DEVICE_ALL,association,1,дегтярное мыло,408,2
2026-09-23,овсянников мыло,Орловская область,10772,campaign,DEVICE_ALL,association,2,дегтярное мыло для чего,45,2
2026-09-23,овсянников мыло,Орловская область,10772,campaign,DEVICE_ALL,association,3,марсельское мыло,3,2
2026-09-23,овсянников мыло,Орловская область,10772,campaign,DEVICE_ALL,association,4,кокосовое хозяйственное мыло,7,2
2026-09-23,овсянников мыло,Орловская область,10772,campaign,DEVICE_ALL,association,5,soap skin,2,2
2026-09-23,овсянников мыло,Орловская область,10772,campaign,DEVICE_ALL,association,6,мыло земляничное,2,2
2026-09-23,овсянников мыло,Орловская область,10772,campaign,DEVICE_ALL,association,7,можно ли умываться мылом,13,2
2026-09-23,овсянников мыло,Орловская область,10772,campaign,DEVICE_ALL,association,8,можно ли умываться дегтярным мылом,1,2
2026-09-23,овсянников мыло,Рязанская область,10776,campaign,DEVICE_ALL,association,1,дегтярное мыло,594,9
2026-09-23,овсянников мыло,Рязанская область,10776,campaign,DEVICE_ALL,association,2,дегтярное мыло для чего,111,9
2026-09-23,овсянников мыло,Рязанская область,10776,campaign,DEVICE_ALL,association,3,марсельское мыло,2,9
2026-09-23,овсянников мыло,Рязанская область,10776,campaign,DEVICE_ALL,association,4,кокосовое хозяйственное мыло,2,9
2026-09-23,овсянников мыло,Рязанская область,10776,campaign,DEVICE_ALL,association,5,soap skin,16,9
2026-09-23,овсянников мыло,Рязанская область,10776,campaign,DEVICE_ALL,association,6,мыло земляничное,25,9
2026-09-23,овсянников мыло,Рязанская область,10776,campaign,DEVICE_ALL,association,7,можно ли умываться мылом,10,9
2026-09-23,овсянников мыло,Рязанская область,10776,campaign,DEVICE_ALL,association,8,можно ли умываться дегтярным мылом,2,9
2026-09-23,овсянников мыло,Рязанская область,10776,campaign,DEVICE_ALL,association,9,можно ли мыться дегтярным мылом,4,9
2026-09-23,овсянников мыло,Рязанская область,10776,campaign,DEVICE_ALL,association,10,можно ли мыть лицо дегтярным мылом,2,9
2026-09-23,овсянников мыло,Рязанская область,10776,campaign,DEVICE_ALL,association,11,зеленое мыло от мучнистого червеца,1,9
2026-09-23,овсянников мыло,Ярославская область,10841,campaign,DEVICE_ALL,association,1,дегтярное мыло,647,34
2026-09-23,овсянников мыло,Ярославская область,10841,campaign,DEVICE_ALL,association,2,дегтярное мыло для чего,91,34
2026-09-23,овсянников мыло,Ярославская область,10841,campaign,DEVICE_ALL,association,3,марсельское мыло,38,34
2026-09-23,овсянников мыло,Ярославская область,10841,campaign,DEVICE_ALL,association,4,кокосовое хозяйственное мыло,11,34
2026-09-23,овсянников мыло,Ярославская область,10841,campaign,DEVICE_ALL,association,5,soap skin,24,34
2026-09-23,овсянников мыло,Ярославская область,10841,campaign,DEVICE_ALL,association,6,мыло земляничное,5,34
2026-09-23,овсянников мыло,Ярославская область,10841,campaign,DEVICE_ALL,association,7,можно ли умываться мылом,3,34
2026-09-23,овсянников мыло,Ярославская область,10841,campaign,DEVICE_ALL,association,8,можно ли умываться дегтярным мылом,1,34
2026-09-23,овсянников мыло,Ярославская область,10841,campaign,DEVICE_ALL,association,9,можно ли мыться дегтярным мылом,6,34
2026-09-23,овсянников мыло,Ярославская область,10841,campaign,DEVICE_ALL,association,10,можно ли мыть лицо дегтярным мылом,2,34
2026-09-23,овсянников мыло,Ярославская область,10841,campaign,DEVICE_ALL,association,11,зеленое мыло от мучнистого червеца,1,34
2026-09-23,овсянников мыло,Костромская область,10699,campaign,DEVICE_ALL,association,1,дегтярное мыло,287,6
2026-09-23,овсянников мыло,Костромская область,10699,campaign,DEVICE_ALL,association,2,дегтярное мыло для чего,29,6
2026-09-23,овсянников мыло,Костромская область,10699,campaign,DEVICE_ALL,association,3,марсельское мыло,17,6
2026-09-23,овсянников мыло,Костромская область,10699,campaign,DEVICE_ALL,association,4,кокосовое хозяйственное мыло,3,6
2026-09-23,овсянников мыло,Костромская область,10699,campaign,DEVICE_ALL,association,5,soap skin,5,6
2026-09-23,овсянников мыло,Костромская область,10699,campaign,DEVICE_ALL,association,6,мыло земляничное,4,6
2026-09-23,овсянников мыло,Костромская область,10699,campaign,DEVICE_ALL,association,7,можно ли умываться мылом,3,6
2026-09-23,овсянников мыло,Костромская область,10699,campaign,DEVICE_ALL,association,8,можно ли мыться дегтярным мылом,2,6
2026-09-23,овсянников мыло,Липецкая область,10712,campaign,DEVICE_ALL,association,1,дегтярное мыло,495,3
2026-09-23,овсянников мыло,Липецкая область,10712,campaign,DEVICE_ALL,association,2,дегтярное мыло для чего,72,3
2026-09-23,овсянников мыло,Липецкая область,10712,campaign,DEVICE_ALL,association,3,марсельское мыло,3,3
2026-09-23,овсянников мыло,Липецкая область,10712,campaign,DEVICE_ALL,association,4,мыление мыла,25,3
2026-09-23,овсянников мыло,Липецкая область,10712,campaign,DEVICE_ALL,association,5,кокосовое хозяйственное мыло,2,3
2026-09-23,овсянников мыло,Липецкая область,10712,campaign,DEVICE_ALL,association,6,soap skin,12,3
2026-09-23,овсянников мыло,Липецкая область,10712,campaign,DEVICE_ALL,association,7,мыло земляничное,5,3
2026-09-23,овсянников мыло,Липецкая область,10712,campaign,DEVICE_ALL,association,8,можно ли умываться мылом,15,3
2026-09-23,овсянников мыло,Липецкая область,10712,campaign,DEVICE_ALL,association,9,можно ли умываться дегтярным мылом,2,3
2026-09-23,овсянников мыло,Республика Башкортостан,11111,campaign,DEVICE_ALL,association,1,дегтярное мыло,1930,4
2026-09-23,овсянников мыло,Республика Башкортостан,11111,campaign,DEVICE_ALL,association,2,дегтярное мыло для чего,192,4
2026-09-23,овсянников мыло,Республика Башкортостан,11111,campaign,DEVICE_ALL,association,3,марсельское мыло,23,4
2026-09-23,овсянников мыло,Республика Башкортостан,11111,campaign,DEVICE_ALL,association,4,кокосовое хозяйственное мыло,7,4
2026-09-23,овсянников мыло,Республика Башкортостан,11111,campaign,DEVICE_ALL,association,5,soap skin,39,4
2026-09-23,овсянников мыло,Республика Башкортостан,11111,campaign,DEVICE_ALL,association,6,мыло земляничное,16,4
2026-09-23,овсянников мыло,Республика Башкортостан,11111,campaign,DEVICE_ALL,association,7,можно ли умываться мылом,20,4
2026-09-23,овсянников мыло,Республика Башкортостан,11111,campaign,DEVICE_ALL,association,8,можно ли умываться дегтярным мылом,8,4
2026-09-23,овсянников мыло,Республика Башкортостан,11111,campaign,DEVICE_ALL,association,9,можно ли мыться дегтярным мылом,7,4
2026-09-23,овсянников мыло,Республика Башкортостан,11111,campaign,DEVICE_ALL,association,10,можно ли мыть лицо дегтярным мылом,15,4
2026-09-23,овсянников мыло,Новосибирская область,11316,campaign,DEVICE_ALL,association,1,дегтярное мыло,1486,9
2026-09-23,овсянников мыло,Новосибирская область,11316,campaign,DEVICE_ALL,association,2,дегтярное мыло для чего,152,9
2026-09-23,овсянников мыло,Новосибирская область,11316,campaign,DEVICE_ALL,association,3,марсельское мыло,18,9
2026-09-23,овсянников мыло,Новосибирская область,11316,campaign,DEVICE_ALL,association,4,мыление мыла,5,9
2026-09-23,овсянников мыло,Новосибирская область,11316,campaign,DEVICE_ALL,association,5,кокосовое хозяйственное мыло,19,9
2026-09-23,овсянников мыло,Новосибирская область,11316,campaign,DEVICE_ALL,association,6,soap skin,55,9
2026-09-23,овсянников мыло,Новосибирская область,11316,campaign,DEVICE_ALL,association,7,мыло земляничное,23,9
2026-09-23,овсянников мыло,Новосибирская область,11316,campaign,DEVICE_ALL,association,8,можно ли умываться мылом,21,9
2026-09-23,овсянников мыло,Новосибирская область,11316,campaign,DEVICE_ALL,association,9,можно ли умываться дегтярным мылом,4,9
2026-09-23,овсянников мыло,Новосибирская область,11316,campaign,DEVICE_ALL,association,10,можно ли мыться дегтярным мылом,5,9
2026-09-23,овсянников мыло,Новосибирская область,11316,campaign,DEVICE_ALL,association,11,можно ли мыть лицо дегтярным мылом,5,9
2026-09-23,овсянников мыло,Саратовская область,11146,campaign,DEVICE_ALL,association,1,дегтярное мыло,1078,2
2026-09-23,овсянников мыло,Саратовская область,11146,campaign,DEVICE_ALL,association,2,дегтярное мыло для чего,162,2
2026-09-23,овсянников мыло,Саратовская область,11146,campaign,DEVICE_ALL,association,3,марсельское мыло,3,2
2026-09-23,овсянников мыло,Саратовская область,11146,campaign,DEVICE_ALL,association,4,мыление мыла,1,2
2026-09-23,овсянников мыло,Саратовская область,11146,campaign,DEVICE_ALL,association,5,кокосовое хозяйственное мыло,22,2
2026-09-23,овсянников мыло,Саратовская область,11146,campaign,DEVICE_ALL,association,6,soap skin,15,2
2026-09-23,овсянников мыло,Саратовская область,11146,campaign,DEVICE_ALL,association,7,мыло земляничное,16,2
2026-09-23,овсянников мыло,Саратовская область,11146,campaign,DEVICE_ALL,association,8,можно ли умываться мылом,23,2
2026-09-23,овсянников мыло,Саратовская область,11146,campaign,DEVICE_ALL,association,9,можно ли умываться дегтярным мылом,7,2
2026-09-23,овсянников мыло,Саратовская область,11146,campaign,DEVICE_ALL,association,10,можно ли мыться дегтярным мылом,3,2
2026-09-23,овсянников мыло,Саратовская область,11146,campaign,DEVICE_ALL,association,11,можно ли мыть лицо дегтярным мылом,3,2
2026-09-23,овсянников мыло,Саратовская область,11146,campaign,DEVICE_ALL,association,12,зеленое мыло от мучнистого червеца,6,2
2026-09-23,овсянников мыло,Вологодская область,10853,campaign,DEVICE_ALL,association,1,дегтярное мыло,574,1
2026-09-23,овсянников мыло,Вологодская область,10853,campaign,DEVICE_ALL,association,2,дегтярное мыло для чего,57,1
2026-09-23,овсянников мыло,Вологодская область,10853,campaign,DEVICE_ALL,association,3,марсельское мыло,8,1
2026-09-23,овсянников мыло,Вологодская область,10853,campaign,DEVICE_ALL,association,4,кокосовое хозяйственное мыло,1,1
2026-09-23,овсянников мыло,Вологодская область,10853,campaign,DEVICE_ALL,association,5,soap skin,19,1
2026-09-23,овсянников мыло,Вологодская область,10853,campaign,DEVICE_ALL,association,6,мыло земляничное,13,1
2026-09-23,овсянников мыло,Вологодская область,10853,campaign,DEVICE_ALL,association,7,можно ли умываться мылом,5,1
2026-09-23,овсянников мыло,Вологодская область,10853,campaign,DEVICE_ALL,association,8,можно ли умываться дегтярным мылом,3,1
2026-09-23,овсянников мыло,Вологодская область,10853,campaign,DEVICE_ALL,association,9,можно ли мыться дегтярным мылом,2,1
2026-09-23,овсянников мыло,Вологодская область,10853,campaign,DEVICE_ALL,association,10,можно ли мыть лицо дегтярным мылом,4,1
2026-09-23,овсянников мыло,Омская область,11318,campaign,DEVICE_ALL,association,1,дегтярное мыло,815,2
2026-09-23,овсянников мыло,Омская область,11318,campaign,DEVICE_ALL,association,2,дегтярное мыло для чего,124,2
2026-09-23,овсянников мыло,Омская область,11318,campaign,DEVICE_ALL,association,3,марсельское мыло,10,2
2026-09-23,овсянников мыло,Омская область,11318,campaign,DEVICE_ALL,association,4,кокосовое хозяйственное мыло,1,2
2026-09-23,овсянников мыло,Омская область,11318,campaign,DEVICE_ALL,association,5,soap skin,17,2
2026-09-23,овсянников мыло,Омская область,11318,campaign,DEVICE_ALL,association,6,мыло земляничное,19,2
2026-09-23,овсянников мыло,Омская область,11318,campaign,DEVICE_ALL,association,7,можно ли умываться мылом,18,2
2026-09-23,овсянников мыло,Омская область,11318,campaign,DEVICE_ALL,association,8,можно ли умываться дегтярным мылом,2,2
2026-09-23,овсянников мыло,Омская область,11318,campaign,DEVICE_ALL,association,9,можно ли мыть лицо дегтярным мылом,2,2
2026-09-23,овсянников мыло,Астраханская область,10946,control,DEVICE_ALL,association,1,дегтярное мыло,450,2
2026-09-23,овсянников мыло,Астраханская область,10946,control,DEVICE_ALL,association,2,дегтярное мыло для чего,101,2
2026-09-23,овсянников мыло,Астраханская область,10946,control,DEVICE_ALL,association,3,марсельское мыло,1,2
2026-09-23,овсянников мыло,Астраханская область,10946,control,DEVICE_ALL,association,4,soap skin,5,2
2026-09-23,овсянников мыло,Астраханская область,10946,control,DEVICE_ALL,association,5,мыло земляничное,5,2
2026-09-23,овсянников мыло,Астраханская область,10946,control,DEVICE_ALL,association,6,можно ли умываться мылом,10,2
2026-09-23,овсянников мыло,Астраханская область,10946,control,DEVICE_ALL,association,7,можно ли умываться дегтярным мылом,4,2
2026-09-23,овсянников мыло,Астраханская область,10946,control,DEVICE_ALL,association,8,можно ли мыться дегтярным мылом,1,2
2026-09-23,овсянников мыло,Кемеровская область,11282,control,DEVICE_ALL,association,1,дегтярное мыло,1165,1
2026-09-23,овсянников мыло,Кемеровская область,11282,control,DEVICE_ALL,association,2,дегтярное мыло для чего,150,1
2026-09-23,овсянников мыло,Кемеровская область,11282,control,DEVICE_ALL,association,3,марсельское мыло,4,1
2026-09-23,овсянников мыло,Кемеровская область,11282,control,DEVICE_ALL,association,4,кокосовое хозяйственное мыло,24,1
2026-09-23,овсянников мыло,Кемеровская область,11282,control,DEVICE_ALL,association,5,soap skin,12,1
2026-09-23,овсянников мыло,Кемеровская область,11282,control,DEVICE_ALL,association,6,мыло земляничное,5,1
2026-09-23,овсянников мыло,Кемеровская область,11282,control,DEVICE_ALL,association,7,можно ли умываться мылом,8,1
2026-09-23,овсянников мыло,Кемеровская область,11282,control,DEVICE_ALL,association,8,можно ли умываться дегтярным мылом,1,1
2026-09-23,овсянников мыло,Кемеровская область,11282,control,DEVICE_ALL,association,9,можно ли мыться дегтярным мылом,7,1
2026-09-23,овсянников мыло,Кемеровская область,11282,control,DEVICE_ALL,association,10,можно ли мыть лицо дегтярным мылом,6,1
2026-09-23,овсянников мыло,Кировская область,11070,control,DEVICE_ALL,association,1,дегтярное мыло,562,11
2026-09-23,овсянников мыло,Кировская область,11070,control,DEVICE_ALL,association,2,дегтярное мыло для чего,52,11
2026-09-23,овсянников мыло,Кировская область,11070,control,DEVICE_ALL,association,3,марсельское мыло,4,11
2026-09-23,овсянников мыло,Кировская область,11070,control,DEVICE_ALL,association,4,мыление мыла,3,11
2026-09-23,овсянников мыло,Кировская область,11070,control,DEVICE_ALL,association,5,soap skin,21,11
2026-09-23,овсянников мыло,Кировская область,11070,control,DEVICE_ALL,association,6,мыло земляничное,22,11
2026-09-23,овсянников мыло,Кировская область,11070,control,DEVICE_ALL,association,7,можно ли умываться мылом,6,11
2026-09-23,овсянников мыло,Кировская область,11070,control,DEVICE_ALL,association,8,можно ли умываться дегтярным мылом,2,11
2026-09-23,овсянников мыло,Кировская область,11070,control,DEVICE_ALL,association,9,можно ли мыться дегтярным мылом,3,11
2026-09-23,овсянников мыло,Кировская область,11070,control,DEVICE_ALL,association,10,можно ли мыть лицо дегтярным мылом,1,11
2026-09-23,овсянников мыло,Ростовская область,11029,control,DEVICE_ALL,association,1,дегтярное мыло,1945,15
2026-09-23,овсянников мыло,Ростовская область,11029,control,DEVICE_ALL,association,2,дегтярное мыло для чего,373,15
2026-09-23,овсянников мыло,Ростовская область,11029,control,DEVICE_ALL,association,3,марсельское мыло,36,15
2026-09-23,овсянников мыло,Ростовская область,11029,control,DEVICE_ALL,association,4,кокосовое хозяйственное мыло,13,15
2026-09-23,овсянников мыло,Ростовская область,11029,control,DEVICE_ALL,association,5,soap skin,65,15
2026-09-23,овсянников мыло,Ростовская область,11029,control,DEVICE_ALL,association,6,мыло земляничное,52,15
2026-09-23,овсянников мыло,Ростовская область,11029,control,DEVICE_ALL,association,7,можно ли умываться мылом,30,15
2026-09-23,овсянников мыло,Ростовская область,11029,control,DEVICE_ALL,association,8,можно ли умываться дегтярным мылом,3,15
2026-09-23,овсянников мыло,Ростовская область,11029,control,DEVICE_ALL,association,9,можно ли мыться дегтярным мылом,3,15
2026-09-23,овсянников мыло,Ростовская область,11029,control,DEVICE_ALL,association,10,можно ли мыть лицо дегтярным мылом,7,15
2026-09-23,овсянников мыло,Ростовская область,11029,control,DEVICE_ALL,association,11,зеленое мыло от мучнистого червеца,2,15
2026-09-23,овсянников мыло,Тульская область,10832,control,DEVICE_ALL,association,1,гель для умывания,1575,1
2026-09-23,овсянников мыло,Тульская область,10832,control,DEVICE_ALL,association,2,циновит гель для умывания,12,1
2026-09-23,овсянников мыло,Тульская область,10832,control,DEVICE_ALL,association,3,аравия гель для умывания,31,1
2026-09-23,овсянников мыло,Тульская область,10832,control,DEVICE_ALL,association,4,гель для умывания пропеллер,37,1
2026-09-23,овсянников мыло,Тульская область,10832,control,DEVICE_ALL,association,5,марсельское мыло,12,1
2026-09-23,овсянников мыло,Тульская область,10832,control,DEVICE_ALL,association,6,крыса моется с мылом,2,1
2026-09-23,овсянников мыло,Тульская область,10832,control,DEVICE_ALL,association,7,мыление мыла,32,1
2026-09-23,овсянников мыло,Тульская область,10832,control,DEVICE_ALL,association,8,доместос гель,12,1
2026-09-23,овсянников мыло,Тульская область,10832,control,DEVICE_ALL,association,9,салициловый гель для умывания,28,1
2026-09-23,овсянников мыло,Тульская область,10832,control,DEVICE_ALL,association,10,себиум гель для умывания,6,1
2026-09-23,овсянников мыло,Тульская область,10832,control,DEVICE_ALL,association,11,мыло земляничное,15,1
2026-09-23,овсянников мыло,Тульская область,10832,control,DEVICE_ALL,association,12,можно ли умываться мылом,19,1
2026-09-23,овсянников мыло,Тульская область,10832,control,DEVICE_ALL,association,13,можно ли умываться дегтярным мылом,3,1
2026-09-23,овсянников мыло,Тульская область,10832,control,DEVICE_ALL,association,14,физиогель для умывания,5,1
2026-09-23,овсянников мыло,Тюменская область,11176,campaign,DEVICE_ALL,nested,1,овсянников мыло,10,10
2026-09-23,овсянников мыло,Тюменская область,11176,campaign,DEVICE_ALL,nested,2,гель мыло овсянников,7,10
2026-09-23,овсянников мыло,Волгоградская область,10950,campaign,DEVICE_ALL,nested,1,овсянников мыло,19,19
2026-09-23,овсянников мыло,Волгоградская область,10950,campaign,DEVICE_ALL,nested,2,овсянников мыло купить,7,19
2026-09-23,овсянников мыло,Воронежская область,10672,campaign,DEVICE_ALL,nested,1,овсянников мыло,15,15
2026-09-23,овсянников мыло,Воронежская область,10672,campaign,DEVICE_ALL,nested,2,овсянников мыло официальный сайт,3,15
2026-09-23,овсянников мыло,Воронежская область,10672,campaign,DEVICE_ALL,nested,3,овсянников мыло жидкое,1,15
2026-09-23,овсянников мыло,Орловская область,10772,campaign,DEVICE_ALL,nested,1,овсянников мыло,2,2
2026-09-23,овсянников мыло,Рязанская область,10776,campaign,DEVICE_ALL,nested,1,овсянников мыло,9,9
2026-09-23,овсянников мыло,Рязанская область,10776,campaign,DEVICE_ALL,nested,2,овсянников мыло отзывы,2,9
2026-09-23,овсянников мыло,Ярославская область,10841,campaign,DEVICE_ALL,nested,1,овсянников мыло,34,34
2026-09-23,овсянников мыло,Ярославская область,10841,campaign,DEVICE_ALL,nested,2,овсянников мыло жидкое,7,34
2026-09-23,овсянников мыло,Ярославская область,10841,campaign,DEVICE_ALL,nested,3,овсянников мыло купить,5,34
2026-09-23,овсянников мыло,Ярославская область,10841,campaign,DEVICE_ALL,nested,4,овсянников мыло официальный сайт,5,34
2026-09-23,овсянников мыло,Ярославская область,10841,campaign,DEVICE_ALL,nested,5,жидкое мыло черный перец овсянников,5,34
2026-09-23,овсянников мыло,Ярославская область,10841,campaign,DEVICE_ALL,nested,6,мыло овсянников черный перец,5,34
2026-09-23,овсянников мыло,Ярославская область,10841,campaign,DEVICE_ALL,nested,7,крем мыло овсянников,2,34
2026-09-23,овсянников мыло,Костромская область,10699,campaign,DEVICE_ALL,nested,1,овсянников мыло,6,6
2026-09-23,овсянников мыло,Липецкая область,10712,campaign,DEVICE_ALL,nested,1,овсянников мыло,3,3
2026-09-23,овсянников мыло,Липецкая область,10712,campaign,DEVICE_ALL,nested,2,пенное мыло овсянников,2,3
2026-09-23,овсянников мыло,Липецкая область,10712,campaign,DEVICE_ALL,nested,3,мыло овсянников черный перец,1,3
2026-09-23,овсянников мыло,Республика Башкортостан,11111,campaign,DEVICE_ALL,nested,1,овсянников мыло,4,4
2026-09-23,овсянников мыло,Республика Башкортостан,11111,campaign,DEVICE_ALL,nested,2,овсянников мыло жидкое,2,4
2026-09-23,овсянников мыло,Республика Башкортостан,11111,campaign,DEVICE_ALL,nested,3,мыло для рук овсянников,2,4
2026-09-23,овсянников мыло,Новосибирская область,11316,campaign,DEVICE_ALL,nested,1,овсянников мыло,9,9
2026-09-23,овсянников мыло,Новосибирская область,11316,campaign,DEVICE_ALL,nested,2,мыло овсянников тайный советник,1,9
2026-09-23,овсянников мыло,Новосибирская область,11316,campaign,DEVICE_ALL,nested,3,мыло овсянников черный перец,1,9
2026-09-23,овсянников мыло,Саратовская область,11146,campaign,DEVICE_ALL,nested,1,овсянников мыло,2,2
2026-09-23,овсянников мыло,Вологодская область,10853,campaign,DEVICE_ALL,nested,1,овсянников мыло,1,1
2026-09-23,овсянников мыло,Омская область,11318,campaign,DEVICE_ALL,nested,1,овсянников мыло,2,2
2026-09-23,овсянников мыло,Астраханская область,10946,control,DEVICE_ALL,nested,1,овсянников мыло,2,2
2026-09-23,овсянников мыло,Кемеровская область,11282,control,DEVICE_ALL,nested,1,овсянников мыло,1,1
2026-09-23,овсянников мыло,Кировская область,11070,control,DEVICE_ALL,nested,1,овсянников мыло,11,11
2026-09-23,овсянников мыло,Кировская область,11070,control,DEVICE_ALL,nested,2,овсянников мыло официальный сайт,3,11
2026-09-23,овсянников мыло,Кировская область,11070,control,DEVICE_ALL,nested,3,гель мыло овсянников,2,11
2026-09-23,овсянников мыло,Кировская область,11070,control,DEVICE_ALL,nested,4,мыло овсянников черный перец,2,11
2026-09-23,овсянников мыло,Кировская область,11070,control,DEVICE_ALL,nested,5,овсянников мыло купить,2,11
2026-09-23,овсянников мыло,Ростовская область,11029,control,DEVICE_ALL,nested,1,овсянников мыло,15,15
2026-09-23,овсянников мыло,Ростовская область,11029,control,DEVICE_ALL,nested,2,овсянников мыло жидкое,8,15
2026-09-23,овсянников мыло,Ростовская область,11029,control,DEVICE_ALL,nested,3,жидкое мыло черный перец овсянников,4,15
2026-09-23,овсянников мыло,Ростовская область,11029,control,DEVICE_ALL,nested,4,мыло овсянников черный перец,4,15
2026-09-23,овсянников мыло,Ростовская область,11029,control,DEVICE_ALL,nested,5,овсянников мыло жидкое купить,3,15
2026-09-23,овсянников мыло,Ростовская область,11029,control,DEVICE_ALL,nested,6,овсянников мыло купить,3,15
2026-09-23,овсянников мыло,Ростовская область,11029,control,DEVICE_ALL,nested,7,парфюмированное мыло овсянников,1,15
2026-09-23,овсянников мыло,Тульская область,10832,control,DEVICE_ALL,nested,1,гель мыло овсянников,1,1
2026-09-23,овсянников мыло,Тульская область,10832,control,DEVICE_ALL,nested,2,мыло овсянников тайный советник,1,1
2026-09-23,овсянников мыло,Тульская область,10832,control,DEVICE_ALL,nested,3,овсянников мыло,1,1
