date,week_start,week_end,phrase,region_name,region_id,region_type,device,count,share,is_partial
2026-03-30,2026-03-30,2026-04-05,ovsyannikov,Тюменская область,11176,campaign,DEVICE_ALL,0,,0
2026-04-06,2026-04-06,2026-04-12,ovsyannikov,Тюменская область,11176,campaign,DEVICE_ALL,1,3.430336032630454e-06,0
2026-04-13,2026-04-13,2026-04-19,ovsyannikov,Тюменская область,11176,campaign,DEVICE_ALL,0,,0
2026-04-20,2026-04-20,2026-04-26,ovsyannikov,Тюменская область,11176,campaign,DEVICE_ALL,0,,0
2026-04-27,2026-04-27,2026-05-03,ovsyannikov,Тюменская область,11176,campaign,DEVICE_ALL,0,,0
2026-05-04,2026-05-04,2026-05-10,ovsyannikov,Тюменская область,11176,campaign,DEVICE_ALL,0,,0
2026-05-11,2026-05-11,2026-05-17,ovsyannikov,Тюменская область,11176,campaign,DEVICE_ALL,0,,0
2026-05-18,2026-05-18,2026-05-24,ovsyannikov,Тюменская область,11176,campaign,DEVICE_ALL,0,,0
2026-05-25,2026-05-25,2026-05-31,ovsyannikov,Тюменская область,11176,campaign,DEVICE_ALL,0,,0
2026-06-01,2026-06-01,2026-06-07,ovsyannikov,Тюменская область,11176,campaign,DEVICE_ALL,0,,0
2026-06-08,2026-06-08,2026-06-14,ovsyannikov,Тюменская область,11176,campaign,DEVICE_ALL,0,,0
2026-06-15,2026-06-15,2026-06-21,ovsyannikov,Тюменская область,11176,campaign,DEVICE_ALL,0,,0
2026-06-22,2026-06-22,2026-06-28,ovsyannikov,Тюменская область,11176,campaign,DEVICE_ALL,2,7.368434121906838e-06,0
2026-06-29,2026-06-29,2026-07-05,ovsyannikov,Тюменская область,11176,campaign,DEVICE_ALL,0,,0
2026-07-06,2026-07-06,2026-07-12,ovsyannikov,Тюменская область,11176,campaign,DEVICE_ALL,0,,0
2026-07-13,2026-07-13,2026-07-19,ovsyannikov,Тюменская область,11176,campaign,DEVICE_ALL,0,,0
2026-07-20,2026-07-20,2026-07-26,ovsyannikov,Тюменская область,11176,campaign,DEVICE_ALL,0,,0
2026-07-27,2026-07-27,2026-08-02,ovsyannikov,Тюменская область,11176,campaign,DEVICE_ALL,0,,0
2026-08-03,2026-08-03,2026-08-09,ovsyannikov,Тюменская область,11176,campaign,DEVICE_ALL,0,,0
2026-08-10,2026-08-10,2026-08-16,ovsyannikov,Тюменская область,11176,campaign,DEVICE_ALL,0,,0
2026-08-17,2026-08-17,2026-08-23,ovsyannikov,Тюменская область,11176,campaign,DEVICE_ALL,0,,0
2026-08-24,2026-08-24,2026-08-30,ovsyannikov,Тюменская область,11176,campaign,DEVICE_ALL,0,,0
2026-08-31,2026-08-31,2026-09-06,ovsyannikov,Тюменская область,11176,campaign,DEVICE_ALL,0,,0
2026-09-07,2026-09-07,2026-09-13,ovsyannikov,Тюменская область,11176,campaign,DEVICE_ALL,3,9.619783508054789e-06,0
2026-03-30,2026-03-30,2026-04-05,ovsyannikov,Волгоградская область,10950,campaign,DEVICE_ALL,0,,0
2026-04-06,2026-04-06,2026-04-12,ovsyannikov,Волгоградская область,10950,campaign,DEVICE_ALL,0,,0
2026-04-13,2026-04-13,2026-04-19,ovsyannikov,Волгоградская область,10950,campaign,DEVICE_ALL,5,1.3684987516691238e-05,0
2026-04-20,2026-04-20,2026-04-26,ovsyannikov,Волгоградская область,10950,campaign,DEVICE_ALL,0,,0
2026-04-27,2026-04-27,2026-05-03,ovsyannikov,Волгоградская область,10950,campaign,DEVICE_ALL,0,,0
2026-05-04,2026-05-04,2026-05-10,ovsyannikov,Волгоградская область,10950,campaign,DEVICE_ALL,0,,0
2026-05-11,2026-05-11,2026-05-17,ovsyannikov,Волгоградская область,10950,campaign,DEVICE_ALL,2,5.983040115506179e-06,0
2026-05-18,2026-05-18,2026-05-24,ovsyannikov,Волгоградская область,10950,campaign,DEVICE_ALL,0,,0
2026-05-25,2026-05-25,2026-05-31,ovsyannikov,Волгоградская область,10950,campaign,DEVICE_ALL,0,,0
2026-06-01,2026-06-01,2026-06-07,ovsyannikov,Волгоградская область,10950,campaign,DEVICE_ALL,0,,0
2026-06-08,2026-06-08,2026-06-14,ovsyannikov,Волгоградская область,10950,campaign,DEVICE_ALL,0,,0
2026-06-15,2026-06-15,2026-06-21,ovsyannikov,Волгоградская область,10950,campaign,DEVICE_ALL,0,,0
2026-06-22,2026-06-22,2026-06-28,ovsyannikov,Волгоградская область,10950,campaign,DEVICE_ALL,0,,0
2026-06-29,2026-06-29,2026-07-05,ovsyannikov,Волгоградская область,10950,campaign,DEVICE_ALL,0,,0
2026-07-06,2026-07-06,2026-07-12,ovsyannikov,Волгоградская область,10950,campaign,DEVICE_ALL,0,,0
2026-07-13,2026-07-13,2026-07-19,ovsyannikov,Волгоградская область,10950,campaign,DEVICE_ALL,0,,0
2026-07-20,2026-07-20,2026-07-26,ovsyannikov,Волгоградская область,10950,campaign,DEVICE_ALL,1,2.5655292615031664e-06,0
2026-07-27,2026-07-27,2026-08-02,ovsyannikov,Волгоградская область,10950,campaign,DEVICE_ALL,0,,0
2026-08-03,2026-08-03,2026-08-09,ovsyannikov,Волгоградская область,10950,campaign,DEVICE_ALL,0,,0
2026-08-10,2026-08-10,2026-08-16,ovsyannikov,Волгоградская область,10950,campaign,DEVICE_ALL,1,2.738354449423442e-06,0
2026-08-17,2026-08-17,2026-08-23,ovsyannikov,Волгоградская область,10950,campaign,DEVICE_ALL,0,,0
2026-08-24,2026-08-24,2026-08-30,ovsyannikov,Волгоградская область,10950,campaign,DEVICE_ALL,0,,0
2026-08-31,2026-08-31,2026-09-06,ovsyannikov,Волгоградская область,10950,campaign,DEVICE_ALL,0,,0
2026-09-07,2026-09-07,2026-09-13,ovsyannikov,Волгоградская область,10950,campaign,DEVICE_ALL,0,,0
2026-03-30,2026-03-30,2026-04-05,ovsyannikov,Воронежская область,10672,campaign,DEVICE_ALL,0,,0
2026-04-06,2026-04-06,2026-04-12,ovsyannikov,Воронежская область,10672,campaign,DEVICE_ALL,2,4.829647933637547e-06,0
2026-04-13,2026-04-13,2026-04-19,ovsyannikov,Воронежская область,10672,campaign,DEVICE_ALL,0,,0
2026-04-20,2026-04-20,2026-04-26,ovsyannikov,Воронежская область,10672,campaign,DEVICE_ALL,1,2.325579286102508e-06,0
2026-04-27,2026-04-27,2026-05-03,ovsyannikov,Воронежская область,10672,campaign,DEVICE_ALL,0,,0
2026-05-04,2026-05-04,2026-05-10,ovsyannikov,Воронежская область,10672,campaign,DEVICE_ALL,0,,0
2026-05-11,2026-05-11,2026-05-17,ovsyannikov,Воронежская область,10672,campaign,DEVICE_ALL,0,,0
2026-05-18,2026-05-18,2026-05-24,ovsyannikov,Воронежская область,10672,campaign,DEVICE_ALL,0,,0
2026-05-25,2026-05-25,2026-05-31,ovsyannikov,Воронежская область,10672,campaign,DEVICE_ALL,2,5.132173614350974e-06,0
2026-06-01,2026-06-01,2026-06-07,ovsyannikov,Воронежская область,10672,campaign,DEVICE_ALL,1,2.6098297253133337e-06,0
2026-06-08,2026-06-08,2026-06-14,ovsyannikov,Воронежская область,10672,campaign,DEVICE_ALL,1,2.6087444016671233e-06,0
2026-06-15,2026-06-15,2026-06-21,ovsyannikov,Воронежская область,10672,campaign,DEVICE_ALL,0,,0
2026-06-22,2026-06-22,2026-06-28,ovsyannikov,Воронежская область,10672,campaign,DEVICE_ALL,0,,0
2026-06-29,2026-06-29,2026-07-05,ovsyannikov,Воронежская область,10672,campaign,DEVICE_ALL,6,1.5976098903981038e-05,0
2026-07-06,2026-07-06,2026-07-12,ovsyannikov,Воронежская область,10672,campaign,DEVICE_ALL,0,,0
2026-07-13,2026-07-13,2026-07-19,ovsyannikov,Воронежская область,10672,campaign,DEVICE_ALL,1,2.3899910996731447e-06,0
2026-07-20,2026-07-20,2026-07-26,ovsyannikov,Воронежская область,10672,campaign,DEVICE_ALL,2,4.54025636466758e-06,0
2026-07-27,2026-07-27,2026-08-02,ovsyannikov,Воронежская область,10672,campaign,DEVICE_ALL,0,,0
2026-08-03,2026-08-03,2026-08-09,ovsyannikov,Воронежская область,10672,campaign,DEVICE_ALL,1,2.4691223899524496e-06,0
2026-08-10,2026-08-10,2026-08-16,ovsyannikov,Воронежская область,10672,campaign,DEVICE_ALL,2,4.854219888636915e-06,0
2026-08-17,2026-08-17,2026-08-23,ovsyannikov,Воронежская область,10672,campaign,DEVICE_ALL,1,2.4582465592783296e-06,0
2026-08-24,2026-08-24,2026-08-30,ovsyannikov,Воронежская область,10672,campaign,DEVICE_ALL,0,,0
2026-08-31,2026-08-31,2026-09-06,ovsyannikov,Воронежская область,10672,campaign,DEVICE_ALL,0,,0
2026-09-07,2026-09-07,2026-09-13,ovsyannikov,Воронежская область,10672,campaign,DEVICE_ALL,0,,0
2026-03-30,2026-03-30,2026-04-05,ovsyannikov,Республика Мордовия,11117,campaign,DEVICE_ALL,0,,0
2026-04-06,2026-04-06,2026-04-12,ovsyannikov,Республика Мордовия,11117,campaign,DEVICE_ALL,0,,0
2026-04-13,2026-04-13,2026-04-19,ovsyannikov,Республика Мордовия,11117,campaign,DEVICE_ALL,2,1.8306448483091068e-05,0
2026-04-20,2026-04-20,2026-04-26,ovsyannikov,Республика Мордовия,11117,campaign,DEVICE_ALL,0,,0
2026-04-27,2026-04-27,2026-05-03,ovsyannikov,Республика Мордовия,11117,campaign,DEVICE_ALL,1,9.876383236854238e-06,0
2026-05-04,2026-05-04,2026-05-10,ovsyannikov,Республика Мордовия,11117,campaign,DEVICE_ALL,0,,0
2026-05-11,2026-05-11,2026-05-17,ovsyannikov,Республика Мордовия,11117,campaign,DEVICE_ALL,0,,0
2026-05-18,2026-05-18,2026-05-24,ovsyannikov,Республика Мордовия,11117,campaign,DEVICE_ALL,0,,0
2026-05-25,2026-05-25,2026-05-31,ovsyannikov,Республика Мордовия,11117,campaign,DEVICE_ALL,0,,0
2026-06-01,2026-06-01,2026-06-07,ovsyannikov,Республика Мордовия,11117,campaign,DEVICE_ALL,0,,0
2026-06-08,2026-06-08,2026-06-14,ovsyannikov,Республика Мордовия,11117,campaign,DEVICE_ALL,0,,0
2026-06-15,2026-06-15,2026-06-21,ovsyannikov,Республика Мордовия,11117,campaign,DEVICE_ALL,0,,0
2026-06-22,2026-06-22,2026-06-28,ovsyannikov,Республика Мордовия,11117,campaign,DEVICE_ALL,0,,0
2026-06-29,2026-06-29,2026-07-05,ovsyannikov,Республика Мордовия,11117,campaign,DEVICE_ALL,0,,0
2026-07-06,2026-07-06,2026-07-12,ovsyannikov,Республика Мордовия,11117,campaign,DEVICE_ALL,0,,0
2026-07-13,2026-07-13,2026-07-19,ovsyannikov,Республика Мордовия,11117,campaign,DEVICE_ALL,0,,0
2026-07-20,2026-07-20,2026-07-26,ovsyannikov,Республика Мордовия,11117,campaign,DEVICE_ALL,0,,0
2026-07-27,2026-07-27,2026-08-02,ovsyannikov,Республика Мордовия,11117,campaign,DEVICE_ALL,0,,0
2026-08-03,2026-08-03,2026-08-09,ovsyannikov,Республика Мордовия,11117,campaign,DEVICE_ALL,0,,0
2026-08-10,2026-08-10,2026-08-16,ovsyannikov,Республика Мордовия,11117,campaign,DEVICE_ALL,0,,0
2026-08-17,2026-08-17,2026-08-23,ovsyannikov,Республика Мордовия,11117,campaign,DEVICE_ALL,0,,0
2026-08-24,2026-08-24,2026-08-30,ovsyannikov,Республика Мордовия,11117,campaign,DEVICE_ALL,0,,0
2026-08-31,2026-08-31,2026-09-06,ovsyannikov,Республика Мордовия,11117,campaign,DEVICE_ALL,0,,0
2026-09-07,2026-09-07,2026-09-13,ovsyannikov,Республика Мордовия,11117,campaign,DEVICE_ALL,0,,0
2026-03-30,2026-03-30,2026-04-05,ovsyannikov,Орловская область,10772,campaign,DEVICE_ALL,0,,0
2026-04-06,2026-04-06,2026-04-12,ovsyannikov,Орловская область,10772,campaign,DEVICE_ALL,0,,0
2026-04-13,2026-04-13,2026-04-19,ovsyannikov,Орловская область,10772,campaign,DEVICE_ALL,0,,0
2026-04-20,2026-04-20,2026-04-26,ovsyannikov,Орловская область,10772,campaign,DEVICE_ALL,0,,0
2026-04-27,2026-04-27,2026-05-03,ovsyannikov,Орловская область,10772,campaign,DEVICE_ALL,0,,0
2026-05-04,2026-05-04,2026-05-10,ovsyannikov,Орловская область,10772,campaign,DEVICE_ALL,0,,0
2026-05-11,2026-05-11,2026-05-17,ovsyannikov,Орловская область,10772,campaign,DEVICE_ALL,0,,0
2026-05-18,2026-05-18,2026-05-24,ovsyannikov,Орловская область,10772,campaign,DEVICE_ALL,0,,0
2026-05-25,2026-05-25,2026-05-31,ovsyannikov,Орловская область,10772,campaign,DEVICE_ALL,0,,0
2026-06-01,2026-06-01,2026-06-07,ovsyannikov,Орловская область,10772,campaign,DEVICE_ALL,0,,0
2026-06-08,2026-06-08,2026-06-14,ovsyannikov,Орловская область,10772,campaign,DEVICE_ALL,1,8.623576323005365e-06,0
2026-06-15,2026-06-15,2026-06-21,ovsyannikov,Орловская область,10772,campaign,DEVICE_ALL,0,,0
2026-06-22,2026-06-22,2026-06-28,ovsyannikov,Орловская область,10772,campaign,DEVICE_ALL,0,,0
2026-06-29,2026-06-29,2026-07-05,ovsyannikov,Орловская область,10772,campaign,DEVICE_ALL,0,,0
2026-07-06,2026-07-06,2026-07-12,ovsyannikov,Орловская область,10772,campaign,DEVICE_ALL,0,,0
2026-07-13,2026-07-13,2026-07-19,ovsyannikov,Орловская область,10772,campaign,DEVICE_ALL,0,,0
2026-07-20,2026-07-20,2026-07-26,ovsyannikov,Орловская область,10772,campaign,DEVICE_ALL,0,,0
2026-07-27,2026-07-27,2026-08-02,ovsyannikov,Орловская область,10772,campaign,DEVICE_ALL,0,,0
2026-08-03,2026-08-03,2026-08-09,ovsyannikov,Орловская область,10772,campaign,DEVICE_ALL,0,,0
2026-08-10,2026-08-10,2026-08-16,ovsyannikov,Орловская область,10772,campaign,DEVICE_ALL,0,,0
2026-08-17,2026-08-17,2026-08-23,ovsyannikov,Орловская область,10772,campaign,DEVICE_ALL,0,,0
2026-08-24,2026-08-24,2026-08-30,ovsyannikov,Орловская область,10772,campaign,DEVICE_ALL,0,,0
2026-08-31,2026-08-31,2026-09-06,ovsyannikov,Орловская область,10772,campaign,DEVICE_ALL,0,,0
2026-09-07,2026-09-07,2026-09-13,ovsyannikov,Орловская область,10772,campaign,DEVICE_ALL,0,,0
2026-03-30,2026-03-30,2026-04-05,ovsyannikov,Рязанская область,10776,campaign,DEVICE_ALL,1,4.725819082507745e-06,0
2026-04-06,2026-04-06,2026-04-12,ovsyannikov,Рязанская область,10776,campaign,DEVICE_ALL,0,,0
2026-04-13,2026-04-13,2026-04-19,ovsyannikov,Рязанская область,10776,campaign,DEVICE_ALL,0,,0
2026-04-20,2026-04-20,2026-04-26,ovsyannikov,Рязанская область,10776,campaign,DEVICE_ALL,0,,0
2026-04-27,2026-04-27,2026-05-03,ovsyannikov,Рязанская область,10776,campaign,DEVICE_ALL,0,,0
2026-05-04,2026-05-04,2026-05-10,ovsyannikov,Рязанская область,10776,campaign,DEVICE_ALL,0,,0
2026-05-11,2026-05-11,2026-05-17,ovsyannikov,Рязанская область,10776,campaign,DEVICE_ALL,0,,0
2026-05-18,2026-05-18,2026-05-24,ovsyannikov,Рязанская область,10776,campaign,DEVICE_ALL,0,,0
2026-05-25,2026-05-25,2026-05-31,ovsyannikov,Рязанская область,10776,campaign,DEVICE_ALL,0,,0
2026-06-01,2026-06-01,2026-06-07,ovsyannikov,Рязанская область,10776,campaign,DEVICE_ALL,0,,0
2026-06-08,2026-06-08,2026-06-14,ovsyannikov,Рязанская область,10776,campaign,DEVICE_ALL,0,,0
2026-06-15,2026-06-15,2026-06-21,ovsyannikov,Рязанская область,10776,campaign,DEVICE_ALL,0,,0
2026-06-22,2026-06-22,2026-06-28,ovsyannikov,Рязанская область,10776,campaign,DEVICE_ALL,0,,0
2026-06-29,2026-06-29,2026-07-05,ovsyannikov,Рязанская область,10776,campaign,DEVICE_ALL,0,,0
2026-07-06,2026-07-06,2026-07-12,ovsyannikov,Рязанская область,10776,campaign,DEVICE_ALL,1,4.8694403225984735e-06,0
2026-07-13,2026-07-13,2026-07-19,ovsyannikov,Рязанская область,10776,campaign,DEVICE_ALL,0,,0
2026-07-20,2026-07-20,2026-07-26,ovsyannikov,Рязанская область,10776,campaign,DEVICE_ALL,0,,0
2026-07-27,2026-07-27,2026-08-02,ovsyannikov,Рязанская область,10776,campaign,DEVICE_ALL,0,,0
2026-08-03,2026-08-03,2026-08-09,ovsyannikov,Рязанская область,10776,campaign,DEVICE_ALL,0,,0
2026-08-10,2026-08-10,2026-08-16,ovsyannikov,Рязанская область,10776,campaign,DEVICE_ALL,2,9.262738789932479e-06,0
2026-08-17,2026-08-17,2026-08-23,ovsyannikov,Рязанская область,10776,campaign,DEVICE_ALL,0,,0
2026-08-24,2026-08-24,2026-08-30,ovsyannikov,Рязанская область,10776,campaign,DEVICE_ALL,0,,0
2026-08-31,2026-08-31,2026-09-06,ovsyannikov,Рязанская область,10776,campaign,DEVICE_ALL,0,,0
2026-09-07,2026-09-07,2026-09-13,ovsyannikov,Рязанская область,10776,campaign,DEVICE_ALL,0,,0
2026-03-30,2026-03-30,2026-04-05,ovsyannikov,Ярославская область,10841,campaign,DEVICE_ALL,2,8.631773298558796e-06,0
2026-04-06,2026-04-06,2026-04-12,ovsyannikov,Ярославская область,10841,campaign,DEVICE_ALL,0,,0
2026-04-13,2026-04-13,2026-04-19,ovsyannikov,Ярославская область,10841,campaign,DEVICE_ALL,0,,0
2026-04-20,2026-04-20,2026-04-26,ovsyannikov,Ярославская область,10841,campaign,DEVICE_ALL,0,,0
2026-04-27,2026-04-27,2026-05-03,ovsyannikov,Ярославская область,10841,campaign,DEVICE_ALL,0,,0
2026-05-04,2026-05-04,2026-05-10,ovsyannikov,Ярославская область,10841,campaign,DEVICE_ALL,1,4.816298198983818e-06,0
2026-05-11,2026-05-11,2026-05-17,ovsyannikov,Ярославская область,10841,campaign,DEVICE_ALL,0,,0
2026-05-18,2026-05-18,2026-05-24,ovsyannikov,Ярославская область,10841,campaign,DEVICE_ALL,0,,0
2026-05-25,2026-05-25,2026-05-31,ovsyannikov,Ярославская область,10841,campaign,DEVICE_ALL,0,,0
2026-06-01,2026-06-01,2026-06-07,ovsyannikov,Ярославская область,10841,campaign,DEVICE_ALL,0,,0
2026-06-08,2026-06-08,2026-06-14,ovsyannikov,Ярославская область,10841,campaign,DEVICE_ALL,0,,0
2026-06-15,2026-06-15,2026-06-21,ovsyannikov,Ярославская область,10841,campaign,DEVICE_ALL,0,,0
2026-06-22,2026-06-22,2026-06-28,ovsyannikov,Ярославская область,10841,campaign,DEVICE_ALL,0,,0
2026-06-29,2026-06-29,2026-07-05,ovsyannikov,Ярославская область,10841,campaign,DEVICE_ALL,0,,0
2026-07-06,2026-07-06,2026-07-12,ovsyannikov,Ярославская область,10841,campaign,DEVICE_ALL,0,,0
2026-07-13,2026-07-13,2026-07-19,ovsyannikov,Ярославская область,10841,campaign,DEVICE_ALL,0,,0
2026-07-20,2026-07-20,2026-07-26,ovsyannikov,Ярославская область,10841,campaign,DEVICE_ALL,0,,0
2026-07-27,2026-07-27,2026-08-02,ovsyannikov,Ярославская область,10841,campaign,DEVICE_ALL,0,,0
2026-08-03,2026-08-03,2026-08-09,ovsyannikov,Ярославская область,10841,campaign,DEVICE_ALL,0,,0
2026-08-10,2026-08-10,2026-08-16,ovsyannikov,Ярославская область,10841,campaign,DEVICE_ALL,0,,0
2026-08-17,2026-08-17,2026-08-23,ovsyannikov,Ярославская область,10841,campaign,DEVICE_ALL,0,,0
2026-08-24,2026-08-24,2026-08-30,ovsyannikov,Ярославская область,10841,campaign,DEVICE_ALL,0,,0
2026-08-31,2026-08-31,2026-09-06,ovsyannikov,Ярославская область,10841,campaign,DEVICE_ALL,0,,0
2026-09-07,2026-09-07,2026-09-13,ovsyannikov,Ярославская область,10841,campaign,DEVICE_ALL,0,,0
2026-03-30,2026-03-30,2026-04-05,ovsyannikov,Костромская область,10699,campaign,DEVICE_ALL,0,,0
2026-04-06,2026-04-06,2026-04-12,ovsyannikov,Костромская область,10699,campaign,DEVICE_ALL,0,,0
2026-04-13,2026-04-13,2026-04-19,ovsyannikov,Костромская область,10699,campaign,DEVICE_ALL,0,,0
2026-04-20,2026-04-20,2026-04-26,ovsyannikov,Костромская область,10699,campaign,DEVICE_ALL,0,,0
2026-04-27,2026-04-27,2026-05-03,ovsyannikov,Костромская область,10699,campaign,DEVICE_ALL,0,,0
2026-05-04,2026-05-04,2026-05-10,ovsyannikov,Костромская область,10699,campaign,DEVICE_ALL,0,,0
2026-05-11,2026-05-11,2026-05-17,ovsyannikov,Костромская область,10699,campaign,DEVICE_ALL,0,,0
2026-05-18,2026-05-18,2026-05-24,ovsyannikov,Костромская область,10699,campaign,DEVICE_ALL,0,,0
2026-05-25,2026-05-25,2026-05-31,ovsyannikov,Костромская область,10699,campaign,DEVICE_ALL,0,,0
2026-06-01,2026-06-01,2026-06-07,ovsyannikov,Костромская область,10699,campaign,DEVICE_ALL,0,,0
2026-06-08,2026-06-08,2026-06-14,ovsyannikov,Костромская область,10699,campaign,DEVICE_ALL,0,,0
2026-06-15,2026-06-15,2026-06-21,ovsyannikov,Костромская область,10699,campaign,DEVICE_ALL,0,,0
2026-06-22,2026-06-22,2026-06-28,ovsyannikov,Костромская область,10699,campaign,DEVICE_ALL,0,,0
2026-06-29,2026-06-29,2026-07-05,ovsyannikov,Костромская область,10699,campaign,DEVICE_ALL,0,,0
2026-07-06,2026-07-06,2026-07-12,ovsyannikov,Костромская область,10699,campaign,DEVICE_ALL,0,,0
2026-07-13,2026-07-13,2026-07-19,ovsyannikov,Костромская область,10699,campaign,DEVICE_ALL,0,,0
2026-07-20,2026-07-20,2026-07-26,ovsyannikov,Костромская область,10699,campaign,DEVICE_ALL,0,,0
2026-07-27,2026-07-27,2026-08-02,ovsyannikov,Костромская область,10699,campaign,DEVICE_ALL,1,9.603935615983945e-06,0
2026-08-03,2026-08-03,2026-08-09,ovsyannikov,Костромская область,10699,campaign,DEVICE_ALL,0,,0
2026-08-10,2026-08-10,2026-08-16,ovsyannikov,Костромская область,10699,campaign,DEVICE_ALL,0,,0
2026-08-17,2026-08-17,2026-08-23,ovsyannikov,Костромская область,10699,campaign,DEVICE_ALL,0,,0
2026-08-24,2026-08-24,2026-08-30,ovsyannikov,Костромская область,10699,campaign,DEVICE_ALL,0,,0
2026-08-31,2026-08-31,2026-09-06,ovsyannikov,Костромская область,10699,campaign,DEVICE_ALL,0,,0
2026-09-07,2026-09-07,2026-09-13,ovsyannikov,Костромская область,10699,campaign,DEVICE_ALL,0,,0
2026-03-30,2026-03-30,2026-04-05,ovsyannikov,Липецкая область,10712,campaign,DEVICE_ALL,2,1.1095396331440348e-05,0
2026-04-06,2026-04-06,2026-04-12,ovsyannikov,Липецкая область,10712,campaign,DEVICE_ALL,0,,0
2026-04-13,2026-04-13,2026-04-19,ovsyannikov,Липецкая область,10712,campaign,DEVICE_ALL,4,1.9987906317282728e-05,0
2026-04-20,2026-04-20,2026-04-26,ovsyannikov,Липецкая область,10712,campaign,DEVICE_ALL,0,,0
2026-04-27,2026-04-27,2026-05-03,ovsyannikov,Липецкая область,10712,campaign,DEVICE_ALL,0,,0
2026-05-04,2026-05-04,2026-05-10,ovsyannikov,Липецкая область,10712,campaign,DEVICE_ALL,1,6.296107972711157e-06,0
2026-05-11,2026-05-11,2026-05-17,ovsyannikov,Липецкая область,10712,campaign,DEVICE_ALL,0,,0
2026-05-18,2026-05-18,2026-05-24,ovsyannikov,Липецкая область,10712,campaign,DEVICE_ALL,0,,0
2026-05-25,2026-05-25,2026-05-31,ovsyannikov,Липецкая область,10712,campaign,DEVICE_ALL,0,,0
2026-06-01,2026-06-01,2026-06-07,ovsyannikov,Липецкая область,10712,campaign,DEVICE_ALL,0,,0
2026-06-08,2026-06-08,2026-06-14,ovsyannikov,Липецкая область,10712,campaign,DEVICE_ALL,0,,0
2026-06-15,2026-06-15,2026-06-21,ovsyannikov,Липецкая область,10712,campaign,DEVICE_ALL,0,,0
2026-06-22,2026-06-22,2026-06-28,ovsyannikov,Липецкая область,10712,campaign,DEVICE_ALL,0,,0
2026-06-29,2026-06-29,2026-07-05,ovsyannikov,Липецкая область,10712,campaign,DEVICE_ALL,0,,0
2026-07-06,2026-07-06,2026-07-12,ovsyannikov,Липецкая область,10712,campaign,DEVICE_ALL,0,,0
2026-07-13,2026-07-13,2026-07-19,ovsyannikov,Липецкая область,10712,campaign,DEVICE_ALL,0,,0
2026-07-20,2026-07-20,2026-07-26,ovsyannikov,Липецкая область,10712,campaign,DEVICE_ALL,0,,0
2026-07-27,2026-07-27,2026-08-02,ovsyannikov,Липецкая область,10712,campaign,DEVICE_ALL,0,,0
2026-08-03,2026-08-03,2026-08-09,ovsyannikov,Липецкая область,10712,campaign,DEVICE_ALL,0,,0
2026-08-10,2026-08-10,2026-08-16,ovsyannikov,Липецкая область,10712,campaign,DEVICE_ALL,0,,0
2026-08-17,2026-08-17,2026-08-23,ovsyannikov,Липецкая область,10712,campaign,DEVICE_ALL,0,,0
2026-08-24,2026-08-24,2026-08-30,ovsyannikov,Липецкая область,10712,campaign,DEVICE_ALL,0,,0
2026-08-31,2026-08-31,2026-09-06,ovsyannikov,Липецкая область,10712,campaign,DEVICE_ALL,1,5.18256760465094e-06,0
2026-09-07,2026-09-07,2026-09-13,ovsyannikov,Липецкая область,10712,campaign,DEVICE_ALL,0,,0
2026-03-30,2026-03-30,2026-04-05,ovsyannikov,Республика Башкортостан,11111,campaign,DEVICE_ALL,0,,0
2026-04-06,2026-04-06,2026-04-12,ovsyannikov,Республика Башкортостан,11111,campaign,DEVICE_ALL,0,,0
2026-04-13,2026-04-13,2026-04-19,ovsyannikov,Республика Башкортостан,11111,campaign,DEVICE_ALL,0,,0
2026-04-20,2026-04-20,2026-04-26,ovsyannikov,Республика Башкортостан,11111,campaign,DEVICE_ALL,0,,0
2026-04-27,2026-04-27,2026-05-03,ovsyannikov,Республика Башкортостан,11111,campaign,DEVICE_ALL,0,,0
2026-05-04,2026-05-04,2026-05-10,ovsyannikov,Республика Башкортостан,11111,campaign,DEVICE_ALL,0,,0
2026-05-11,2026-05-11,2026-05-17,ovsyannikov,Республика Башкортостан,11111,campaign,DEVICE_ALL,0,,0
2026-05-18,2026-05-18,2026-05-24,ovsyannikov,Республика Башкортостан,11111,campaign,DEVICE_ALL,0,,0
2026-05-25,2026-05-25,2026-05-31,ovsyannikov,Республика Башкортостан,11111,campaign,DEVICE_ALL,1,1.9633356877000455e-06,0
2026-06-01,2026-06-01,2026-06-07,ovsyannikov,Республика Башкортостан,11111,campaign,DEVICE_ALL,0,,0
2026-06-08,2026-06-08,2026-06-14,ovsyannikov,Республика Башкортостан,11111,campaign,DEVICE_ALL,1,1.9336877744350117e-06,0
2026-06-15,2026-06-15,2026-06-21,ovsyannikov,Республика Башкортостан,11111,campaign,DEVICE_ALL,2,3.825089080587053e-06,0
2026-06-22,2026-06-22,2026-06-28,ovsyannikov,Республика Башкортостан,11111,campaign,DEVICE_ALL,0,,0
2026-06-29,2026-06-29,2026-07-05,ovsyannikov,Республика Башкортостан,11111,campaign,DEVICE_ALL,0,,0
2026-07-06,2026-07-06,2026-07-12,ovsyannikov,Республика Башкортостан,11111,campaign,DEVICE_ALL,0,,0
2026-07-13,2026-07-13,2026-07-19,ovsyannikov,Республика Башкортостан,11111,campaign,DEVICE_ALL,0,,0
2026-07-20,2026-07-20,2026-07-26,ovsyannikov,Республика Башкортостан,11111,campaign,DEVICE_ALL,0,,0
2026-07-27,2026-07-27,2026-08-02,ovsyannikov,Республика Башкортостан,11111,campaign,DEVICE_ALL,0,,0
2026-08-03,2026-08-03,2026-08-09,ovsyannikov,Республика Башкортостан,11111,campaign,DEVICE_ALL,0,,0
2026-08-10,2026-08-10,2026-08-16,ovsyannikov,Республика Башкортостан,11111,campaign,DEVICE_ALL,0,,0
2026-08-17,2026-08-17,2026-08-23,ovsyannikov,Республика Башкортостан,11111,campaign,DEVICE_ALL,0,,0
2026-08-24,2026-08-24,2026-08-30,ovsyannikov,Республика Башкортостан,11111,campaign,DEVICE_ALL,2,3.6227431102897953e-06,0
2026-08-31,2026-08-31,2026-09-06,ovsyannikov,Республика Башкортостан,11111,campaign,DEVICE_ALL,0,,0
2026-09-07,2026-09-07,2026-09-13,ovsyannikov,Республика Башкортостан,11111,campaign,DEVICE_ALL,2,3.14022548137851e-06,0
2026-03-30,2026-03-30,2026-04-05,ovsyannikov,Новосибирская область,11316,campaign,DEVICE_ALL,0,,0
2026-04-06,2026-04-06,2026-04-12,ovsyannikov,Новосибирская область,11316,campaign,DEVICE_ALL,2,3.6015107689403767e-06,0
2026-04-13,2026-04-13,2026-04-19,ovsyannikov,Новосибирская область,11316,campaign,DEVICE_ALL,0,,0
2026-04-20,2026-04-20,2026-04-26,ovsyannikov,Новосибирская область,11316,campaign,DEVICE_ALL,0,,0
2026-04-27,2026-04-27,2026-05-03,ovsyannikov,Новосибирская область,11316,campaign,DEVICE_ALL,0,,0
2026-05-04,2026-05-04,2026-05-10,ovsyannikov,Новосибирская область,11316,campaign,DEVICE_ALL,0,,0
2026-05-11,2026-05-11,2026-05-17,ovsyannikov,Новосибирская область,11316,campaign,DEVICE_ALL,1,1.9007882797090547e-06,0
2026-05-18,2026-05-18,2026-05-24,ovsyannikov,Новосибирская область,11316,campaign,DEVICE_ALL,0,,0
2026-05-25,2026-05-25,2026-05-31,ovsyannikov,Новосибирская область,11316,campaign,DEVICE_ALL,0,,0
2026-06-01,2026-06-01,2026-06-07,ovsyannikov,Новосибирская область,11316,campaign,DEVICE_ALL,2,4.145838578250993e-06,0
2026-06-08,2026-06-08,2026-06-14,ovsyannikov,Новосибирская область,11316,campaign,DEVICE_ALL,0,,0
2026-06-15,2026-06-15,2026-06-21,ovsyannikov,Новосибирская область,11316,campaign,DEVICE_ALL,0,,0
2026-06-22,2026-06-22,2026-06-28,ovsyannikov,Новосибирская область,11316,campaign,DEVICE_ALL,0,,0
2026-06-29,2026-06-29,2026-07-05,ovsyannikov,Новосибирская область,11316,campaign,DEVICE_ALL,1,2.033822509001139e-06,0
2026-07-06,2026-07-06,2026-07-12,ovsyannikov,Новосибирская область,11316,campaign,DEVICE_ALL,0,,0
2026-07-13,2026-07-13,2026-07-19,ovsyannikov,Новосибирская область,11316,campaign,DEVICE_ALL,0,,0
2026-07-20,2026-07-20,2026-07-26,ovsyannikov,Новосибирская область,11316,campaign,DEVICE_ALL,0,,0
2026-07-27,2026-07-27,2026-08-02,ovsyannikov,Новосибирская область,11316,campaign,DEVICE_ALL,0,,0
2026-08-03,2026-08-03,2026-08-09,ovsyannikov,Новосибирская область,11316,campaign,DEVICE_ALL,3,5.692860930371738e-06,0
2026-08-10,2026-08-10,2026-08-16,ovsyannikov,Новосибирская область,11316,campaign,DEVICE_ALL,0,,0
2026-08-17,2026-08-17,2026-08-23,ovsyannikov,Новосибирская область,11316,campaign,DEVICE_ALL,0,,0
2026-08-24,2026-08-24,2026-08-30,ovsyannikov,Новосибирская область,11316,campaign,DEVICE_ALL,0,,0
2026-08-31,2026-08-31,2026-09-06,ovsyannikov,Новосибирская область,11316,campaign,DEVICE_ALL,1,1.886392537612215e-06,0
2026-09-07,2026-09-07,2026-09-13,ovsyannikov,Новосибирская область,11316,campaign,DEVICE_ALL,0,,0
2026-03-30,2026-03-30,2026-04-05,ovsyannikov,Саратовская область,11146,campaign,DEVICE_ALL,0,,0
2026-04-06,2026-04-06,2026-04-12,ovsyannikov,Саратовская область,11146,campaign,DEVICE_ALL,0,,0
2026-04-13,2026-04-13,2026-04-19,ovsyannikov,Саратовская область,11146,campaign,DEVICE_ALL,0,,0
2026-04-20,2026-04-20,2026-04-26,ovsyannikov,Саратовская область,11146,campaign,DEVICE_ALL,0,,0
2026-04-27,2026-04-27,2026-05-03,ovsyannikov,Саратовская область,11146,campaign,DEVICE_ALL,0,,0
2026-05-04,2026-05-04,2026-05-10,ovsyannikov,Саратовская область,11146,campaign,DEVICE_ALL,0,,0
2026-05-11,2026-05-11,2026-05-17,ovsyannikov,Саратовская область,11146,campaign,DEVICE_ALL,0,,0
2026-05-18,2026-05-18,2026-05-24,ovsyannikov,Саратовская область,11146,campaign,DEVICE_ALL,0,,0
2026-05-25,2026-05-25,2026-05-31,ovsyannikov,Саратовская область,11146,campaign,DEVICE_ALL,0,,0
2026-06-01,2026-06-01,2026-06-07,ovsyannikov,Саратовская область,11146,campaign,DEVICE_ALL,0,,0
2026-06-08,2026-06-08,2026-06-14,ovsyannikov,Саратовская область,11146,campaign,DEVICE_ALL,0,,0
2026-06-15,2026-06-15,2026-06-21,ovsyannikov,Саратовская область,11146,campaign,DEVICE_ALL,0,,0
2026-06-22,2026-06-22,2026-06-28,ovsyannikov,Саратовская область,11146,campaign,DEVICE_ALL,0,,0
2026-06-29,2026-06-29,2026-07-05,ovsyannikov,Саратовская область,11146,campaign,DEVICE_ALL,0,,0
2026-07-06,2026-07-06,2026-07-12,ovsyannikov,Саратовская область,11146,campaign,DEVICE_ALL,1,3.046076073739531e-06,0
2026-07-13,2026-07-13,2026-07-19,ovsyannikov,Саратовская область,11146,campaign,DEVICE_ALL,0,,0
2026-07-20,2026-07-20,2026-07-26,ovsyannikov,Саратовская область,11146,campaign,DEVICE_ALL,1,2.7391183183522737e-06,0
2026-07-27,2026-07-27,2026-08-02,ovsyannikov,Саратовская область,11146,campaign,DEVICE_ALL,0,,0
2026-08-03,2026-08-03,2026-08-09,ovsyannikov,Саратовская область,11146,campaign,DEVICE_ALL,0,,0
2026-08-10,2026-08-10,2026-08-16,ovsyannikov,Саратовская область,11146,campaign,DEVICE_ALL,0,,0
2026-08-17,2026-08-17,2026-08-23,ovsyannikov,Саратовская область,11146,campaign,DEVICE_ALL,0,,0
2026-08-24,2026-08-24,2026-08-30,ovsyannikov,Саратовская область,11146,campaign,DEVICE_ALL,0,,0
2026-08-31,2026-08-31,2026-09-06,ovsyannikov,Саратовская область,11146,campaign,DEVICE_ALL,0,,0
2026-09-07,2026-09-07,2026-09-13,ovsyannikov,Саратовская область,11146,campaign,DEVICE_ALL,0,,0
2026-03-30,2026-03-30,2026-04-05,ovsyannikov,Томская область,11353,campaign,DEVICE_ALL,0,,0
2026-04-06,2026-04-06,2026-04-12,ovsyannikov,Томская область,11353,campaign,DEVICE_ALL,1,6.589471447952006e-06,0
2026-04-13,2026-04-13,2026-04-19,ovsyannikov,Томская область,11353,campaign,DEVICE_ALL,0,,0
2026-04-20,2026-04-20,2026-04-26,ovsyannikov,Томская область,11353,campaign,DEVICE_ALL,0,,0
2026-04-27,2026-04-27,2026-05-03,ovsyannikov,Томская область,11353,campaign,DEVICE_ALL,0,,0
2026-05-04,2026-05-04,2026-05-10,ovsyannikov,Томская область,11353,campaign,DEVICE_ALL,0,,0
2026-05-11,2026-05-11,2026-05-17,ovsyannikov,Томская область,11353,campaign,DEVICE_ALL,0,,0
2026-05-18,2026-05-18,2026-05-24,ovsyannikov,Томская область,11353,campaign,DEVICE_ALL,0,,0
2026-05-25,2026-05-25,2026-05-31,ovsyannikov,Томская область,11353,campaign,DEVICE_ALL,1,7.75793625241718e-06,0
2026-06-01,2026-06-01,2026-06-07,ovsyannikov,Томская область,11353,campaign,DEVICE_ALL,1,7.806418921635341e-06,0
2026-06-08,2026-06-08,2026-06-14,ovsyannikov,Томская область,11353,campaign,DEVICE_ALL,0,,0
2026-06-15,2026-06-15,2026-06-21,ovsyannikov,Томская область,11353,campaign,DEVICE_ALL,0,,0
2026-06-22,2026-06-22,2026-06-28,ovsyannikov,Томская область,11353,campaign,DEVICE_ALL,3,2.1750968951289355e-05,0
2026-06-29,2026-06-29,2026-07-05,ovsyannikov,Томская область,11353,campaign,DEVICE_ALL,0,,0
2026-07-06,2026-07-06,2026-07-12,ovsyannikov,Томская область,11353,campaign,DEVICE_ALL,1,8.091341536335383e-06,0
2026-07-13,2026-07-13,2026-07-19,ovsyannikov,Томская область,11353,campaign,DEVICE_ALL,0,,0
2026-07-20,2026-07-20,2026-07-26,ovsyannikov,Томская область,11353,campaign,DEVICE_ALL,0,,0
2026-07-27,2026-07-27,2026-08-02,ovsyannikov,Томская область,11353,campaign,DEVICE_ALL,2,1.5206959495427e-05,0
2026-08-03,2026-08-03,2026-08-09,ovsyannikov,Томская область,11353,campaign,DEVICE_ALL,0,,0
2026-08-10,2026-08-10,2026-08-16,ovsyannikov,Томская область,11353,campaign,DEVICE_ALL,0,,0
2026-08-17,2026-08-17,2026-08-23,ovsyannikov,Томская область,11353,campaign,DEVICE_ALL,0,,0
2026-08-24,2026-08-24,2026-08-30,ovsyannikov,Томская область,11353,campaign,DEVICE_ALL,0,,0
2026-08-31,2026-08-31,2026-09-06,ovsyannikov,Томская область,11353,campaign,DEVICE_ALL,0,,0
2026-09-07,2026-09-07,2026-09-13,ovsyannikov,Томская область,11353,campaign,DEVICE_ALL,0,,0
2026-03-30,2026-03-30,2026-04-05,ovsyannikov,Вологодская область,10853,campaign,DEVICE_ALL,0,,0
2026-04-06,2026-04-06,2026-04-12,ovsyannikov,Вологодская область,10853,campaign,DEVICE_ALL,0,,0
2026-04-13,2026-04-13,2026-04-19,ovsyannikov,Вологодская область,10853,campaign,DEVICE_ALL,7,3.5050683288034495e-05,0
2026-04-20,2026-04-20,2026-04-26,ovsyannikov,Вологодская область,10853,campaign,DEVICE_ALL,0,,0
2026-04-27,2026-04-27,2026-05-03,ovsyannikov,Вологодская область,10853,campaign,DEVICE_ALL,0,,0
2026-05-04,2026-05-04,2026-05-10,ovsyannikov,Вологодская область,10853,campaign,DEVICE_ALL,0,,0
2026-05-11,2026-05-11,2026-05-17,ovsyannikov,Вологодская область,10853,campaign,DEVICE_ALL,0,,0
2026-05-18,2026-05-18,2026-05-24,ovsyannikov,Вологодская область,10853,campaign,DEVICE_ALL,0,,0
2026-05-25,2026-05-25,2026-05-31,ovsyannikov,Вологодская область,10853,campaign,DEVICE_ALL,0,,0
2026-06-01,2026-06-01,2026-06-07,ovsyannikov,Вологодская область,10853,campaign,DEVICE_ALL,0,,0
2026-06-08,2026-06-08,2026-06-14,ovsyannikov,Вологодская область,10853,campaign,DEVICE_ALL,0,,0
2026-06-15,2026-06-15,2026-06-21,ovsyannikov,Вологодская область,10853,campaign,DEVICE_ALL,0,,0
2026-06-22,2026-06-22,2026-06-28,ovsyannikov,Вологодская область,10853,campaign,DEVICE_ALL,0,,0
2026-06-29,2026-06-29,2026-07-05,ovsyannikov,Вологодская область,10853,campaign,DEVICE_ALL,0,,0
2026-07-06,2026-07-06,2026-07-12,ovsyannikov,Вологодская область,10853,campaign,DEVICE_ALL,0,,0
2026-07-13,2026-07-13,2026-07-19,ovsyannikov,Вологодская область,10853,campaign,DEVICE_ALL,0,,0
2026-07-20,2026-07-20,2026-07-26,ovsyannikov,Вологодская область,10853,campaign,DEVICE_ALL,0,,0
2026-07-27,2026-07-27,2026-08-02,ovsyannikov,Вологодская область,10853,campaign,DEVICE_ALL,0,,0
2026-08-03,2026-08-03,2026-08-09,ovsyannikov,Вологодская область,10853,campaign,DEVICE_ALL,0,,0
2026-08-10,2026-08-10,2026-08-16,ovsyannikov,Вологодская область,10853,campaign,DEVICE_ALL,0,,0
2026-08-17,2026-08-17,2026-08-23,ovsyannikov,Вологодская область,10853,campaign,DEVICE_ALL,0,,0
2026-08-24,2026-08-24,2026-08-30,ovsyannikov,Вологодская область,10853,campaign,DEVICE_ALL,0,,0
2026-08-31,2026-08-31,2026-09-06,ovsyannikov,Вологодская область,10853,campaign,DEVICE_ALL,0,,0
2026-09-07,2026-09-07,2026-09-13,ovsyannikov,Вологодская область,10853,campaign,DEVICE_ALL,0,,0
2026-03-30,2026-03-30,2026-04-05,ovsyannikov,Алтайский край,11235,campaign,DEVICE_ALL,0,,0
2026-04-06,2026-04-06,2026-04-12,ovsyannikov,Алтайский край,11235,campaign,DEVICE_ALL,0,,0
2026-04-13,2026-04-13,2026-04-19,ovsyannikov,Алтайский край,11235,campaign,DEVICE_ALL,1,3.0924072835221353e-06,0
2026-04-20,2026-04-20,2026-04-26,ovsyannikov,Алтайский край,11235,campaign,DEVICE_ALL,3,1.0091902244183398e-05,0
2026-04-27,2026-04-27,2026-05-03,ovsyannikov,Алтайский край,11235,campaign,DEVICE_ALL,0,,0
2026-05-04,2026-05-04,2026-05-10,ovsyannikov,Алтайский край,11235,campaign,DEVICE_ALL,0,,0
2026-05-11,2026-05-11,2026-05-17,ovsyannikov,Алтайский край,11235,campaign,DEVICE_ALL,0,,0
2026-05-18,2026-05-18,2026-05-24,ovsyannikov,Алтайский край,11235,campaign,DEVICE_ALL,0,,0
2026-05-25,2026-05-25,2026-05-31,ovsyannikov,Алтайский край,11235,campaign,DEVICE_ALL,0,,0
2026-06-01,2026-06-01,2026-06-07,ovsyannikov,Алтайский край,11235,campaign,DEVICE_ALL,0,,0
2026-06-08,2026-06-08,2026-06-14,ovsyannikov,Алтайский край,11235,campaign,DEVICE_ALL,1,3.594201948431253e-06,0
2026-06-15,2026-06-15,2026-06-21,ovsyannikov,Алтайский край,11235,campaign,DEVICE_ALL,0,,0
2026-06-22,2026-06-22,2026-06-28,ovsyannikov,Алтайский край,11235,campaign,DEVICE_ALL,0,,0
2026-06-29,2026-06-29,2026-07-05,ovsyannikov,Алтайский край,11235,campaign,DEVICE_ALL,0,,0
2026-07-06,2026-07-06,2026-07-12,ovsyannikov,Алтайский край,11235,campaign,DEVICE_ALL,0,,0
2026-07-13,2026-07-13,2026-07-19,ovsyannikov,Алтайский край,11235,campaign,DEVICE_ALL,1,3.3484172835120984e-06,0
2026-07-20,2026-07-20,2026-07-26,ovsyannikov,Алтайский край,11235,campaign,DEVICE_ALL,0,,0
2026-07-27,2026-07-27,2026-08-02,ovsyannikov,Алтайский край,11235,campaign,DEVICE_ALL,0,,0
2026-08-03,2026-08-03,2026-08-09,ovsyannikov,Алтайский край,11235,campaign,DEVICE_ALL,2,6.677072884757562e-06,0
2026-08-10,2026-08-10,2026-08-16,ovsyannikov,Алтайский край,11235,campaign,DEVICE_ALL,0,,0
2026-08-17,2026-08-17,2026-08-23,ovsyannikov,Алтайский край,11235,campaign,DEVICE_ALL,0,,0
2026-08-24,2026-08-24,2026-08-30,ovsyannikov,Алтайский край,11235,campaign,DEVICE_ALL,0,,0
2026-08-31,2026-08-31,2026-09-06,ovsyannikov,Алтайский край,11235,campaign,DEVICE_ALL,0,,0
2026-09-07,2026-09-07,2026-09-13,ovsyannikov,Алтайский край,11235,campaign,DEVICE_ALL,0,,0
2026-03-30,2026-03-30,2026-04-05,ovsyannikov,Ивановская область,10687,campaign,DEVICE_ALL,1,6.625304449302706e-06,0
2026-04-06,2026-04-06,2026-04-12,ovsyannikov,Ивановская область,10687,campaign,DEVICE_ALL,0,,0
2026-04-13,2026-04-13,2026-04-19,ovsyannikov,Ивановская область,10687,campaign,DEVICE_ALL,0,,0
2026-04-20,2026-04-20,2026-04-26,ovsyannikov,Ивановская область,10687,campaign,DEVICE_ALL,0,,0
2026-04-27,2026-04-27,2026-05-03,ovsyannikov,Ивановская область,10687,campaign,DEVICE_ALL,0,,0
2026-05-04,2026-05-04,2026-05-10,ovsyannikov,Ивановская область,10687,campaign,DEVICE_ALL,0,,0
2026-05-11,2026-05-11,2026-05-17,ovsyannikov,Ивановская область,10687,campaign,DEVICE_ALL,0,,0
2026-05-18,2026-05-18,2026-05-24,ovsyannikov,Ивановская область,10687,campaign,DEVICE_ALL,0,,0
2026-05-25,2026-05-25,2026-05-31,ovsyannikov,Ивановская область,10687,campaign,DEVICE_ALL,0,,0
2026-06-01,2026-06-01,2026-06-07,ovsyannikov,Ивановская область,10687,campaign,DEVICE_ALL,0,,0
2026-06-08,2026-06-08,2026-06-14,ovsyannikov,Ивановская область,10687,campaign,DEVICE_ALL,0,,0
2026-06-15,2026-06-15,2026-06-21,ovsyannikov,Ивановская область,10687,campaign,DEVICE_ALL,0,,0
2026-06-22,2026-06-22,2026-06-28,ovsyannikov,Ивановская область,10687,campaign,DEVICE_ALL,0,,0
2026-06-29,2026-06-29,2026-07-05,ovsyannikov,Ивановская область,10687,campaign,DEVICE_ALL,0,,0
2026-07-06,2026-07-06,2026-07-12,ovsyannikov,Ивановская область,10687,campaign,DEVICE_ALL,0,,0
2026-07-13,2026-07-13,2026-07-19,ovsyannikov,Ивановская область,10687,campaign,DEVICE_ALL,0,,0
2026-07-20,2026-07-20,2026-07-26,ovsyannikov,Ивановская область,10687,campaign,DEVICE_ALL,0,,0
2026-07-27,2026-07-27,2026-08-02,ovsyannikov,Ивановская область,10687,campaign,DEVICE_ALL,3,1.847355707356195e-05,0
2026-08-03,2026-08-03,2026-08-09,ovsyannikov,Ивановская область,10687,campaign,DEVICE_ALL,0,,0
2026-08-10,2026-08-10,2026-08-16,ovsyannikov,Ивановская область,10687,campaign,DEVICE_ALL,0,,0
2026-08-17,2026-08-17,2026-08-23,ovsyannikov,Ивановская область,10687,campaign,DEVICE_ALL,0,,0
2026-08-24,2026-08-24,2026-08-30,ovsyannikov,Ивановская область,10687,campaign,DEVICE_ALL,0,,0
2026-08-31,2026-08-31,2026-09-06,ovsyannikov,Ивановская область,10687,campaign,DEVICE_ALL,0,,0
2026-09-07,2026-09-07,2026-09-13,ovsyannikov,Ивановская область,10687,campaign,DEVICE_ALL,0,,0
2026-03-30,2026-03-30,2026-04-05,ovsyannikov,Омская область,11318,campaign,DEVICE_ALL,0,,0
2026-04-06,2026-04-06,2026-04-12,ovsyannikov,Омская область,11318,campaign,DEVICE_ALL,0,,0
2026-04-13,2026-04-13,2026-04-19,ovsyannikov,Омская область,11318,campaign,DEVICE_ALL,0,,0
2026-04-20,2026-04-20,2026-04-26,ovsyannikov,Омская область,11318,campaign,DEVICE_ALL,0,,0
2026-04-27,2026-04-27,2026-05-03,ovsyannikov,Омская область,11318,campaign,DEVICE_ALL,1,3.9094132650927005e-06,0
2026-05-04,2026-05-04,2026-05-10,ovsyannikov,Омская область,11318,campaign,DEVICE_ALL,1,4.066971469910451e-06,0
2026-05-11,2026-05-11,2026-05-17,ovsyannikov,Омская область,11318,campaign,DEVICE_ALL,0,,0
2026-05-18,2026-05-18,2026-05-24,ovsyannikov,Омская область,11318,campaign,DEVICE_ALL,1,3.893932851542214e-06,0
2026-05-25,2026-05-25,2026-05-31,ovsyannikov,Омская область,11318,campaign,DEVICE_ALL,0,,0
2026-06-01,2026-06-01,2026-06-07,ovsyannikov,Омская область,11318,campaign,DEVICE_ALL,0,,0
2026-06-08,2026-06-08,2026-06-14,ovsyannikov,Омская область,11318,campaign,DEVICE_ALL,0,,0
2026-06-15,2026-06-15,2026-06-21,ovsyannikov,Омская область,11318,campaign,DEVICE_ALL,0,,0
2026-06-22,2026-06-22,2026-06-28,ovsyannikov,Омская область,11318,campaign,DEVICE_ALL,0,,0
2026-06-29,2026-06-29,2026-07-05,ovsyannikov,Омская область,11318,campaign,DEVICE_ALL,0,,0
2026-07-06,2026-07-06,2026-07-12,ovsyannikov,Омская область,11318,campaign,DEVICE_ALL,0,,0
2026-07-13,2026-07-13,2026-07-19,ovsyannikov,Омская область,11318,campaign,DEVICE_ALL,0,,0
2026-07-20,2026-07-20,2026-07-26,ovsyannikov,Омская область,11318,campaign,DEVICE_ALL,0,,0
2026-07-27,2026-07-27,2026-08-02,ovsyannikov,Омская область,11318,campaign,DEVICE_ALL,1,3.825438654443268e-06,0
2026-08-03,2026-08-03,2026-08-09,ovsyannikov,Омская область,11318,campaign,DEVICE_ALL,1,3.852349758070509e-06,0
2026-08-10,2026-08-10,2026-08-16,ovsyannikov,Омская область,11318,campaign,DEVICE_ALL,0,,0
2026-08-17,2026-08-17,2026-08-23,ovsyannikov,Омская область,11318,campaign,DEVICE_ALL,0,,0
2026-08-24,2026-08-24,2026-08-30,ovsyannikov,Омская область,11318,campaign,DEVICE_ALL,0,,0
2026-08-31,2026-08-31,2026-09-06,ovsyannikov,Омская область,11318,campaign,DEVICE_ALL,0,,0
2026-09-07,2026-09-07,2026-09-13,ovsyannikov,Омская область,11318,campaign,DEVICE_ALL,0,,0
2026-03-30,2026-03-30,2026-04-05,ovsyannikov,Астраханская область,10946,control,DEVICE_ALL,0,,0
2026-04-06,2026-04-06,2026-04-12,ovsyannikov,Астраханская область,10946,control,DEVICE_ALL,1,8.674115476591035e-06,0
2026-04-13,2026-04-13,2026-04-19,ovsyannikov,Астраханская область,10946,control,DEVICE_ALL,0,,0
2026-04-20,2026-04-20,2026-04-26,ovsyannikov,Астраханская область,10946,control,DEVICE_ALL,0,,0
2026-04-27,2026-04-27,2026-05-03,ovsyannikov,Астраханская область,10946,control,DEVICE_ALL,0,,0
2026-05-04,2026-05-04,2026-05-10,ovsyannikov,Астраханская область,10946,control,DEVICE_ALL,0,,0
2026-05-11,2026-05-11,2026-05-17,ovsyannikov,Астраханская область,10946,control,DEVICE_ALL,0,,0
2026-05-18,2026-05-18,2026-05-24,ovsyannikov,Астраханская область,10946,control,DEVICE_ALL,0,,0
2026-05-25,2026-05-25,2026-05-31,ovsyannikov,Астраханская область,10946,control,DEVICE_ALL,0,,0
2026-06-01,2026-06-01,2026-06-07,ovsyannikov,Астраханская область,10946,control,DEVICE_ALL,0,,0
2026-06-08,2026-06-08,2026-06-14,ovsyannikov,Астраханская область,10946,control,DEVICE_ALL,0,,0
2026-06-15,2026-06-15,2026-06-21,ovsyannikov,Астраханская область,10946,control,DEVICE_ALL,0,,0
2026-06-22,2026-06-22,2026-06-28,ovsyannikov,Астраханская область,10946,control,DEVICE_ALL,0,,0
2026-06-29,2026-06-29,2026-07-05,ovsyannikov,Астраханская область,10946,control,DEVICE_ALL,0,,0
2026-07-06,2026-07-06,2026-07-12,ovsyannikov,Астраханская область,10946,control,DEVICE_ALL,0,,0
2026-07-13,2026-07-13,2026-07-19,ovsyannikov,Астраханская область,10946,control,DEVICE_ALL,0,,0
2026-07-20,2026-07-20,2026-07-26,ovsyannikov,Астраханская область,10946,control,DEVICE_ALL,0,,0
2026-07-27,2026-07-27,2026-08-02,ovsyannikov,Астраханская область,10946,control,DEVICE_ALL,0,,0
2026-08-03,2026-08-03,2026-08-09,ovsyannikov,Астраханская область,10946,control,DEVICE_ALL,0,,0
2026-08-10,2026-08-10,2026-08-16,ovsyannikov,Астраханская область,10946,control,DEVICE_ALL,0,,0
2026-08-17,2026-08-17,2026-08-23,ovsyannikov,Астраханская область,10946,control,DEVICE_ALL,0,,0
2026-08-24,2026-08-24,2026-08-30,ovsyannikov,Астраханская область,10946,control,DEVICE_ALL,0,,0
2026-08-31,2026-08-31,2026-09-06,ovsyannikov,Астраханская область,10946,control,DEVICE_ALL,0,,0
2026-09-07,2026-09-07,2026-09-13,ovsyannikov,Астраханская область,10946,control,DEVICE_ALL,0,,0
2026-03-30,2026-03-30,2026-04-05,ovsyannikov,Кемеровская область,11282,control,DEVICE_ALL,0,,0
2026-04-06,2026-04-06,2026-04-12,ovsyannikov,Кемеровская область,11282,control,DEVICE_ALL,0,,0
2026-04-13,2026-04-13,2026-04-19,ovsyannikov,Кемеровская область,11282,control,DEVICE_ALL,0,,0
2026-04-20,2026-04-20,2026-04-26,ovsyannikov,Кемеровская область,11282,control,DEVICE_ALL,0,,0
2026-04-27,2026-04-27,2026-05-03,ovsyannikov,Кемеровская область,11282,control,DEVICE_ALL,1,3.0867568193094664e-06,0
2026-05-04,2026-05-04,2026-05-10,ovsyannikov,Кемеровская область,11282,control,DEVICE_ALL,0,,0
2026-05-11,2026-05-11,2026-05-17,ovsyannikov,Кемеровская область,11282,control,DEVICE_ALL,0,,0
2026-05-18,2026-05-18,2026-05-24,ovsyannikov,Кемеровская область,11282,control,DEVICE_ALL,0,,0
2026-05-25,2026-05-25,2026-05-31,ovsyannikov,Кемеровская область,11282,control,DEVICE_ALL,0,,0
2026-06-01,2026-06-01,2026-06-07,ovsyannikov,Кемеровская область,11282,control,DEVICE_ALL,0,,0
2026-06-08,2026-06-08,2026-06-14,ovsyannikov,Кемеровская область,11282,control,DEVICE_ALL,0,,0
2026-06-15,2026-06-15,2026-06-21,ovsyannikov,Кемеровская область,11282,control,DEVICE_ALL,0,,0
2026-06-22,2026-06-22,2026-06-28,ovsyannikov,Кемеровская область,11282,control,DEVICE_ALL,0,,0
2026-06-29,2026-06-29,2026-07-05,ovsyannikov,Кемеровская область,11282,control,DEVICE_ALL,0,,0
2026-07-06,2026-07-06,2026-07-12,ovsyannikov,Кемеровская область,11282,control,DEVICE_ALL,0,,0
2026-07-13,2026-07-13,2026-07-19,ovsyannikov,Кемеровская область,11282,control,DEVICE_ALL,0,,0
2026-07-20,2026-07-20,2026-07-26,ovsyannikov,Кемеровская область,11282,control,DEVICE_ALL,0,,0
2026-07-27,2026-07-27,2026-08-02,ovsyannikov,Кемеровская область,11282,control,DEVICE_ALL,0,,0
2026-08-03,2026-08-03,2026-08-09,ovsyannikov,Кемеровская область,11282,control,DEVICE_ALL,0,,0
2026-08-10,2026-08-10,2026-08-16,ovsyannikov,Кемеровская область,11282,control,DEVICE_ALL,0,,0
2026-08-17,2026-08-17,2026-08-23,ovsyannikov,Кемеровская область,11282,control,DEVICE_ALL,1,2.965743380334731e-06,0
2026-08-24,2026-08-24,2026-08-30,ovsyannikov,Кемеровская область,11282,control,DEVICE_ALL,0,,0
2026-08-31,2026-08-31,2026-09-06,ovsyannikov,Кемеровская область,11282,control,DEVICE_ALL,0,,0
2026-09-07,2026-09-07,2026-09-13,ovsyannikov,Кемеровская область,11282,control,DEVICE_ALL,0,,0
2026-03-30,2026-03-30,2026-04-05,ovsyannikov,Кировская область,11070,control,DEVICE_ALL,1,5.109941150340754e-06,0
2026-04-06,2026-04-06,2026-04-12,ovsyannikov,Кировская область,11070,control,DEVICE_ALL,0,,0
2026-04-13,2026-04-13,2026-04-19,ovsyannikov,Кировская область,11070,control,DEVICE_ALL,0,,0
2026-04-20,2026-04-20,2026-04-26,ovsyannikov,Кировская область,11070,control,DEVICE_ALL,1,5.045886026049387e-06,0
2026-04-27,2026-04-27,2026-05-03,ovsyannikov,Кировская область,11070,control,DEVICE_ALL,0,,0
2026-05-04,2026-05-04,2026-05-10,ovsyannikov,Кировская область,11070,control,DEVICE_ALL,0,,0
2026-05-11,2026-05-11,2026-05-17,ovsyannikov,Кировская область,11070,control,DEVICE_ALL,0,,0
2026-05-18,2026-05-18,2026-05-24,ovsyannikov,Кировская область,11070,control,DEVICE_ALL,0,,0
2026-05-25,2026-05-25,2026-05-31,ovsyannikov,Кировская область,11070,control,DEVICE_ALL,0,,0
2026-06-01,2026-06-01,2026-06-07,ovsyannikov,Кировская область,11070,control,DEVICE_ALL,0,,0
2026-06-08,2026-06-08,2026-06-14,ovsyannikov,Кировская область,11070,control,DEVICE_ALL,0,,0
2026-06-15,2026-06-15,2026-06-21,ovsyannikov,Кировская область,11070,control,DEVICE_ALL,0,,0
2026-06-22,2026-06-22,2026-06-28,ovsyannikov,Кировская область,11070,control,DEVICE_ALL,0,,0
2026-06-29,2026-06-29,2026-07-05,ovsyannikov,Кировская область,11070,control,DEVICE_ALL,0,,0
2026-07-06,2026-07-06,2026-07-12,ovsyannikov,Кировская область,11070,control,DEVICE_ALL,1,5.635729760220551e-06,0
2026-07-13,2026-07-13,2026-07-19,ovsyannikov,Кировская область,11070,control,DEVICE_ALL,0,,0
2026-07-20,2026-07-20,2026-07-26,ovsyannikov,Кировская область,11070,control,DEVICE_ALL,0,,0
2026-07-27,2026-07-27,2026-08-02,ovsyannikov,Кировская область,11070,control,DEVICE_ALL,0,,0
2026-08-03,2026-08-03,2026-08-09,ovsyannikov,Кировская область,11070,control,DEVICE_ALL,0,,0
2026-08-10,2026-08-10,2026-08-16,ovsyannikov,Кировская область,11070,control,DEVICE_ALL,0,,0
2026-08-17,2026-08-17,2026-08-23,ovsyannikov,Кировская область,11070,control,DEVICE_ALL,2,1.0824889017825344e-05,0
2026-08-24,2026-08-24,2026-08-30,ovsyannikov,Кировская область,11070,control,DEVICE_ALL,0,,0
2026-08-31,2026-08-31,2026-09-06,ovsyannikov,Кировская область,11070,control,DEVICE_ALL,0,,0
2026-09-07,2026-09-07,2026-09-13,ovsyannikov,Кировская область,11070,control,DEVICE_ALL,0,,0
2026-03-30,2026-03-30,2026-04-05,ovsyannikov,Курганская область,11158,control,DEVICE_ALL,0,,0
2026-04-06,2026-04-06,2026-04-12,ovsyannikov,Курганская область,11158,control,DEVICE_ALL,0,,0
2026-04-13,2026-04-13,2026-04-19,ovsyannikov,Курганская область,11158,control,DEVICE_ALL,0,,0
2026-04-20,2026-04-20,2026-04-26,ovsyannikov,Курганская область,11158,control,DEVICE_ALL,0,,0
2026-04-27,2026-04-27,2026-05-03,ovsyannikov,Курганская область,11158,control,DEVICE_ALL,0,,0
2026-05-04,2026-05-04,2026-05-10,ovsyannikov,Курганская область,11158,control,DEVICE_ALL,0,,0
2026-05-11,2026-05-11,2026-05-17,ovsyannikov,Курганская область,11158,control,DEVICE_ALL,0,,0
2026-05-18,2026-05-18,2026-05-24,ovsyannikov,Курганская область,11158,control,DEVICE_ALL,0,,0
2026-05-25,2026-05-25,2026-05-31,ovsyannikov,Курганская область,11158,control,DEVICE_ALL,0,,0
2026-06-01,2026-06-01,2026-06-07,ovsyannikov,Курганская область,11158,control,DEVICE_ALL,0,,0
2026-06-08,2026-06-08,2026-06-14,ovsyannikov,Курганская область,11158,control,DEVICE_ALL,0,,0
2026-06-15,2026-06-15,2026-06-21,ovsyannikov,Курганская область,11158,control,DEVICE_ALL,1,1.1119053821891215e-05,0
2026-06-22,2026-06-22,2026-06-28,ovsyannikov,Курганская область,11158,control,DEVICE_ALL,0,,0
2026-06-29,2026-06-29,2026-07-05,ovsyannikov,Курганская область,11158,control,DEVICE_ALL,0,,0
2026-07-06,2026-07-06,2026-07-12,ovsyannikov,Курганская область,11158,control,DEVICE_ALL,0,,0
2026-07-13,2026-07-13,2026-07-19,ovsyannikov,Курганская область,11158,control,DEVICE_ALL,0,,0
2026-07-20,2026-07-20,2026-07-26,ovsyannikov,Курганская область,11158,control,DEVICE_ALL,0,,0
2026-07-27,2026-07-27,2026-08-02,ovsyannikov,Курганская область,11158,control,DEVICE_ALL,0,,0
2026-08-03,2026-08-03,2026-08-09,ovsyannikov,Курганская область,11158,control,DEVICE_ALL,0,,0
2026-08-10,2026-08-10,2026-08-16,ovsyannikov,Курганская область,11158,control,DEVICE_ALL,0,,0
2026-08-17,2026-08-17,2026-08-23,ovsyannikov,Курганская область,11158,control,DEVICE_ALL,0,,0
2026-08-24,2026-08-24,2026-08-30,ovsyannikov,Курганская область,11158,control,DEVICE_ALL,0,,0
2026-08-31,2026-08-31,2026-09-06,ovsyannikov,Курганская область,11158,control,DEVICE_ALL,0,,0
2026-09-07,2026-09-07,2026-09-13,ovsyannikov,Курганская область,11158,control,DEVICE_ALL,0,,0
2026-03-30,2026-03-30,2026-04-05,ovsyannikov,Пензенская область,11095,control,DEVICE_ALL,0,,0
2026-04-06,2026-04-06,2026-04-12,ovsyannikov,Пензенская область,11095,control,DEVICE_ALL,0,,0
2026-04-13,2026-04-13,2026-04-19,ovsyannikov,Пензенская область,11095,control,DEVICE_ALL,0,,0
2026-04-20,2026-04-20,2026-04-26,ovsyannikov,Пензенская область,11095,control,DEVICE_ALL,0,,0
2026-04-27,2026-04-27,2026-05-03,ovsyannikov,Пензенская область,11095,control,DEVICE_ALL,0,,0
2026-05-04,2026-05-04,2026-05-10,ovsyannikov,Пензенская область,11095,control,DEVICE_ALL,0,,0
2026-05-11,2026-05-11,2026-05-17,ovsyannikov,Пензенская область,11095,control,DEVICE_ALL,0,,0
2026-05-18,2026-05-18,2026-05-24,ovsyannikov,Пензенская область,11095,control,DEVICE_ALL,0,,0
2026-05-25,2026-05-25,2026-05-31,ovsyannikov,Пензенская область,11095,control,DEVICE_ALL,0,,0
2026-06-01,2026-06-01,2026-06-07,ovsyannikov,Пензенская область,11095,control,DEVICE_ALL,0,,0
2026-06-08,2026-06-08,2026-06-14,ovsyannikov,Пензенская область,11095,control,DEVICE_ALL,0,,0
2026-06-15,2026-06-15,2026-06-21,ovsyannikov,Пензенская область,11095,control,DEVICE_ALL,0,,0
2026-06-22,2026-06-22,2026-06-28,ovsyannikov,Пензенская область,11095,control,DEVICE_ALL,0,,0
2026-06-29,2026-06-29,2026-07-05,ovsyannikov,Пензенская область,11095,control,DEVICE_ALL,0,,0
2026-07-06,2026-07-06,2026-07-12,ovsyannikov,Пензенская область,11095,control,DEVICE_ALL,0,,0
2026-07-13,2026-07-13,2026-07-19,ovsyannikov,Пензенская область,11095,control,DEVICE_ALL,0,,0
2026-07-20,2026-07-20,2026-07-26,ovsyannikov,Пензенская область,11095,control,DEVICE_ALL,0,,0
2026-07-27,2026-07-27,2026-08-02,ovsyannikov,Пензенская область,11095,control,DEVICE_ALL,0,,0
2026-08-03,2026-08-03,2026-08-09,ovsyannikov,Пензенская область,11095,control,DEVICE_ALL,0,,0
2026-08-10,2026-08-10,2026-08-16,ovsyannikov,Пензенская область,11095,control,DEVICE_ALL,0,,0
2026-08-17,2026-08-17,2026-08-23,ovsyannikov,Пензенская область,11095,control,DEVICE_ALL,0,,0
2026-08-24,2026-08-24,2026-08-30,ovsyannikov,Пензенская область,11095,control,DEVICE_ALL,0,,0
2026-08-31,2026-08-31,2026-09-06,ovsyannikov,Пензенская область,11095,control,DEVICE_ALL,0,,0
2026-09-07,2026-09-07,2026-09-13,ovsyannikov,Пензенская область,11095,control,DEVICE_ALL,0,,0
2026-03-30,2026-03-30,2026-04-05,ovsyannikov,Ростовская область,11029,control,DEVICE_ALL,1,1.5073973717140018e-06,0
2026-04-06,2026-04-06,2026-04-12,ovsyannikov,Ростовская область,11029,control,DEVICE_ALL,0,,0
2026-04-13,2026-04-13,2026-04-19,ovsyannikov,Ростовская область,11029,control,DEVICE_ALL,0,,0
2026-04-20,2026-04-20,2026-04-26,ovsyannikov,Ростовская область,11029,control,DEVICE_ALL,0,,0
2026-04-27,2026-04-27,2026-05-03,ovsyannikov,Ростовская область,11029,control,DEVICE_ALL,1,1.5313011741711143e-06,0
2026-05-04,2026-05-04,2026-05-10,ovsyannikov,Ростовская область,11029,control,DEVICE_ALL,0,,0
2026-05-11,2026-05-11,2026-05-17,ovsyannikov,Ростовская область,11029,control,DEVICE_ALL,0,,0
2026-05-18,2026-05-18,2026-05-24,ovsyannikov,Ростовская область,11029,control,DEVICE_ALL,0,,0
2026-05-25,2026-05-25,2026-05-31,ovsyannikov,Ростовская область,11029,control,DEVICE_ALL,0,,0
2026-06-01,2026-06-01,2026-06-07,ovsyannikov,Ростовская область,11029,control,DEVICE_ALL,2,3.099946474774193e-06,0
2026-06-08,2026-06-08,2026-06-14,ovsyannikov,Ростовская область,11029,control,DEVICE_ALL,0,,0
2026-06-15,2026-06-15,2026-06-21,ovsyannikov,Ростовская область,11029,control,DEVICE_ALL,2,3.0736121818807547e-06,0
2026-06-22,2026-06-22,2026-06-28,ovsyannikov,Ростовская область,11029,control,DEVICE_ALL,1,1.5272263684551514e-06,0
2026-06-29,2026-06-29,2026-07-05,ovsyannikov,Ростовская область,11029,control,DEVICE_ALL,2,3.128813779558705e-06,0
2026-07-06,2026-07-06,2026-07-12,ovsyannikov,Ростовская область,11029,control,DEVICE_ALL,2,3.072754153180605e-06,0
2026-07-13,2026-07-13,2026-07-19,ovsyannikov,Ростовская область,11029,control,DEVICE_ALL,2,2.8696415398749033e-06,0
2026-07-20,2026-07-20,2026-07-26,ovsyannikov,Ростовская область,11029,control,DEVICE_ALL,0,,0
2026-07-27,2026-07-27,2026-08-02,ovsyannikov,Ростовская область,11029,control,DEVICE_ALL,0,,0
2026-08-03,2026-08-03,2026-08-09,ovsyannikov,Ростовская область,11029,control,DEVICE_ALL,0,,0
2026-08-10,2026-08-10,2026-08-16,ovsyannikov,Ростовская область,11029,control,DEVICE_ALL,1,1.4247563787696597e-06,0
2026-08-17,2026-08-17,2026-08-23,ovsyannikov,Ростовская область,11029,control,DEVICE_ALL,0,,0
2026-08-24,2026-08-24,2026-08-30,ovsyannikov,Ростовская область,11029,control,DEVICE_ALL,0,,0
2026-08-31,2026-08-31,2026-09-06,ovsyannikov,Ростовская область,11029,control,DEVICE_ALL,0,,0
2026-09-07,2026-09-07,2026-09-13,ovsyannikov,Ростовская область,11029,control,DEVICE_ALL,0,,0
2026-03-30,2026-03-30,2026-04-05,ovsyannikov,Тульская область,10832,control,DEVICE_ALL,1,4.036854055413492e-06,0
2026-04-06,2026-04-06,2026-04-12,ovsyannikov,Тульская область,10832,control,DEVICE_ALL,0,,0
2026-04-13,2026-04-13,2026-04-19,ovsyannikov,Тульская область,10832,control,DEVICE_ALL,0,,0
2026-04-20,2026-04-20,2026-04-26,ovsyannikov,Тульская область,10832,control,DEVICE_ALL,0,,0
2026-04-27,2026-04-27,2026-05-03,ovsyannikov,Тульская область,10832,control,DEVICE_ALL,0,,0
2026-05-04,2026-05-04,2026-05-10,ovsyannikov,Тульская область,10832,control,DEVICE_ALL,0,,0
2026-05-11,2026-05-11,2026-05-17,ovsyannikov,Тульская область,10832,control,DEVICE_ALL,0,,0
2026-05-18,2026-05-18,2026-05-24,ovsyannikov,Тульская область,10832,control,DEVICE_ALL,0,,0
2026-05-25,2026-05-25,2026-05-31,ovsyannikov,Тульская область,10832,control,DEVICE_ALL,0,,0
2026-06-01,2026-06-01,2026-06-07,ovsyannikov,Тульская область,10832,control,DEVICE_ALL,0,,0
2026-06-08,2026-06-08,2026-06-14,ovsyannikov,Тульская область,10832,control,DEVICE_ALL,0,,0
2026-06-15,2026-06-15,2026-06-21,ovsyannikov,Тульская область,10832,control,DEVICE_ALL,0,,0
2026-06-22,2026-06-22,2026-06-28,ovsyannikov,Тульская область,10832,control,DEVICE_ALL,0,,0
2026-06-29,2026-06-29,2026-07-05,ovsyannikov,Тульская область,10832,control,DEVICE_ALL,0,,0
2026-07-06,2026-07-06,2026-07-12,ovsyannikov,Тульская область,10832,control,DEVICE_ALL,5,1.9326603912926073e-05,0
2026-07-13,2026-07-13,2026-07-19,ovsyannikov,Тульская область,10832,control,DEVICE_ALL,0,,0
2026-07-20,2026-07-20,2026-07-26,ovsyannikov,Тульская область,10832,control,DEVICE_ALL,0,,0
2026-07-27,2026-07-27,2026-08-02,ovsyannikov,Тульская область,10832,control,DEVICE_ALL,0,,0
2026-08-03,2026-08-03,2026-08-09,ovsyannikov,Тульская область,10832,control,DEVICE_ALL,0,,0
2026-08-10,2026-08-10,2026-08-16,ovsyannikov,Тульская область,10832,control,DEVICE_ALL,0,,0
2026-08-17,2026-08-17,2026-08-23,ovsyannikov,Тульская область,10832,control,DEVICE_ALL,0,,0
2026-08-24,2026-08-24,2026-08-30,ovsyannikov,Тульская область,10832,control,DEVICE_ALL,0,,0
2026-08-31,2026-08-31,2026-09-06,ovsyannikov,Тульская область,10832,control,DEVICE_ALL,0,,0
2026-09-07,2026-09-07,2026-09-13,ovsyannikov,Тульская область,10832,control,DEVICE_ALL,0,,0
2026-03-30,2026-03-30,2026-04-05,ovsyannikovsoap,Тюменская область,11176,campaign,DEVICE_ALL,0,,0
2026-04-06,2026-04-06,2026-04-12,ovsyannikovsoap,Тюменская область,11176,campaign,DEVICE_ALL,0,,0
2026-04-13,2026-04-13,2026-04-19,ovsyannikovsoap,Тюменская область,11176,campaign,DEVICE_ALL,0,,0
2026-04-20,2026-04-20,2026-04-26,ovsyannikovsoap,Тюменская область,11176,campaign,DEVICE_ALL,0,,0
2026-04-27,2026-04-27,2026-05-03,ovsyannikovsoap,Тюменская область,11176,campaign,DEVICE_ALL,0,,0
2026-05-04,2026-05-04,2026-05-10,ovsyannikovsoap,Тюменская область,11176,campaign,DEVICE_ALL,0,,0
2026-05-11,2026-05-11,2026-05-17,ovsyannikovsoap,Тюменская область,11176,campaign,DEVICE_ALL,0,,0
2026-05-18,2026-05-18,2026-05-24,ovsyannikovsoap,Тюменская область,11176,campaign,DEVICE_ALL,0,,0
2026-05-25,2026-05-25,2026-05-31,ovsyannikovsoap,Тюменская область,11176,campaign,DEVICE_ALL,0,,0
2026-06-01,2026-06-01,2026-06-07,ovsyannikovsoap,Тюменская область,11176,campaign,DEVICE_ALL,0,,0
2026-06-08,2026-06-08,2026-06-14,ovsyannikovsoap,Тюменская область,11176,campaign,DEVICE_ALL,0,,0
2026-06-15,2026-06-15,2026-06-21,ovsyannikovsoap,Тюменская область,11176,campaign,DEVICE_ALL,0,,0
2026-06-22,2026-06-22,2026-06-28,ovsyannikovsoap,Тюменская область,11176,campaign,DEVICE_ALL,0,,0
2026-06-29,2026-06-29,2026-07-05,ovsyannikovsoap,Тюменская область,11176,campaign,DEVICE_ALL,0,,0
2026-07-06,2026-07-06,2026-07-12,ovsyannikovsoap,Тюменская область,11176,campaign,DEVICE_ALL,0,,0
2026-07-13,2026-07-13,2026-07-19,ovsyannikovsoap,Тюменская область,11176,campaign,DEVICE_ALL,0,,0
2026-07-20,2026-07-20,2026-07-26,ovsyannikovsoap,Тюменская область,11176,campaign,DEVICE_ALL,0,,0
2026-07-27,2026-07-27,2026-08-02,ovsyannikovsoap,Тюменская область,11176,campaign,DEVICE_ALL,0,,0
2026-08-03,2026-08-03,2026-08-09,ovsyannikovsoap,Тюменская область,11176,campaign,DEVICE_ALL,0,,0
2026-08-10,2026-08-10,2026-08-16,ovsyannikovsoap,Тюменская область,11176,campaign,DEVICE_ALL,0,,0
2026-08-17,2026-08-17,2026-08-23,ovsyannikovsoap,Тюменская область,11176,campaign,DEVICE_ALL,0,,0
2026-08-24,2026-08-24,2026-08-30,ovsyannikovsoap,Тюменская область,11176,campaign,DEVICE_ALL,0,,0
2026-08-31,2026-08-31,2026-09-06,ovsyannikovsoap,Тюменская область,11176,campaign,DEVICE_ALL,0,,0
2026-09-07,2026-09-07,2026-09-13,ovsyannikovsoap,Тюменская область,11176,campaign,DEVICE_ALL,0,,0
2026-03-30,2026-03-30,2026-04-05,ovsyannikovsoap,Волгоградская область,10950,campaign,DEVICE_ALL,2,5.747257401583893e-06,0
2026-04-06,2026-04-06,2026-04-12,ovsyannikovsoap,Волгоградская область,10950,campaign,DEVICE_ALL,0,,0
2026-04-13,2026-04-13,2026-04-19,ovsyannikovsoap,Волгоградская область,10950,campaign,DEVICE_ALL,0,,0
2026-04-20,2026-04-20,2026-04-26,ovsyannikovsoap,Волгоградская область,10950,campaign,DEVICE_ALL,1,2.638341641866915e-06,0
2026-04-27,2026-04-27,2026-05-03,ovsyannikovsoap,Волгоградская область,10950,campaign,DEVICE_ALL,0,,0
2026-05-04,2026-05-04,2026-05-10,ovsyannikovsoap,Волгоградская область,10950,campaign,DEVICE_ALL,0,,0
2026-05-11,2026-05-11,2026-05-17,ovsyannikovsoap,Волгоградская область,10950,campaign,DEVICE_ALL,0,,0
2026-05-18,2026-05-18,2026-05-24,ovsyannikovsoap,Волгоградская область,10950,campaign,DEVICE_ALL,0,,0
2026-05-25,2026-05-25,2026-05-31,ovsyannikovsoap,Волгоградская область,10950,campaign,DEVICE_ALL,1,2.941314279813169e-06,0
2026-06-01,2026-06-01,2026-06-07,ovsyannikovsoap,Волгоградская область,10950,campaign,DEVICE_ALL,2,5.865999225453462e-06,0
2026-06-08,2026-06-08,2026-06-14,ovsyannikovsoap,Волгоградская область,10950,campaign,DEVICE_ALL,0,,0
2026-06-15,2026-06-15,2026-06-21,ovsyannikovsoap,Волгоградская область,10950,campaign,DEVICE_ALL,0,,0
2026-06-22,2026-06-22,2026-06-28,ovsyannikovsoap,Волгоградская область,10950,campaign,DEVICE_ALL,0,,0
2026-06-29,2026-06-29,2026-07-05,ovsyannikovsoap,Волгоградская область,10950,campaign,DEVICE_ALL,0,,0
2026-07-06,2026-07-06,2026-07-12,ovsyannikovsoap,Волгоградская область,10950,campaign,DEVICE_ALL,0,,0
2026-07-13,2026-07-13,2026-07-19,ovsyannikovsoap,Волгоградская область,10950,campaign,DEVICE_ALL,0,,0
2026-07-20,2026-07-20,2026-07-26,ovsyannikovsoap,Волгоградская область,10950,campaign,DEVICE_ALL,0,,0
2026-07-27,2026-07-27,2026-08-02,ovsyannikovsoap,Волгоградская область,10950,campaign,DEVICE_ALL,0,,0
2026-08-03,2026-08-03,2026-08-09,ovsyannikovsoap,Волгоградская область,10950,campaign,DEVICE_ALL,0,,0
2026-08-10,2026-08-10,2026-08-16,ovsyannikovsoap,Волгоградская область,10950,campaign,DEVICE_ALL,0,,0
2026-08-17,2026-08-17,2026-08-23,ovsyannikovsoap,Волгоградская область,10950,campaign,DEVICE_ALL,0,,0
2026-08-24,2026-08-24,2026-08-30,ovsyannikovsoap,Волгоградская область,10950,campaign,DEVICE_ALL,0,,0
2026-08-31,2026-08-31,2026-09-06,ovsyannikovsoap,Волгоградская область,10950,campaign,DEVICE_ALL,0,,0
2026-09-07,2026-09-07,2026-09-13,ovsyannikovsoap,Волгоградская область,10950,campaign,DEVICE_ALL,0,,0
2026-03-30,2026-03-30,2026-04-05,ovsyannikovsoap,Воронежская область,10672,campaign,DEVICE_ALL,0,,0
2026-04-06,2026-04-06,2026-04-12,ovsyannikovsoap,Воронежская область,10672,campaign,DEVICE_ALL,0,,0
2026-04-13,2026-04-13,2026-04-19,ovsyannikovsoap,Воронежская область,10672,campaign,DEVICE_ALL,1,2.3098636861663974e-06,0
2026-04-20,2026-04-20,2026-04-26,ovsyannikovsoap,Воронежская область,10672,campaign,DEVICE_ALL,1,2.325579286102508e-06,0
2026-04-27,2026-04-27,2026-05-03,ovsyannikovsoap,Воронежская область,10672,campaign,DEVICE_ALL,1,2.505741656431547e-06,0
2026-05-04,2026-05-04,2026-05-10,ovsyannikovsoap,Воронежская область,10672,campaign,DEVICE_ALL,2,5.626072751421878e-06,0
2026-05-11,2026-05-11,2026-05-17,ovsyannikovsoap,Воронежская область,10672,campaign,DEVICE_ALL,0,,0
2026-05-18,2026-05-18,2026-05-24,ovsyannikovsoap,Воронежская область,10672,campaign,DEVICE_ALL,0,,0
2026-05-25,2026-05-25,2026-05-31,ovsyannikovsoap,Воронежская область,10672,campaign,DEVICE_ALL,1,2.566086807175487e-06,0
2026-06-01,2026-06-01,2026-06-07,ovsyannikovsoap,Воронежская область,10672,campaign,DEVICE_ALL,0,,0
2026-06-08,2026-06-08,2026-06-14,ovsyannikovsoap,Воронежская область,10672,campaign,DEVICE_ALL,2,5.2174888033342466e-06,0
2026-06-15,2026-06-15,2026-06-21,ovsyannikovsoap,Воронежская область,10672,campaign,DEVICE_ALL,0,,0
2026-06-22,2026-06-22,2026-06-28,ovsyannikovsoap,Воронежская область,10672,campaign,DEVICE_ALL,0,,0
2026-06-29,2026-06-29,2026-07-05,ovsyannikovsoap,Воронежская область,10672,campaign,DEVICE_ALL,0,,0
2026-07-06,2026-07-06,2026-07-12,ovsyannikovsoap,Воронежская область,10672,campaign,DEVICE_ALL,2,5.104414629558594e-06,0
2026-07-13,2026-07-13,2026-07-19,ovsyannikovsoap,Воронежская область,10672,campaign,DEVICE_ALL,0,,0
2026-07-20,2026-07-20,2026-07-26,ovsyannikovsoap,Воронежская область,10672,campaign,DEVICE_ALL,1,2.27012818233379e-06,0
2026-07-27,2026-07-27,2026-08-02,ovsyannikovsoap,Воронежская область,10672,campaign,DEVICE_ALL,0,,0
2026-08-03,2026-08-03,2026-08-09,ovsyannikovsoap,Воронежская область,10672,campaign,DEVICE_ALL,2,4.938244779904899e-06,0
2026-08-10,2026-08-10,2026-08-16,ovsyannikovsoap,Воронежская область,10672,campaign,DEVICE_ALL,6,1.4562659665910743e-05,0
2026-08-17,2026-08-17,2026-08-23,ovsyannikovsoap,Воронежская область,10672,campaign,DEVICE_ALL,0,,0
2026-08-24,2026-08-24,2026-08-30,ovsyannikovsoap,Воронежская область,10672,campaign,DEVICE_ALL,2,5.004973567358223e-06,0
2026-08-31,2026-08-31,2026-09-06,ovsyannikovsoap,Воронежская область,10672,campaign,DEVICE_ALL,2,4.734333693308395e-06,0
2026-09-07,2026-09-07,2026-09-13,ovsyannikovsoap,Воронежская область,10672,campaign,DEVICE_ALL,0,,0
2026-03-30,2026-03-30,2026-04-05,ovsyannikovsoap,Республика Мордовия,11117,campaign,DEVICE_ALL,0,,0
2026-04-06,2026-04-06,2026-04-12,ovsyannikovsoap,Республика Мордовия,11117,campaign,DEVICE_ALL,0,,0
2026-04-13,2026-04-13,2026-04-19,ovsyannikovsoap,Республика Мордовия,11117,campaign,DEVICE_ALL,0,,0
2026-04-20,2026-04-20,2026-04-26,ovsyannikovsoap,Республика Мордовия,11117,campaign,DEVICE_ALL,0,,0
2026-04-27,2026-04-27,2026-05-03,ovsyannikovsoap,Республика Мордовия,11117,campaign,DEVICE_ALL,0,,0
2026-05-04,2026-05-04,2026-05-10,ovsyannikovsoap,Республика Мордовия,11117,campaign,DEVICE_ALL,0,,0
2026-05-11,2026-05-11,2026-05-17,ovsyannikovsoap,Республика Мордовия,11117,campaign,DEVICE_ALL,0,,0
2026-05-18,2026-05-18,2026-05-24,ovsyannikovsoap,Республика Мордовия,11117,campaign,DEVICE_ALL,0,,0
2026-05-25,2026-05-25,2026-05-31,ovsyannikovsoap,Республика Мордовия,11117,campaign,DEVICE_ALL,0,,0
2026-06-01,2026-06-01,2026-06-07,ovsyannikovsoap,Республика Мордовия,11117,campaign,DEVICE_ALL,0,,0
2026-06-08,2026-06-08,2026-06-14,ovsyannikovsoap,Республика Мордовия,11117,campaign,DEVICE_ALL,0,,0
2026-06-15,2026-06-15,2026-06-21,ovsyannikovsoap,Республика Мордовия,11117,campaign,DEVICE_ALL,0,,0
2026-06-22,2026-06-22,2026-06-28,ovsyannikovsoap,Республика Мордовия,11117,campaign,DEVICE_ALL,0,,0
2026-06-29,2026-06-29,2026-07-05,ovsyannikovsoap,Республика Мордовия,11117,campaign,DEVICE_ALL,0,,0
2026-07-06,2026-07-06,2026-07-12,ovsyannikovsoap,Республика Мордовия,11117,campaign,DEVICE_ALL,0,,0
2026-07-13,2026-07-13,2026-07-19,ovsyannikovsoap,Республика Мордовия,11117,campaign,DEVICE_ALL,0,,0
2026-07-20,2026-07-20,2026-07-26,ovsyannikovsoap,Республика Мордовия,11117,campaign,DEVICE_ALL,0,,0
2026-07-27,2026-07-27,2026-08-02,ovsyannikovsoap,Республика Мордовия,11117,campaign,DEVICE_ALL,0,,0
2026-08-03,2026-08-03,2026-08-09,ovsyannikovsoap,Республика Мордовия,11117,campaign,DEVICE_ALL,0,,0
2026-08-10,2026-08-10,2026-08-16,ovsyannikovsoap,Республика Мордовия,11117,campaign,DEVICE_ALL,0,,0
2026-08-17,2026-08-17,2026-08-23,ovsyannikovsoap,Республика Мордовия,11117,campaign,DEVICE_ALL,0,,0
2026-08-24,2026-08-24,2026-08-30,ovsyannikovsoap,Республика Мордовия,11117,campaign,DEVICE_ALL,0,,0
2026-08-31,2026-08-31,2026-09-06,ovsyannikovsoap,Республика Мордовия,11117,campaign,DEVICE_ALL,0,,0
2026-09-07,2026-09-07,2026-09-13,ovsyannikovsoap,Республика Мордовия,11117,campaign,DEVICE_ALL,0,,0
2026-03-30,2026-03-30,2026-04-05,ovsyannikovsoap,Орловская область,10772,campaign,DEVICE_ALL,1,8.451889394518476e-06,0
2026-04-06,2026-04-06,2026-04-12,ovsyannikovsoap,Орловская область,10772,campaign,DEVICE_ALL,0,,0
2026-04-13,2026-04-13,2026-04-19,ovsyannikovsoap,Орловская область,10772,campaign,DEVICE_ALL,0,,0
2026-04-20,2026-04-20,2026-04-26,ovsyannikovsoap,Орловская область,10772,campaign,DEVICE_ALL,0,,0
2026-04-27,2026-04-27,2026-05-03,ovsyannikovsoap,Орловская область,10772,campaign,DEVICE_ALL,0,,0
2026-05-04,2026-05-04,2026-05-10,ovsyannikovsoap,Орловская область,10772,campaign,DEVICE_ALL,0,,0
2026-05-11,2026-05-11,2026-05-17,ovsyannikovsoap,Орловская область,10772,campaign,DEVICE_ALL,0,,0
2026-05-18,2026-05-18,2026-05-24,ovsyannikovsoap,Орловская область,10772,campaign,DEVICE_ALL,0,,0
2026-05-25,2026-05-25,2026-05-31,ovsyannikovsoap,Орловская область,10772,campaign,DEVICE_ALL,0,,0
2026-06-01,2026-06-01,2026-06-07,ovsyannikovsoap,Орловская область,10772,campaign,DEVICE_ALL,0,,0
2026-06-08,2026-06-08,2026-06-14,ovsyannikovsoap,Орловская область,10772,campaign,DEVICE_ALL,0,,0
2026-06-15,2026-06-15,2026-06-21,ovsyannikovsoap,Орловская область,10772,campaign,DEVICE_ALL,0,,0
2026-06-22,2026-06-22,2026-06-28,ovsyannikovsoap,Орловская область,10772,campaign,DEVICE_ALL,0,,0
2026-06-29,2026-06-29,2026-07-05,ovsyannikovsoap,Орловская область,10772,campaign,DEVICE_ALL,0,,0
2026-07-06,2026-07-06,2026-07-12,ovsyannikovsoap,Орловская область,10772,campaign,DEVICE_ALL,0,,0
2026-07-13,2026-07-13,2026-07-19,ovsyannikovsoap,Орловская область,10772,campaign,DEVICE_ALL,0,,0
2026-07-20,2026-07-20,2026-07-26,ovsyannikovsoap,Орловская область,10772,campaign,DEVICE_ALL,0,,0
2026-07-27,2026-07-27,2026-08-02,ovsyannikovsoap,Орловская область,10772,campaign,DEVICE_ALL,0,,0
2026-08-03,2026-08-03,2026-08-09,ovsyannikovsoap,Орловская область,10772,campaign,DEVICE_ALL,0,,0
2026-08-10,2026-08-10,2026-08-16,ovsyannikovsoap,Орловская область,10772,campaign,DEVICE_ALL,0,,0
2026-08-17,2026-08-17,2026-08-23,ovsyannikovsoap,Орловская область,10772,campaign,DEVICE_ALL,0,,0
2026-08-24,2026-08-24,2026-08-30,ovsyannikovsoap,Орловская область,10772,campaign,DEVICE_ALL,0,,0
2026-08-31,2026-08-31,2026-09-06,ovsyannikovsoap,Орловская область,10772,campaign,DEVICE_ALL,0,,0
2026-09-07,2026-09-07,2026-09-13,ovsyannikovsoap,Орловская область,10772,campaign,DEVICE_ALL,0,,0
2026-03-30,2026-03-30,2026-04-05,ovsyannikovsoap,Рязанская область,10776,campaign,DEVICE_ALL,0,,0
2026-04-06,2026-04-06,2026-04-12,ovsyannikovsoap,Рязанская область,10776,campaign,DEVICE_ALL,0,,0
2026-04-13,2026-04-13,2026-04-19,ovsyannikovsoap,Рязанская область,10776,campaign,DEVICE_ALL,0,,0
2026-04-20,2026-04-20,2026-04-26,ovsyannikovsoap,Рязанская область,10776,campaign,DEVICE_ALL,0,,0
2026-04-27,2026-04-27,2026-05-03,ovsyannikovsoap,Рязанская область,10776,campaign,DEVICE_ALL,0,,0
2026-05-04,2026-05-04,2026-05-10,ovsyannikovsoap,Рязанская область,10776,campaign,DEVICE_ALL,0,,0
2026-05-11,2026-05-11,2026-05-17,ovsyannikovsoap,Рязанская область,10776,campaign,DEVICE_ALL,0,,0
2026-05-18,2026-05-18,2026-05-24,ovsyannikovsoap,Рязанская область,10776,campaign,DEVICE_ALL,0,,0
2026-05-25,2026-05-25,2026-05-31,ovsyannikovsoap,Рязанская область,10776,campaign,DEVICE_ALL,0,,0
2026-06-01,2026-06-01,2026-06-07,ovsyannikovsoap,Рязанская область,10776,campaign,DEVICE_ALL,0,,0
2026-06-08,2026-06-08,2026-06-14,ovsyannikovsoap,Рязанская область,10776,campaign,DEVICE_ALL,0,,0
2026-06-15,2026-06-15,2026-06-21,ovsyannikovsoap,Рязанская область,10776,campaign,DEVICE_ALL,0,,0
2026-06-22,2026-06-22,2026-06-28,ovsyannikovsoap,Рязанская область,10776,campaign,DEVICE_ALL,0,,0
2026-06-29,2026-06-29,2026-07-05,ovsyannikovsoap,Рязанская область,10776,campaign,DEVICE_ALL,0,,0
2026-07-06,2026-07-06,2026-07-12,ovsyannikovsoap,Рязанская область,10776,campaign,DEVICE_ALL,0,,0
2026-07-13,2026-07-13,2026-07-19,ovsyannikovsoap,Рязанская область,10776,campaign,DEVICE_ALL,0,,0
2026-07-20,2026-07-20,2026-07-26,ovsyannikovsoap,Рязанская область,10776,campaign,DEVICE_ALL,0,,0
2026-07-27,2026-07-27,2026-08-02,ovsyannikovsoap,Рязанская область,10776,campaign,DEVICE_ALL,0,,0
2026-08-03,2026-08-03,2026-08-09,ovsyannikovsoap,Рязанская область,10776,campaign,DEVICE_ALL,0,,0
2026-08-10,2026-08-10,2026-08-16,ovsyannikovsoap,Рязанская область,10776,campaign,DEVICE_ALL,0,,0
2026-08-17,2026-08-17,2026-08-23,ovsyannikovsoap,Рязанская область,10776,campaign,DEVICE_ALL,0,,0
2026-08-24,2026-08-24,2026-08-30,ovsyannikovsoap,Рязанская область,10776,campaign,DEVICE_ALL,0,,0
2026-08-31,2026-08-31,2026-09-06,ovsyannikovsoap,Рязанская область,10776,campaign,DEVICE_ALL,0,,0
2026-09-07,2026-09-07,2026-09-13,ovsyannikovsoap,Рязанская область,10776,campaign,DEVICE_ALL,0,,0
2026-03-30,2026-03-30,2026-04-05,ovsyannikovsoap,Ярославская область,10841,campaign,DEVICE_ALL,1,4.315886649279398e-06,0
2026-04-06,2026-04-06,2026-04-12,ovsyannikovsoap,Ярославская область,10841,campaign,DEVICE_ALL,0,,0
2026-04-13,2026-04-13,2026-04-19,ovsyannikovsoap,Ярославская область,10841,campaign,DEVICE_ALL,0,,0
2026-04-20,2026-04-20,2026-04-26,ovsyannikovsoap,Ярославская область,10841,campaign,DEVICE_ALL,2,8.471315891430429e-06,0
2026-04-27,2026-04-27,2026-05-03,ovsyannikovsoap,Ярославская область,10841,campaign,DEVICE_ALL,0,,0
2026-05-04,2026-05-04,2026-05-10,ovsyannikovsoap,Ярославская область,10841,campaign,DEVICE_ALL,0,,0
2026-05-11,2026-05-11,2026-05-17,ovsyannikovsoap,Ярославская область,10841,campaign,DEVICE_ALL,1,4.6942366697057155e-06,0
2026-05-18,2026-05-18,2026-05-24,ovsyannikovsoap,Ярославская область,10841,campaign,DEVICE_ALL,0,,0
2026-05-25,2026-05-25,2026-05-31,ovsyannikovsoap,Ярославская область,10841,campaign,DEVICE_ALL,2,9.171607985113747e-06,0
2026-06-01,2026-06-01,2026-06-07,ovsyannikovsoap,Ярославская область,10841,campaign,DEVICE_ALL,1,4.631494878423491e-06,0
2026-06-08,2026-06-08,2026-06-14,ovsyannikovsoap,Ярославская область,10841,campaign,DEVICE_ALL,4,1.8057089655797563e-05,0
2026-06-15,2026-06-15,2026-06-21,ovsyannikovsoap,Ярославская область,10841,campaign,DEVICE_ALL,2,8.754247396694737e-06,0
2026-06-22,2026-06-22,2026-06-28,ovsyannikovsoap,Ярославская область,10841,campaign,DEVICE_ALL,0,,0
2026-06-29,2026-06-29,2026-07-05,ovsyannikovsoap,Ярославская область,10841,campaign,DEVICE_ALL,1,4.601791983816418e-06,0
2026-07-06,2026-07-06,2026-07-12,ovsyannikovsoap,Ярославская область,10841,campaign,DEVICE_ALL,1,4.465465274912127e-06,0
2026-07-13,2026-07-13,2026-07-19,ovsyannikovsoap,Ярославская область,10841,campaign,DEVICE_ALL,0,,0
2026-07-20,2026-07-20,2026-07-26,ovsyannikovsoap,Ярославская область,10841,campaign,DEVICE_ALL,4,1.56679816803691e-05,0
2026-07-27,2026-07-27,2026-08-02,ovsyannikovsoap,Ярославская область,10841,campaign,DEVICE_ALL,7,2.947973407258399e-05,0
2026-08-03,2026-08-03,2026-08-09,ovsyannikovsoap,Ярославская область,10841,campaign,DEVICE_ALL,1,4.2856671433757085e-06,0
2026-08-10,2026-08-10,2026-08-16,ovsyannikovsoap,Ярославская область,10841,campaign,DEVICE_ALL,2,8.217737501550584e-06,0
2026-08-17,2026-08-17,2026-08-23,ovsyannikovsoap,Ярославская область,10841,campaign,DEVICE_ALL,1,4.2269964738395415e-06,0
2026-08-24,2026-08-24,2026-08-30,ovsyannikovsoap,Ярославская область,10841,campaign,DEVICE_ALL,0,,0
2026-08-31,2026-08-31,2026-09-06,ovsyannikovsoap,Ярославская область,10841,campaign,DEVICE_ALL,0,,0
2026-09-07,2026-09-07,2026-09-13,ovsyannikovsoap,Ярославская область,10841,campaign,DEVICE_ALL,2,7.793989275470758e-06,0
2026-03-30,2026-03-30,2026-04-05,ovsyannikovsoap,Костромская область,10699,campaign,DEVICE_ALL,2,2.0474167384712777e-05,0
2026-04-06,2026-04-06,2026-04-12,ovsyannikovsoap,Костромская область,10699,campaign,DEVICE_ALL,1,9.80435795867777e-06,0
2026-04-13,2026-04-13,2026-04-19,ovsyannikovsoap,Костромская область,10699,campaign,DEVICE_ALL,0,,0
2026-04-20,2026-04-20,2026-04-26,ovsyannikovsoap,Костромская область,10699,campaign,DEVICE_ALL,0,,0
2026-04-27,2026-04-27,2026-05-03,ovsyannikovsoap,Костромская область,10699,campaign,DEVICE_ALL,0,,0
2026-05-04,2026-05-04,2026-05-10,ovsyannikovsoap,Костромская область,10699,campaign,DEVICE_ALL,0,,0
2026-05-11,2026-05-11,2026-05-17,ovsyannikovsoap,Костромская область,10699,campaign,DEVICE_ALL,0,,0
2026-05-18,2026-05-18,2026-05-24,ovsyannikovsoap,Костромская область,10699,campaign,DEVICE_ALL,0,,0
2026-05-25,2026-05-25,2026-05-31,ovsyannikovsoap,Костромская область,10699,campaign,DEVICE_ALL,0,,0
2026-06-01,2026-06-01,2026-06-07,ovsyannikovsoap,Костромская область,10699,campaign,DEVICE_ALL,0,,0
2026-06-08,2026-06-08,2026-06-14,ovsyannikovsoap,Костромская область,10699,campaign,DEVICE_ALL,0,,0
2026-06-15,2026-06-15,2026-06-21,ovsyannikovsoap,Костромская область,10699,campaign,DEVICE_ALL,0,,0
2026-06-22,2026-06-22,2026-06-28,ovsyannikovsoap,Костромская область,10699,campaign,DEVICE_ALL,0,,0
2026-06-29,2026-06-29,2026-07-05,ovsyannikovsoap,Костромская область,10699,campaign,DEVICE_ALL,0,,0
2026-07-06,2026-07-06,2026-07-12,ovsyannikovsoap,Костромская область,10699,campaign,DEVICE_ALL,0,,0
2026-07-13,2026-07-13,2026-07-19,ovsyannikovsoap,Костромская область,10699,campaign,DEVICE_ALL,0,,0
2026-07-20,2026-07-20,2026-07-26,ovsyannikovsoap,Костромская область,10699,campaign,DEVICE_ALL,1,9.20959820641233e-06,0
2026-07-27,2026-07-27,2026-08-02,ovsyannikovsoap,Костромская область,10699,campaign,DEVICE_ALL,0,,0
2026-08-03,2026-08-03,2026-08-09,ovsyannikovsoap,Костромская область,10699,campaign,DEVICE_ALL,0,,0
2026-08-10,2026-08-10,2026-08-16,ovsyannikovsoap,Костромская область,10699,campaign,DEVICE_ALL,0,,0
2026-08-17,2026-08-17,2026-08-23,ovsyannikovsoap,Костромская область,10699,campaign,DEVICE_ALL,0,,0
2026-08-24,2026-08-24,2026-08-30,ovsyannikovsoap,Костромская область,10699,campaign,DEVICE_ALL,0,,0
2026-08-31,2026-08-31,2026-09-06,ovsyannikovsoap,Костромская область,10699,campaign,DEVICE_ALL,0,,0
2026-09-07,2026-09-07,2026-09-13,ovsyannikovsoap,Костромская область,10699,campaign,DEVICE_ALL,0,,0
2026-03-30,2026-03-30,2026-04-05,ovsyannikovsoap,Липецкая область,10712,campaign,DEVICE_ALL,0,,0
2026-04-06,2026-04-06,2026-04-12,ovsyannikovsoap,Липецкая область,10712,campaign,DEVICE_ALL,0,,0
2026-04-13,2026-04-13,2026-04-19,ovsyannikovsoap,Липецкая область,10712,campaign,DEVICE_ALL,0,,0
2026-04-20,2026-04-20,2026-04-26,ovsyannikovsoap,Липецкая область,10712,campaign,DEVICE_ALL,0,,0
2026-04-27,2026-04-27,2026-05-03,ovsyannikovsoap,Липецкая область,10712,campaign,DEVICE_ALL,0,,0
2026-05-04,2026-05-04,2026-05-10,ovsyannikovsoap,Липецкая область,10712,campaign,DEVICE_ALL,0,,0
2026-05-11,2026-05-11,2026-05-17,ovsyannikovsoap,Липецкая область,10712,campaign,DEVICE_ALL,0,,0
2026-05-18,2026-05-18,2026-05-24,ovsyannikovsoap,Липецкая область,10712,campaign,DEVICE_ALL,0,,0
2026-05-25,2026-05-25,2026-05-31,ovsyannikovsoap,Липецкая область,10712,campaign,DEVICE_ALL,0,,0
2026-06-01,2026-06-01,2026-06-07,ovsyannikovsoap,Липецкая область,10712,campaign,DEVICE_ALL,0,,0
2026-06-08,2026-06-08,2026-06-14,ovsyannikovsoap,Липецкая область,10712,campaign,DEVICE_ALL,0,,0
2026-06-15,2026-06-15,2026-06-21,ovsyannikovsoap,Липецкая область,10712,campaign,DEVICE_ALL,0,,0
2026-06-22,2026-06-22,2026-06-28,ovsyannikovsoap,Липецкая область,10712,campaign,DEVICE_ALL,0,,0
2026-06-29,2026-06-29,2026-07-05,ovsyannikovsoap,Липецкая область,10712,campaign,DEVICE_ALL,0,,0
2026-07-06,2026-07-06,2026-07-12,ovsyannikovsoap,Липецкая область,10712,campaign,DEVICE_ALL,0,,0
2026-07-13,2026-07-13,2026-07-19,ovsyannikovsoap,Липецкая область,10712,campaign,DEVICE_ALL,0,,0
2026-07-20,2026-07-20,2026-07-26,ovsyannikovsoap,Липецкая область,10712,campaign,DEVICE_ALL,0,,0
2026-07-27,2026-07-27,2026-08-02,ovsyannikovsoap,Липецкая область,10712,campaign,DEVICE_ALL,0,,0
2026-08-03,2026-08-03,2026-08-09,ovsyannikovsoap,Липецкая область,10712,campaign,DEVICE_ALL,0,,0
2026-08-10,2026-08-10,2026-08-16,ovsyannikovsoap,Липецкая область,10712,campaign,DEVICE_ALL,0,,0
2026-08-17,2026-08-17,2026-08-23,ovsyannikovsoap,Липецкая область,10712,campaign,DEVICE_ALL,0,,0
2026-08-24,2026-08-24,2026-08-30,ovsyannikovsoap,Липецкая область,10712,campaign,DEVICE_ALL,0,,0
2026-08-31,2026-08-31,2026-09-06,ovsyannikovsoap,Липецкая область,10712,campaign,DEVICE_ALL,0,,0
2026-09-07,2026-09-07,2026-09-13,ovsyannikovsoap,Липецкая область,10712,campaign,DEVICE_ALL,0,,0
2026-03-30,2026-03-30,2026-04-05,ovsyannikovsoap,Республика Башкортостан,11111,campaign,DEVICE_ALL,0,,0
2026-04-06,2026-04-06,2026-04-12,ovsyannikovsoap,Республика Башкортостан,11111,campaign,DEVICE_ALL,0,,0
2026-04-13,2026-04-13,2026-04-19,ovsyannikovsoap,Республика Башкортостан,11111,campaign,DEVICE_ALL,0,,0
2026-04-20,2026-04-20,2026-04-26,ovsyannikovsoap,Республика Башкортостан,11111,campaign,DEVICE_ALL,0,,0
2026-04-27,2026-04-27,2026-05-03,ovsyannikovsoap,Республика Башкортостан,11111,campaign,DEVICE_ALL,0,,0
2026-05-04,2026-05-04,2026-05-10,ovsyannikovsoap,Республика Башкортостан,11111,campaign,DEVICE_ALL,1,2.037073225265648e-06,0
2026-05-11,2026-05-11,2026-05-17,ovsyannikovsoap,Республика Башкортостан,11111,campaign,DEVICE_ALL,0,,0
2026-05-18,2026-05-18,2026-05-24,ovsyannikovsoap,Республика Башкортостан,11111,campaign,DEVICE_ALL,0,,0
2026-05-25,2026-05-25,2026-05-31,ovsyannikovsoap,Республика Башкортостан,11111,campaign,DEVICE_ALL,0,,0
2026-06-01,2026-06-01,2026-06-07,ovsyannikovsoap,Республика Башкортостан,11111,campaign,DEVICE_ALL,0,,0
2026-06-08,2026-06-08,2026-06-14,ovsyannikovsoap,Республика Башкортостан,11111,campaign,DEVICE_ALL,0,,0
2026-06-15,2026-06-15,2026-06-21,ovsyannikovsoap,Республика Башкортостан,11111,campaign,DEVICE_ALL,0,,0
2026-06-22,2026-06-22,2026-06-28,ovsyannikovsoap,Республика Башкортостан,11111,campaign,DEVICE_ALL,0,,0
2026-06-29,2026-06-29,2026-07-05,ovsyannikovsoap,Республика Башкортостан,11111,campaign,DEVICE_ALL,0,,0
2026-07-06,2026-07-06,2026-07-12,ovsyannikovsoap,Республика Башкортостан,11111,campaign,DEVICE_ALL,0,,0
2026-07-13,2026-07-13,2026-07-19,ovsyannikovsoap,Республика Башкортостан,11111,campaign,DEVICE_ALL,0,,0
2026-07-20,2026-07-20,2026-07-26,ovsyannikovsoap,Республика Башкортостан,11111,campaign,DEVICE_ALL,0,,0
2026-07-27,2026-07-27,2026-08-02,ovsyannikovsoap,Республика Башкортостан,11111,campaign,DEVICE_ALL,3,5.1462373680028714e-06,0
2026-08-03,2026-08-03,2026-08-09,ovsyannikovsoap,Республика Башкортостан,11111,campaign,DEVICE_ALL,0,,0
2026-08-10,2026-08-10,2026-08-16,ovsyannikovsoap,Республика Башкортостан,11111,campaign,DEVICE_ALL,1,1.739664738770203e-06,0
2026-08-17,2026-08-17,2026-08-23,ovsyannikovsoap,Республика Башкортостан,11111,campaign,DEVICE_ALL,0,,0
2026-08-24,2026-08-24,2026-08-30,ovsyannikovsoap,Республика Башкортостан,11111,campaign,DEVICE_ALL,1,1.8113715551448977e-06,0
2026-08-31,2026-08-31,2026-09-06,ovsyannikovsoap,Республика Башкортостан,11111,campaign,DEVICE_ALL,0,,0
2026-09-07,2026-09-07,2026-09-13,ovsyannikovsoap,Республика Башкортостан,11111,campaign,DEVICE_ALL,0,,0
2026-03-30,2026-03-30,2026-04-05,ovsyannikovsoap,Новосибирская область,11316,campaign,DEVICE_ALL,0,,0
2026-04-06,2026-04-06,2026-04-12,ovsyannikovsoap,Новосибирская область,11316,campaign,DEVICE_ALL,0,,0
2026-04-13,2026-04-13,2026-04-19,ovsyannikovsoap,Новосибирская область,11316,campaign,DEVICE_ALL,0,,0
2026-04-20,2026-04-20,2026-04-26,ovsyannikovsoap,Новосибирская область,11316,campaign,DEVICE_ALL,0,,0
2026-04-27,2026-04-27,2026-05-03,ovsyannikovsoap,Новосибирская область,11316,campaign,DEVICE_ALL,0,,0
2026-05-04,2026-05-04,2026-05-10,ovsyannikovsoap,Новосибирская область,11316,campaign,DEVICE_ALL,1,2.0218204568440806e-06,0
2026-05-11,2026-05-11,2026-05-17,ovsyannikovsoap,Новосибирская область,11316,campaign,DEVICE_ALL,0,,0
2026-05-18,2026-05-18,2026-05-24,ovsyannikovsoap,Новосибирская область,11316,campaign,DEVICE_ALL,0,,0
2026-05-25,2026-05-25,2026-05-31,ovsyannikovsoap,Новосибирская область,11316,campaign,DEVICE_ALL,0,,0
2026-06-01,2026-06-01,2026-06-07,ovsyannikovsoap,Новосибирская область,11316,campaign,DEVICE_ALL,0,,0
2026-06-08,2026-06-08,2026-06-14,ovsyannikovsoap,Новосибирская область,11316,campaign,DEVICE_ALL,0,,0
2026-06-15,2026-06-15,2026-06-21,ovsyannikovsoap,Новосибирская область,11316,campaign,DEVICE_ALL,0,,0
2026-06-22,2026-06-22,2026-06-28,ovsyannikovsoap,Новосибирская область,11316,campaign,DEVICE_ALL,0,,0
2026-06-29,2026-06-29,2026-07-05,ovsyannikovsoap,Новосибирская область,11316,campaign,DEVICE_ALL,0,,0
2026-07-06,2026-07-06,2026-07-12,ovsyannikovsoap,Новосибирская область,11316,campaign,DEVICE_ALL,0,,0
2026-07-13,2026-07-13,2026-07-19,ovsyannikovsoap,Новосибирская область,11316,campaign,DEVICE_ALL,0,,0
2026-07-20,2026-07-20,2026-07-26,ovsyannikovsoap,Новосибирская область,11316,campaign,DEVICE_ALL,0,,0
2026-07-27,2026-07-27,2026-08-02,ovsyannikovsoap,Новосибирская область,11316,campaign,DEVICE_ALL,0,,0
2026-08-03,2026-08-03,2026-08-09,ovsyannikovsoap,Новосибирская область,11316,campaign,DEVICE_ALL,0,,0
2026-08-10,2026-08-10,2026-08-16,ovsyannikovsoap,Новосибирская область,11316,campaign,DEVICE_ALL,0,,0
2026-08-17,2026-08-17,2026-08-23,ovsyannikovsoap,Новосибирская область,11316,campaign,DEVICE_ALL,0,,0
2026-08-24,2026-08-24,2026-08-30,ovsyannikovsoap,Новосибирская область,11316,campaign,DEVICE_ALL,0,,0
2026-08-31,2026-08-31,2026-09-06,ovsyannikovsoap,Новосибирская область,11316,campaign,DEVICE_ALL,5,9.431962688061075e-06,0
2026-09-07,2026-09-07,2026-09-13,ovsyannikovsoap,Новосибирская область,11316,campaign,DEVICE_ALL,0,,0
2026-03-30,2026-03-30,2026-04-05,ovsyannikovsoap,Саратовская область,11146,campaign,DEVICE_ALL,0,,0
2026-04-06,2026-04-06,2026-04-12,ovsyannikovsoap,Саратовская область,11146,campaign,DEVICE_ALL,0,,0
2026-04-13,2026-04-13,2026-04-19,ovsyannikovsoap,Саратовская область,11146,campaign,DEVICE_ALL,0,,0
2026-04-20,2026-04-20,2026-04-26,ovsyannikovsoap,Саратовская область,11146,campaign,DEVICE_ALL,0,,0
2026-04-27,2026-04-27,2026-05-03,ovsyannikovsoap,Саратовская область,11146,campaign,DEVICE_ALL,1,2.847781304976418e-06,0
2026-05-04,2026-05-04,2026-05-10,ovsyannikovsoap,Саратовская область,11146,campaign,DEVICE_ALL,0,,0
2026-05-11,2026-05-11,2026-05-17,ovsyannikovsoap,Саратовская область,11146,campaign,DEVICE_ALL,0,,0
2026-05-18,2026-05-18,2026-05-24,ovsyannikovsoap,Саратовская область,11146,campaign,DEVICE_ALL,1,3.0250676465627126e-06,0
2026-05-25,2026-05-25,2026-05-31,ovsyannikovsoap,Саратовская область,11146,campaign,DEVICE_ALL,0,,0
2026-06-01,2026-06-01,2026-06-07,ovsyannikovsoap,Саратовская область,11146,campaign,DEVICE_ALL,0,,0
2026-06-08,2026-06-08,2026-06-14,ovsyannikovsoap,Саратовская область,11146,campaign,DEVICE_ALL,0,,0
2026-06-15,2026-06-15,2026-06-21,ovsyannikovsoap,Саратовская область,11146,campaign,DEVICE_ALL,0,,0
2026-06-22,2026-06-22,2026-06-28,ovsyannikovsoap,Саратовская область,11146,campaign,DEVICE_ALL,2,5.86584644926823e-06,0
2026-06-29,2026-06-29,2026-07-05,ovsyannikovsoap,Саратовская область,11146,campaign,DEVICE_ALL,0,,0
2026-07-06,2026-07-06,2026-07-12,ovsyannikovsoap,Саратовская область,11146,campaign,DEVICE_ALL,0,,0
2026-07-13,2026-07-13,2026-07-19,ovsyannikovsoap,Саратовская область,11146,campaign,DEVICE_ALL,0,,0
2026-07-20,2026-07-20,2026-07-26,ovsyannikovsoap,Саратовская область,11146,campaign,DEVICE_ALL,0,,0
2026-07-27,2026-07-27,2026-08-02,ovsyannikovsoap,Саратовская область,11146,campaign,DEVICE_ALL,0,,0
2026-08-03,2026-08-03,2026-08-09,ovsyannikovsoap,Саратовская область,11146,campaign,DEVICE_ALL,1,2.884817321827913e-06,0
2026-08-10,2026-08-10,2026-08-16,ovsyannikovsoap,Саратовская область,11146,campaign,DEVICE_ALL,1,2.841171899309777e-06,0
2026-08-17,2026-08-17,2026-08-23,ovsyannikovsoap,Саратовская область,11146,campaign,DEVICE_ALL,0,,0
2026-08-24,2026-08-24,2026-08-30,ovsyannikovsoap,Саратовская область,11146,campaign,DEVICE_ALL,0,,0
2026-08-31,2026-08-31,2026-09-06,ovsyannikovsoap,Саратовская область,11146,campaign,DEVICE_ALL,5,1.3673665395562731e-05,0
2026-09-07,2026-09-07,2026-09-13,ovsyannikovsoap,Саратовская область,11146,campaign,DEVICE_ALL,2,4.955705163889382e-06,0
2026-03-30,2026-03-30,2026-04-05,ovsyannikovsoap,Томская область,11353,campaign,DEVICE_ALL,0,,0
2026-04-06,2026-04-06,2026-04-12,ovsyannikovsoap,Томская область,11353,campaign,DEVICE_ALL,0,,0
2026-04-13,2026-04-13,2026-04-19,ovsyannikovsoap,Томская область,11353,campaign,DEVICE_ALL,0,,0
2026-04-20,2026-04-20,2026-04-26,ovsyannikovsoap,Томская область,11353,campaign,DEVICE_ALL,0,,0
2026-04-27,2026-04-27,2026-05-03,ovsyannikovsoap,Томская область,11353,campaign,DEVICE_ALL,1,7.538264986900004e-06,0
2026-05-04,2026-05-04,2026-05-10,ovsyannikovsoap,Томская область,11353,campaign,DEVICE_ALL,0,,0
2026-05-11,2026-05-11,2026-05-17,ovsyannikovsoap,Томская область,11353,campaign,DEVICE_ALL,0,,0
2026-05-18,2026-05-18,2026-05-24,ovsyannikovsoap,Томская область,11353,campaign,DEVICE_ALL,0,,0
2026-05-25,2026-05-25,2026-05-31,ovsyannikovsoap,Томская область,11353,campaign,DEVICE_ALL,0,,0
2026-06-01,2026-06-01,2026-06-07,ovsyannikovsoap,Томская область,11353,campaign,DEVICE_ALL,0,,0
2026-06-08,2026-06-08,2026-06-14,ovsyannikovsoap,Томская область,11353,campaign,DEVICE_ALL,0,,0
2026-06-15,2026-06-15,2026-06-21,ovsyannikovsoap,Томская область,11353,campaign,DEVICE_ALL,0,,0
2026-06-22,2026-06-22,2026-06-28,ovsyannikovsoap,Томская область,11353,campaign,DEVICE_ALL,0,,0
2026-06-29,2026-06-29,2026-07-05,ovsyannikovsoap,Томская область,11353,campaign,DEVICE_ALL,0,,0
2026-07-06,2026-07-06,2026-07-12,ovsyannikovsoap,Томская область,11353,campaign,DEVICE_ALL,0,,0
2026-07-13,2026-07-13,2026-07-19,ovsyannikovsoap,Томская область,11353,campaign,DEVICE_ALL,0,,0
2026-07-20,2026-07-20,2026-07-26,ovsyannikovsoap,Томская область,11353,campaign,DEVICE_ALL,0,,0
2026-07-27,2026-07-27,2026-08-02,ovsyannikovsoap,Томская область,11353,campaign,DEVICE_ALL,0,,0
2026-08-03,2026-08-03,2026-08-09,ovsyannikovsoap,Томская область,11353,campaign,DEVICE_ALL,0,,0
2026-08-10,2026-08-10,2026-08-16,ovsyannikovsoap,Томская область,11353,campaign,DEVICE_ALL,0,,0
2026-08-17,2026-08-17,2026-08-23,ovsyannikovsoap,Томская область,11353,campaign,DEVICE_ALL,0,,0
2026-08-24,2026-08-24,2026-08-30,ovsyannikovsoap,Томская область,11353,campaign,DEVICE_ALL,0,,0
2026-08-31,2026-08-31,2026-09-06,ovsyannikovsoap,Томская область,11353,campaign,DEVICE_ALL,1,7.341845272960263e-06,0
2026-09-07,2026-09-07,2026-09-13,ovsyannikovsoap,Томская область,11353,campaign,DEVICE_ALL,0,,0
2026-03-30,2026-03-30,2026-04-05,ovsyannikovsoap,Вологодская область,10853,campaign,DEVICE_ALL,0,,0
2026-04-06,2026-04-06,2026-04-12,ovsyannikovsoap,Вологодская область,10853,campaign,DEVICE_ALL,0,,0
2026-04-13,2026-04-13,2026-04-19,ovsyannikovsoap,Вологодская область,10853,campaign,DEVICE_ALL,0,,0
2026-04-20,2026-04-20,2026-04-26,ovsyannikovsoap,Вологодская область,10853,campaign,DEVICE_ALL,0,,0
2026-04-27,2026-04-27,2026-05-03,ovsyannikovsoap,Вологодская область,10853,campaign,DEVICE_ALL,0,,0
2026-05-04,2026-05-04,2026-05-10,ovsyannikovsoap,Вологодская область,10853,campaign,DEVICE_ALL,0,,0
2026-05-11,2026-05-11,2026-05-17,ovsyannikovsoap,Вологодская область,10853,campaign,DEVICE_ALL,0,,0
2026-05-18,2026-05-18,2026-05-24,ovsyannikovsoap,Вологодская область,10853,campaign,DEVICE_ALL,0,,0
2026-05-25,2026-05-25,2026-05-31,ovsyannikovsoap,Вологодская область,10853,campaign,DEVICE_ALL,0,,0
2026-06-01,2026-06-01,2026-06-07,ovsyannikovsoap,Вологодская область,10853,campaign,DEVICE_ALL,0,,0
2026-06-08,2026-06-08,2026-06-14,ovsyannikovsoap,Вологодская область,10853,campaign,DEVICE_ALL,0,,0
2026-06-15,2026-06-15,2026-06-21,ovsyannikovsoap,Вологодская область,10853,campaign,DEVICE_ALL,0,,0
2026-06-22,2026-06-22,2026-06-28,ovsyannikovsoap,Вологодская область,10853,campaign,DEVICE_ALL,0,,0
2026-06-29,2026-06-29,2026-07-05,ovsyannikovsoap,Вологодская область,10853,campaign,DEVICE_ALL,1,5.486826650460775e-06,0
2026-07-06,2026-07-06,2026-07-12,ovsyannikovsoap,Вологодская область,10853,campaign,DEVICE_ALL,0,,0
2026-07-13,2026-07-13,2026-07-19,ovsyannikovsoap,Вологодская область,10853,campaign,DEVICE_ALL,0,,0
2026-07-20,2026-07-20,2026-07-26,ovsyannikovsoap,Вологодская область,10853,campaign,DEVICE_ALL,0,,0
2026-07-27,2026-07-27,2026-08-02,ovsyannikovsoap,Вологодская область,10853,campaign,DEVICE_ALL,0,,0
2026-08-03,2026-08-03,2026-08-09,ovsyannikovsoap,Вологодская область,10853,campaign,DEVICE_ALL,0,,0
2026-08-10,2026-08-10,2026-08-16,ovsyannikovsoap,Вологодская область,10853,campaign,DEVICE_ALL,0,,0
2026-08-17,2026-08-17,2026-08-23,ovsyannikovsoap,Вологодская область,10853,campaign,DEVICE_ALL,0,,0
2026-08-24,2026-08-24,2026-08-30,ovsyannikovsoap,Вологодская область,10853,campaign,DEVICE_ALL,0,,0
2026-08-31,2026-08-31,2026-09-06,ovsyannikovsoap,Вологодская область,10853,campaign,DEVICE_ALL,0,,0
2026-09-07,2026-09-07,2026-09-13,ovsyannikovsoap,Вологодская область,10853,campaign,DEVICE_ALL,0,,0
2026-03-30,2026-03-30,2026-04-05,ovsyannikovsoap,Алтайский край,11235,campaign,DEVICE_ALL,0,,0
2026-04-06,2026-04-06,2026-04-12,ovsyannikovsoap,Алтайский край,11235,campaign,DEVICE_ALL,0,,0
2026-04-13,2026-04-13,2026-04-19,ovsyannikovsoap,Алтайский край,11235,campaign,DEVICE_ALL,0,,0
2026-04-20,2026-04-20,2026-04-26,ovsyannikovsoap,Алтайский край,11235,campaign,DEVICE_ALL,0,,0
2026-04-27,2026-04-27,2026-05-03,ovsyannikovsoap,Алтайский край,11235,campaign,DEVICE_ALL,0,,0
2026-05-04,2026-05-04,2026-05-10,ovsyannikovsoap,Алтайский край,11235,campaign,DEVICE_ALL,0,,0
2026-05-11,2026-05-11,2026-05-17,ovsyannikovsoap,Алтайский край,11235,campaign,DEVICE_ALL,0,,0
2026-05-18,2026-05-18,2026-05-24,ovsyannikovsoap,Алтайский край,11235,campaign,DEVICE_ALL,0,,0
2026-05-25,2026-05-25,2026-05-31,ovsyannikovsoap,Алтайский край,11235,campaign,DEVICE_ALL,0,,0
2026-06-01,2026-06-01,2026-06-07,ovsyannikovsoap,Алтайский край,11235,campaign,DEVICE_ALL,0,,0
2026-06-08,2026-06-08,2026-06-14,ovsyannikovsoap,Алтайский край,11235,campaign,DEVICE_ALL,0,,0
2026-06-15,2026-06-15,2026-06-21,ovsyannikovsoap,Алтайский край,11235,campaign,DEVICE_ALL,0,,0
2026-06-22,2026-06-22,2026-06-28,ovsyannikovsoap,Алтайский край,11235,campaign,DEVICE_ALL,0,,0
2026-06-29,2026-06-29,2026-07-05,ovsyannikovsoap,Алтайский край,11235,campaign,DEVICE_ALL,0,,0
2026-07-06,2026-07-06,2026-07-12,ovsyannikovsoap,Алтайский край,11235,campaign,DEVICE_ALL,0,,0
2026-07-13,2026-07-13,2026-07-19,ovsyannikovsoap,Алтайский край,11235,campaign,DEVICE_ALL,0,,0
2026-07-20,2026-07-20,2026-07-26,ovsyannikovsoap,Алтайский край,11235,campaign,DEVICE_ALL,0,,0
2026-07-27,2026-07-27,2026-08-02,ovsyannikovsoap,Алтайский край,11235,campaign,DEVICE_ALL,0,,0
2026-08-03,2026-08-03,2026-08-09,ovsyannikovsoap,Алтайский край,11235,campaign,DEVICE_ALL,0,,0
2026-08-10,2026-08-10,2026-08-16,ovsyannikovsoap,Алтайский край,11235,campaign,DEVICE_ALL,0,,0
2026-08-17,2026-08-17,2026-08-23,ovsyannikovsoap,Алтайский край,11235,campaign,DEVICE_ALL,0,,0
2026-08-24,2026-08-24,2026-08-30,ovsyannikovsoap,Алтайский край,11235,campaign,DEVICE_ALL,0,,0
2026-08-31,2026-08-31,2026-09-06,ovsyannikovsoap,Алтайский край,11235,campaign,DEVICE_ALL,0,,0
2026-09-07,2026-09-07,2026-09-13,ovsyannikovsoap,Алтайский край,11235,campaign,DEVICE_ALL,0,,0
2026-03-30,2026-03-30,2026-04-05,ovsyannikovsoap,Ивановская область,10687,campaign,DEVICE_ALL,0,,0
2026-04-06,2026-04-06,2026-04-12,ovsyannikovsoap,Ивановская область,10687,campaign,DEVICE_ALL,0,,0
2026-04-13,2026-04-13,2026-04-19,ovsyannikovsoap,Ивановская область,10687,campaign,DEVICE_ALL,0,,0
2026-04-20,2026-04-20,2026-04-26,ovsyannikovsoap,Ивановская область,10687,campaign,DEVICE_ALL,0,,0
2026-04-27,2026-04-27,2026-05-03,ovsyannikovsoap,Ивановская область,10687,campaign,DEVICE_ALL,0,,0
2026-05-04,2026-05-04,2026-05-10,ovsyannikovsoap,Ивановская область,10687,campaign,DEVICE_ALL,0,,0
2026-05-11,2026-05-11,2026-05-17,ovsyannikovsoap,Ивановская область,10687,campaign,DEVICE_ALL,0,,0
2026-05-18,2026-05-18,2026-05-24,ovsyannikovsoap,Ивановская область,10687,campaign,DEVICE_ALL,0,,0
2026-05-25,2026-05-25,2026-05-31,ovsyannikovsoap,Ивановская область,10687,campaign,DEVICE_ALL,0,,0
2026-06-01,2026-06-01,2026-06-07,ovsyannikovsoap,Ивановская область,10687,campaign,DEVICE_ALL,0,,0
2026-06-08,2026-06-08,2026-06-14,ovsyannikovsoap,Ивановская область,10687,campaign,DEVICE_ALL,0,,0
2026-06-15,2026-06-15,2026-06-21,ovsyannikovsoap,Ивановская область,10687,campaign,DEVICE_ALL,0,,0
2026-06-22,2026-06-22,2026-06-28,ovsyannikovsoap,Ивановская область,10687,campaign,DEVICE_ALL,0,,0
2026-06-29,2026-06-29,2026-07-05,ovsyannikovsoap,Ивановская область,10687,campaign,DEVICE_ALL,0,,0
2026-07-06,2026-07-06,2026-07-12,ovsyannikovsoap,Ивановская область,10687,campaign,DEVICE_ALL,0,,0
2026-07-13,2026-07-13,2026-07-19,ovsyannikovsoap,Ивановская область,10687,campaign,DEVICE_ALL,0,,0
2026-07-20,2026-07-20,2026-07-26,ovsyannikovsoap,Ивановская область,10687,campaign,DEVICE_ALL,0,,0
2026-07-27,2026-07-27,2026-08-02,ovsyannikovsoap,Ивановская область,10687,campaign,DEVICE_ALL,1,6.1578523578539835e-06,0
2026-08-03,2026-08-03,2026-08-09,ovsyannikovsoap,Ивановская область,10687,campaign,DEVICE_ALL,1,6.2989828591448536e-06,0
2026-08-10,2026-08-10,2026-08-16,ovsyannikovsoap,Ивановская область,10687,campaign,DEVICE_ALL,0,,0
2026-08-17,2026-08-17,2026-08-23,ovsyannikovsoap,Ивановская область,10687,campaign,DEVICE_ALL,0,,0
2026-08-24,2026-08-24,2026-08-30,ovsyannikovsoap,Ивановская область,10687,campaign,DEVICE_ALL,0,,0
2026-08-31,2026-08-31,2026-09-06,ovsyannikovsoap,Ивановская область,10687,campaign,DEVICE_ALL,0,,0
2026-09-07,2026-09-07,2026-09-13,ovsyannikovsoap,Ивановская область,10687,campaign,DEVICE_ALL,0,,0
2026-03-30,2026-03-30,2026-04-05,ovsyannikovsoap,Омская область,11318,campaign,DEVICE_ALL,0,,0
2026-04-06,2026-04-06,2026-04-12,ovsyannikovsoap,Омская область,11318,campaign,DEVICE_ALL,1,3.631847335151993e-06,0
2026-04-13,2026-04-13,2026-04-19,ovsyannikovsoap,Омская область,11318,campaign,DEVICE_ALL,0,,0
2026-04-20,2026-04-20,2026-04-26,ovsyannikovsoap,Омская область,11318,campaign,DEVICE_ALL,0,,0
2026-04-27,2026-04-27,2026-05-03,ovsyannikovsoap,Омская область,11318,campaign,DEVICE_ALL,0,,0
2026-05-04,2026-05-04,2026-05-10,ovsyannikovsoap,Омская область,11318,campaign,DEVICE_ALL,0,,0
2026-05-11,2026-05-11,2026-05-17,ovsyannikovsoap,Омская область,11318,campaign,DEVICE_ALL,2,7.997826190841328e-06,0
2026-05-18,2026-05-18,2026-05-24,ovsyannikovsoap,Омская область,11318,campaign,DEVICE_ALL,2,7.787865703084427e-06,0
2026-05-25,2026-05-25,2026-05-31,ovsyannikovsoap,Омская область,11318,campaign,DEVICE_ALL,0,,0
2026-06-01,2026-06-01,2026-06-07,ovsyannikovsoap,Омская область,11318,campaign,DEVICE_ALL,5,2.0383710300838696e-05,0
2026-06-08,2026-06-08,2026-06-14,ovsyannikovsoap,Омская область,11318,campaign,DEVICE_ALL,4,1.637181103213668e-05,0
2026-06-15,2026-06-15,2026-06-21,ovsyannikovsoap,Омская область,11318,campaign,DEVICE_ALL,0,,0
2026-06-22,2026-06-22,2026-06-28,ovsyannikovsoap,Омская область,11318,campaign,DEVICE_ALL,2,8.142549662733558e-06,0
2026-06-29,2026-06-29,2026-07-05,ovsyannikovsoap,Омская область,11318,campaign,DEVICE_ALL,1,4.199172460684828e-06,0
2026-07-06,2026-07-06,2026-07-12,ovsyannikovsoap,Омская область,11318,campaign,DEVICE_ALL,0,,0
2026-07-13,2026-07-13,2026-07-19,ovsyannikovsoap,Омская область,11318,campaign,DEVICE_ALL,1,3.87124876962036e-06,0
2026-07-20,2026-07-20,2026-07-26,ovsyannikovsoap,Омская область,11318,campaign,DEVICE_ALL,0,,0
2026-07-27,2026-07-27,2026-08-02,ovsyannikovsoap,Омская область,11318,campaign,DEVICE_ALL,0,,0
2026-08-03,2026-08-03,2026-08-09,ovsyannikovsoap,Омская область,11318,campaign,DEVICE_ALL,2,7.704699516141019e-06,0
2026-08-10,2026-08-10,2026-08-16,ovsyannikovsoap,Омская область,11318,campaign,DEVICE_ALL,0,,0
2026-08-17,2026-08-17,2026-08-23,ovsyannikovsoap,Омская область,11318,campaign,DEVICE_ALL,0,,0
2026-08-24,2026-08-24,2026-08-30,ovsyannikovsoap,Омская область,11318,campaign,DEVICE_ALL,0,,0
2026-08-31,2026-08-31,2026-09-06,ovsyannikovsoap,Омская область,11318,campaign,DEVICE_ALL,3,1.1375038115856886e-05,0
2026-09-07,2026-09-07,2026-09-13,ovsyannikovsoap,Омская область,11318,campaign,DEVICE_ALL,0,,0
2026-03-30,2026-03-30,2026-04-05,ovsyannikovsoap,Астраханская область,10946,control,DEVICE_ALL,0,,0
2026-04-06,2026-04-06,2026-04-12,ovsyannikovsoap,Астраханская область,10946,control,DEVICE_ALL,0,,0
2026-04-13,2026-04-13,2026-04-19,ovsyannikovsoap,Астраханская область,10946,control,DEVICE_ALL,0,,0
2026-04-20,2026-04-20,2026-04-26,ovsyannikovsoap,Астраханская область,10946,control,DEVICE_ALL,0,,0
2026-04-27,2026-04-27,2026-05-03,ovsyannikovsoap,Астраханская область,10946,control,DEVICE_ALL,0,,0
2026-05-04,2026-05-04,2026-05-10,ovsyannikovsoap,Астраханская область,10946,control,DEVICE_ALL,0,,0
2026-05-11,2026-05-11,2026-05-17,ovsyannikovsoap,Астраханская область,10946,control,DEVICE_ALL,0,,0
2026-05-18,2026-05-18,2026-05-24,ovsyannikovsoap,Астраханская область,10946,control,DEVICE_ALL,0,,0
2026-05-25,2026-05-25,2026-05-31,ovsyannikovsoap,Астраханская область,10946,control,DEVICE_ALL,0,,0
2026-06-01,2026-06-01,2026-06-07,ovsyannikovsoap,Астраханская область,10946,control,DEVICE_ALL,0,,0
2026-06-08,2026-06-08,2026-06-14,ovsyannikovsoap,Астраханская область,10946,control,DEVICE_ALL,0,,0
2026-06-15,2026-06-15,2026-06-21,ovsyannikovsoap,Астраханская область,10946,control,DEVICE_ALL,0,,0
2026-06-22,2026-06-22,2026-06-28,ovsyannikovsoap,Астраханская область,10946,control,DEVICE_ALL,0,,0
2026-06-29,2026-06-29,2026-07-05,ovsyannikovsoap,Астраханская область,10946,control,DEVICE_ALL,0,,0
2026-07-06,2026-07-06,2026-07-12,ovsyannikovsoap,Астраханская область,10946,control,DEVICE_ALL,0,,0
2026-07-13,2026-07-13,2026-07-19,ovsyannikovsoap,Астраханская область,10946,control,DEVICE_ALL,0,,0
2026-07-20,2026-07-20,2026-07-26,ovsyannikovsoap,Астраханская область,10946,control,DEVICE_ALL,0,,0
2026-07-27,2026-07-27,2026-08-02,ovsyannikovsoap,Астраханская область,10946,control,DEVICE_ALL,0,,0
2026-08-03,2026-08-03,2026-08-09,ovsyannikovsoap,Астраханская область,10946,control,DEVICE_ALL,0,,0
2026-08-10,2026-08-10,2026-08-16,ovsyannikovsoap,Астраханская область,10946,control,DEVICE_ALL,0,,0
2026-08-17,2026-08-17,2026-08-23,ovsyannikovsoap,Астраханская область,10946,control,DEVICE_ALL,0,,0
2026-08-24,2026-08-24,2026-08-30,ovsyannikovsoap,Астраханская область,10946,control,DEVICE_ALL,0,,0
2026-08-31,2026-08-31,2026-09-06,ovsyannikovsoap,Астраханская область,10946,control,DEVICE_ALL,0,,0
2026-09-07,2026-09-07,2026-09-13,ovsyannikovsoap,Астраханская область,10946,control,DEVICE_ALL,1,7.777014939023538e-06,0
2026-03-30,2026-03-30,2026-04-05,ovsyannikovsoap,Кемеровская область,11282,control,DEVICE_ALL,0,,0
2026-04-06,2026-04-06,2026-04-12,ovsyannikovsoap,Кемеровская область,11282,control,DEVICE_ALL,0,,0
2026-04-13,2026-04-13,2026-04-19,ovsyannikovsoap,Кемеровская область,11282,control,DEVICE_ALL,0,,0
2026-04-20,2026-04-20,2026-04-26,ovsyannikovsoap,Кемеровская область,11282,control,DEVICE_ALL,0,,0
2026-04-27,2026-04-27,2026-05-03,ovsyannikovsoap,Кемеровская область,11282,control,DEVICE_ALL,0,,0
2026-05-04,2026-05-04,2026-05-10,ovsyannikovsoap,Кемеровская область,11282,control,DEVICE_ALL,0,,0
2026-05-11,2026-05-11,2026-05-17,ovsyannikovsoap,Кемеровская область,11282,control,DEVICE_ALL,0,,0
2026-05-18,2026-05-18,2026-05-24,ovsyannikovsoap,Кемеровская область,11282,control,DEVICE_ALL,0,,0
2026-05-25,2026-05-25,2026-05-31,ovsyannikovsoap,Кемеровская область,11282,control,DEVICE_ALL,0,,0
2026-06-01,2026-06-01,2026-06-07,ovsyannikovsoap,Кемеровская область,11282,control,DEVICE_ALL,0,,0
2026-06-08,2026-06-08,2026-06-14,ovsyannikovsoap,Кемеровская область,11282,control,DEVICE_ALL,0,,0
2026-06-15,2026-06-15,2026-06-21,ovsyannikovsoap,Кемеровская область,11282,control,DEVICE_ALL,0,,0
2026-06-22,2026-06-22,2026-06-28,ovsyannikovsoap,Кемеровская область,11282,control,DEVICE_ALL,0,,0
2026-06-29,2026-06-29,2026-07-05,ovsyannikovsoap,Кемеровская область,11282,control,DEVICE_ALL,0,,0
2026-07-06,2026-07-06,2026-07-12,ovsyannikovsoap,Кемеровская область,11282,control,DEVICE_ALL,0,,0
2026-07-13,2026-07-13,2026-07-19,ovsyannikovsoap,Кемеровская область,11282,control,DEVICE_ALL,0,,0
2026-07-20,2026-07-20,2026-07-26,ovsyannikovsoap,Кемеровская область,11282,control,DEVICE_ALL,0,,0
2026-07-27,2026-07-27,2026-08-02,ovsyannikovsoap,Кемеровская область,11282,control,DEVICE_ALL,0,,0
2026-08-03,2026-08-03,2026-08-09,ovsyannikovsoap,Кемеровская область,11282,control,DEVICE_ALL,0,,0
2026-08-10,2026-08-10,2026-08-16,ovsyannikovsoap,Кемеровская область,11282,control,DEVICE_ALL,0,,0
2026-08-17,2026-08-17,2026-08-23,ovsyannikovsoap,Кемеровская область,11282,control,DEVICE_ALL,0,,0
2026-08-24,2026-08-24,2026-08-30,ovsyannikovsoap,Кемеровская область,11282,control,DEVICE_ALL,0,,0
2026-08-31,2026-08-31,2026-09-06,ovsyannikovsoap,Кемеровская область,11282,control,DEVICE_ALL,0,,0
2026-09-07,2026-09-07,2026-09-13,ovsyannikovsoap,Кемеровская область,11282,control,DEVICE_ALL,0,,0
2026-03-30,2026-03-30,2026-04-05,ovsyannikovsoap,Кировская область,11070,control,DEVICE_ALL,0,,0
2026-04-06,2026-04-06,2026-04-12,ovsyannikovsoap,Кировская область,11070,control,DEVICE_ALL,0,,0
2026-04-13,2026-04-13,2026-04-19,ovsyannikovsoap,Кировская область,11070,control,DEVICE_ALL,0,,0
2026-04-20,2026-04-20,2026-04-26,ovsyannikovsoap,Кировская область,11070,control,DEVICE_ALL,0,,0
2026-04-27,2026-04-27,2026-05-03,ovsyannikovsoap,Кировская область,11070,control,DEVICE_ALL,0,,0
2026-05-04,2026-05-04,2026-05-10,ovsyannikovsoap,Кировская область,11070,control,DEVICE_ALL,0,,0
2026-05-11,2026-05-11,2026-05-17,ovsyannikovsoap,Кировская область,11070,control,DEVICE_ALL,0,,0
2026-05-18,2026-05-18,2026-05-24,ovsyannikovsoap,Кировская область,11070,control,DEVICE_ALL,0,,0
2026-05-25,2026-05-25,2026-05-31,ovsyannikovsoap,Кировская область,11070,control,DEVICE_ALL,0,,0
2026-06-01,2026-06-01,2026-06-07,ovsyannikovsoap,Кировская область,11070,control,DEVICE_ALL,0,,0
2026-06-08,2026-06-08,2026-06-14,ovsyannikovsoap,Кировская область,11070,control,DEVICE_ALL,0,,0
2026-06-15,2026-06-15,2026-06-21,ovsyannikovsoap,Кировская область,11070,control,DEVICE_ALL,0,,0
2026-06-22,2026-06-22,2026-06-28,ovsyannikovsoap,Кировская область,11070,control,DEVICE_ALL,0,,0
2026-06-29,2026-06-29,2026-07-05,ovsyannikovsoap,Кировская область,11070,control,DEVICE_ALL,0,,0
2026-07-06,2026-07-06,2026-07-12,ovsyannikovsoap,Кировская область,11070,control,DEVICE_ALL,0,,0
2026-07-13,2026-07-13,2026-07-19,ovsyannikovsoap,Кировская область,11070,control,DEVICE_ALL,0,,0
2026-07-20,2026-07-20,2026-07-26,ovsyannikovsoap,Кировская область,11070,control,DEVICE_ALL,0,,0
2026-07-27,2026-07-27,2026-08-02,ovsyannikovsoap,Кировская область,11070,control,DEVICE_ALL,0,,0
2026-08-03,2026-08-03,2026-08-09,ovsyannikovsoap,Кировская область,11070,control,DEVICE_ALL,0,,0
2026-08-10,2026-08-10,2026-08-16,ovsyannikovsoap,Кировская область,11070,control,DEVICE_ALL,0,,0
2026-08-17,2026-08-17,2026-08-23,ovsyannikovsoap,Кировская область,11070,control,DEVICE_ALL,0,,0
2026-08-24,2026-08-24,2026-08-30,ovsyannikovsoap,Кировская область,11070,control,DEVICE_ALL,0,,0
2026-08-31,2026-08-31,2026-09-06,ovsyannikovsoap,Кировская область,11070,control,DEVICE_ALL,0,,0
2026-09-07,2026-09-07,2026-09-13,ovsyannikovsoap,Кировская область,11070,control,DEVICE_ALL,0,,0
2026-03-30,2026-03-30,2026-04-05,ovsyannikovsoap,Курганская область,11158,control,DEVICE_ALL,0,,0
2026-04-06,2026-04-06,2026-04-12,ovsyannikovsoap,Курганская область,11158,control,DEVICE_ALL,0,,0
2026-04-13,2026-04-13,2026-04-19,ovsyannikovsoap,Курганская область,11158,control,DEVICE_ALL,0,,0
2026-04-20,2026-04-20,2026-04-26,ovsyannikovsoap,Курганская область,11158,control,DEVICE_ALL,0,,0
2026-04-27,2026-04-27,2026-05-03,ovsyannikovsoap,Курганская область,11158,control,DEVICE_ALL,0,,0
2026-05-04,2026-05-04,2026-05-10,ovsyannikovsoap,Курганская область,11158,control,DEVICE_ALL,0,,0
2026-05-11,2026-05-11,2026-05-17,ovsyannikovsoap,Курганская область,11158,control,DEVICE_ALL,0,,0
2026-05-18,2026-05-18,2026-05-24,ovsyannikovsoap,Курганская область,11158,control,DEVICE_ALL,0,,0
2026-05-25,2026-05-25,2026-05-31,ovsyannikovsoap,Курганская область,11158,control,DEVICE_ALL,0,,0
2026-06-01,2026-06-01,2026-06-07,ovsyannikovsoap,Курганская область,11158,control,DEVICE_ALL,0,,0
2026-06-08,2026-06-08,2026-06-14,ovsyannikovsoap,Курганская область,11158,control,DEVICE_ALL,0,,0
2026-06-15,2026-06-15,2026-06-21,ovsyannikovsoap,Курганская область,11158,control,DEVICE_ALL,0,,0
2026-06-22,2026-06-22,2026-06-28,ovsyannikovsoap,Курганская область,11158,control,DEVICE_ALL,0,,0
2026-06-29,2026-06-29,2026-07-05,ovsyannikovsoap,Курганская область,11158,control,DEVICE_ALL,0,,0
2026-07-06,2026-07-06,2026-07-12,ovsyannikovsoap,Курганская область,11158,control,DEVICE_ALL,0,,0
2026-07-13,2026-07-13,2026-07-19,ovsyannikovsoap,Курганская область,11158,control,DEVICE_ALL,0,,0
2026-07-20,2026-07-20,2026-07-26,ovsyannikovsoap,Курганская область,11158,control,DEVICE_ALL,0,,0
2026-07-27,2026-07-27,2026-08-02,ovsyannikovsoap,Курганская область,11158,control,DEVICE_ALL,0,,0
2026-08-03,2026-08-03,2026-08-09,ovsyannikovsoap,Курганская область,11158,control,DEVICE_ALL,0,,0
2026-08-10,2026-08-10,2026-08-16,ovsyannikovsoap,Курганская область,11158,control,DEVICE_ALL,0,,0
2026-08-17,2026-08-17,2026-08-23,ovsyannikovsoap,Курганская область,11158,control,DEVICE_ALL,0,,0
2026-08-24,2026-08-24,2026-08-30,ovsyannikovsoap,Курганская область,11158,control,DEVICE_ALL,0,,0
2026-08-31,2026-08-31,2026-09-06,ovsyannikovsoap,Курганская область,11158,control,DEVICE_ALL,0,,0
2026-09-07,2026-09-07,2026-09-13,ovsyannikovsoap,Курганская область,11158,control,DEVICE_ALL,0,,0
2026-03-30,2026-03-30,2026-04-05,ovsyannikovsoap,Пензенская область,11095,control,DEVICE_ALL,0,,0
2026-04-06,2026-04-06,2026-04-12,ovsyannikovsoap,Пензенская область,11095,control,DEVICE_ALL,0,,0
2026-04-13,2026-04-13,2026-04-19,ovsyannikovsoap,Пензенская область,11095,control,DEVICE_ALL,0,,0
2026-04-20,2026-04-20,2026-04-26,ovsyannikovsoap,Пензенская область,11095,control,DEVICE_ALL,0,,0
2026-04-27,2026-04-27,2026-05-03,ovsyannikovsoap,Пензенская область,11095,control,DEVICE_ALL,0,,0
2026-05-04,2026-05-04,2026-05-10,ovsyannikovsoap,Пензенская область,11095,control,DEVICE_ALL,0,,0
2026-05-11,2026-05-11,2026-05-17,ovsyannikovsoap,Пензенская область,11095,control,DEVICE_ALL,0,,0
2026-05-18,2026-05-18,2026-05-24,ovsyannikovsoap,Пензенская область,11095,control,DEVICE_ALL,0,,0
2026-05-25,2026-05-25,2026-05-31,ovsyannikovsoap,Пензенская область,11095,control,DEVICE_ALL,0,,0
2026-06-01,2026-06-01,2026-06-07,ovsyannikovsoap,Пензенская область,11095,control,DEVICE_ALL,0,,0
2026-06-08,2026-06-08,2026-06-14,ovsyannikovsoap,Пензенская область,11095,control,DEVICE_ALL,0,,0
2026-06-15,2026-06-15,2026-06-21,ovsyannikovsoap,Пензенская область,11095,control,DEVICE_ALL,0,,0
2026-06-22,2026-06-22,2026-06-28,ovsyannikovsoap,Пензенская область,11095,control,DEVICE_ALL,0,,0
2026-06-29,2026-06-29,2026-07-05,ovsyannikovsoap,Пензенская область,11095,control,DEVICE_ALL,0,,0
2026-07-06,2026-07-06,2026-07-12,ovsyannikovsoap,Пензенская область,11095,control,DEVICE_ALL,0,,0
2026-07-13,2026-07-13,2026-07-19,ovsyannikovsoap,Пензенская область,11095,control,DEVICE_ALL,0,,0
2026-07-20,2026-07-20,2026-07-26,ovsyannikovsoap,Пензенская область,11095,control,DEVICE_ALL,0,,0
2026-07-27,2026-07-27,2026-08-02,ovsyannikovsoap,Пензенская область,11095,control,DEVICE_ALL,0,,0
2026-08-03,2026-08-03,2026-08-09,ovsyannikovsoap,Пензенская область,11095,control,DEVICE_ALL,0,,0
2026-08-10,2026-08-10,2026-08-16,ovsyannikovsoap,Пензенская область,11095,control,DEVICE_ALL,0,,0
2026-08-17,2026-08-17,2026-08-23,ovsyannikovsoap,Пензенская область,11095,control,DEVICE_ALL,0,,0
2026-08-24,2026-08-24,2026-08-30,ovsyannikovsoap,Пензенская область,11095,control,DEVICE_ALL,0,,0
2026-08-31,2026-08-31,2026-09-06,ovsyannikovsoap,Пензенская область,11095,control,DEVICE_ALL,0,,0
2026-09-07,2026-09-07,2026-09-13,ovsyannikovsoap,Пензенская область,11095,control,DEVICE_ALL,0,,0
2026-03-30,2026-03-30,2026-04-05,ovsyannikovsoap,Ростовская область,11029,control,DEVICE_ALL,1,1.5073973717140018e-06,0
2026-04-06,2026-04-06,2026-04-12,ovsyannikovsoap,Ростовская область,11029,control,DEVICE_ALL,1,1.4658133697980794e-06,0
2026-04-13,2026-04-13,2026-04-19,ovsyannikovsoap,Ростовская область,11029,control,DEVICE_ALL,0,,0
2026-04-20,2026-04-20,2026-04-26,ovsyannikovsoap,Ростовская область,11029,control,DEVICE_ALL,1,1.431171355792276e-06,0
2026-04-27,2026-04-27,2026-05-03,ovsyannikovsoap,Ростовская область,11029,control,DEVICE_ALL,4,6.125204696684457e-06,0
2026-05-04,2026-05-04,2026-05-10,ovsyannikovsoap,Ростовская область,11029,control,DEVICE_ALL,0,,0
2026-05-11,2026-05-11,2026-05-17,ovsyannikovsoap,Ростовская область,11029,control,DEVICE_ALL,1,1.5091153509975184e-06,0
2026-05-18,2026-05-18,2026-05-24,ovsyannikovsoap,Ростовская область,11029,control,DEVICE_ALL,2,3.0882926977581663e-06,0
2026-05-25,2026-05-25,2026-05-31,ovsyannikovsoap,Ростовская область,11029,control,DEVICE_ALL,0,,0
2026-06-01,2026-06-01,2026-06-07,ovsyannikovsoap,Ростовская область,11029,control,DEVICE_ALL,0,,0
2026-06-08,2026-06-08,2026-06-14,ovsyannikovsoap,Ростовская область,11029,control,DEVICE_ALL,1,1.5553607725414745e-06,0
2026-06-15,2026-06-15,2026-06-21,ovsyannikovsoap,Ростовская область,11029,control,DEVICE_ALL,2,3.0736121818807547e-06,0
2026-06-22,2026-06-22,2026-06-28,ovsyannikovsoap,Ростовская область,11029,control,DEVICE_ALL,0,,0
2026-06-29,2026-06-29,2026-07-05,ovsyannikovsoap,Ростовская область,11029,control,DEVICE_ALL,4,6.25762755911741e-06,0
2026-07-06,2026-07-06,2026-07-12,ovsyannikovsoap,Ростовская область,11029,control,DEVICE_ALL,1,1.5363770765903024e-06,0
2026-07-13,2026-07-13,2026-07-19,ovsyannikovsoap,Ростовская область,11029,control,DEVICE_ALL,0,,0
2026-07-20,2026-07-20,2026-07-26,ovsyannikovsoap,Ростовская область,11029,control,DEVICE_ALL,1,1.3732304758073318e-06,0
2026-07-27,2026-07-27,2026-08-02,ovsyannikovsoap,Ростовская область,11029,control,DEVICE_ALL,0,,0
2026-08-03,2026-08-03,2026-08-09,ovsyannikovsoap,Ростовская область,11029,control,DEVICE_ALL,0,,0
2026-08-10,2026-08-10,2026-08-16,ovsyannikovsoap,Ростовская область,11029,control,DEVICE_ALL,4,5.699025515078639e-06,0
2026-08-17,2026-08-17,2026-08-23,ovsyannikovsoap,Ростовская область,11029,control,DEVICE_ALL,2,2.8749962553173774e-06,0
2026-08-24,2026-08-24,2026-08-30,ovsyannikovsoap,Ростовская область,11029,control,DEVICE_ALL,0,,0
2026-08-31,2026-08-31,2026-09-06,ovsyannikovsoap,Ростовская область,11029,control,DEVICE_ALL,4,5.6051881733836605e-06,0
2026-09-07,2026-09-07,2026-09-13,ovsyannikovsoap,Ростовская область,11029,control,DEVICE_ALL,0,,0
2026-03-30,2026-03-30,2026-04-05,ovsyannikovsoap,Тульская область,10832,control,DEVICE_ALL,0,,0
2026-04-06,2026-04-06,2026-04-12,ovsyannikovsoap,Тульская область,10832,control,DEVICE_ALL,0,,0
2026-04-13,2026-04-13,2026-04-19,ovsyannikovsoap,Тульская область,10832,control,DEVICE_ALL,0,,0
2026-04-20,2026-04-20,2026-04-26,ovsyannikovsoap,Тульская область,10832,control,DEVICE_ALL,0,,0
2026-04-27,2026-04-27,2026-05-03,ovsyannikovsoap,Тульская область,10832,control,DEVICE_ALL,0,,0
2026-05-04,2026-05-04,2026-05-10,ovsyannikovsoap,Тульская область,10832,control,DEVICE_ALL,0,,0
2026-05-11,2026-05-11,2026-05-17,ovsyannikovsoap,Тульская область,10832,control,DEVICE_ALL,0,,0
2026-05-18,2026-05-18,2026-05-24,ovsyannikovsoap,Тульская область,10832,control,DEVICE_ALL,0,,0
2026-05-25,2026-05-25,2026-05-31,ovsyannikovsoap,Тульская область,10832,control,DEVICE_ALL,0,,0
2026-06-01,2026-06-01,2026-06-07,ovsyannikovsoap,Тульская область,10832,control,DEVICE_ALL,0,,0
2026-06-08,2026-06-08,2026-06-14,ovsyannikovsoap,Тульская область,10832,control,DEVICE_ALL,0,,0
2026-06-15,2026-06-15,2026-06-21,ovsyannikovsoap,Тульская область,10832,control,DEVICE_ALL,0,,0
2026-06-22,2026-06-22,2026-06-28,ovsyannikovsoap,Тульская область,10832,control,DEVICE_ALL,0,,0
2026-06-29,2026-06-29,2026-07-05,ovsyannikovsoap,Тульская область,10832,control,DEVICE_ALL,0,,0
2026-07-06,2026-07-06,2026-07-12,ovsyannikovsoap,Тульская область,10832,control,DEVICE_ALL,0,,0
2026-07-13,2026-07-13,2026-07-19,ovsyannikovsoap,Тульская область,10832,control,DEVICE_ALL,0,,0
2026-07-20,2026-07-20,2026-07-26,ovsyannikovsoap,Тульская область,10832,control,DEVICE_ALL,0,,0
2026-07-27,2026-07-27,2026-08-02,ovsyannikovsoap,Тульская область,10832,control,DEVICE_ALL,0,,0
2026-08-03,2026-08-03,2026-08-09,ovsyannikovsoap,Тульская область,10832,control,DEVICE_ALL,7,2.6432635635104868e-05,0
2026-08-10,2026-08-10,2026-08-16,ovsyannikovsoap,Тульская область,10832,control,DEVICE_ALL,0,,0
2026-08-17,2026-08-17,2026-08-23,ovsyannikovsoap,Тульская область,10832,control,DEVICE_ALL,1,3.7644967003433524e-06,0
2026-08-24,2026-08-24,2026-08-30,ovsyannikovsoap,Тульская область,10832,control,DEVICE_ALL,0,,0
2026-08-31,2026-08-31,2026-09-06,ovsyannikovsoap,Тульская область,10832,control,DEVICE_ALL,0,,0
2026-09-07,2026-09-07,2026-09-13,ovsyannikovsoap,Тульская область,10832,control,DEVICE_ALL,0,,0
2026-03-30,2026-03-30,2026-04-05,овсянников косметика,Тюменская область,11176,campaign,DEVICE_ALL,0,,0
2026-04-06,2026-04-06,2026-04-12,овсянников косметика,Тюменская область,11176,campaign,DEVICE_ALL,0,,0
2026-04-13,2026-04-13,2026-04-19,овсянников косметика,Тюменская область,11176,campaign,DEVICE_ALL,0,,0
2026-04-20,2026-04-20,2026-04-26,овсянников косметика,Тюменская область,11176,campaign,DEVICE_ALL,0,,0
2026-04-27,2026-04-27,2026-05-03,овсянников косметика,Тюменская область,11176,campaign,DEVICE_ALL,1,3.6558906122432266e-06,0
2026-05-04,2026-05-04,2026-05-10,овсянников косметика,Тюменская область,11176,campaign,DEVICE_ALL,0,,0
2026-05-11,2026-05-11,2026-05-17,овсянников косметика,Тюменская область,11176,campaign,DEVICE_ALL,0,,0
2026-05-18,2026-05-18,2026-05-24,овсянников косметика,Тюменская область,11176,campaign,DEVICE_ALL,0,,0
2026-05-25,2026-05-25,2026-05-31,овсянников косметика,Тюменская область,11176,campaign,DEVICE_ALL,0,,0
2026-06-01,2026-06-01,2026-06-07,овсянников косметика,Тюменская область,11176,campaign,DEVICE_ALL,2,7.422468696016617e-06,0
2026-06-08,2026-06-08,2026-06-14,овсянников косметика,Тюменская область,11176,campaign,DEVICE_ALL,0,,0
2026-06-15,2026-06-15,2026-06-21,овсянников косметика,Тюменская область,11176,campaign,DEVICE_ALL,0,,0
2026-06-22,2026-06-22,2026-06-28,овсянников косметика,Тюменская область,11176,campaign,DEVICE_ALL,1,3.684217060953419e-06,0
2026-06-29,2026-06-29,2026-07-05,овсянников косметика,Тюменская область,11176,campaign,DEVICE_ALL,3,1.1540458925583274e-05,0
2026-07-06,2026-07-06,2026-07-12,овсянников косметика,Тюменская область,11176,campaign,DEVICE_ALL,0,,0
2026-07-13,2026-07-13,2026-07-19,овсянников косметика,Тюменская область,11176,campaign,DEVICE_ALL,0,,0
2026-07-20,2026-07-20,2026-07-26,овсянников косметика,Тюменская область,11176,campaign,DEVICE_ALL,1,3.4740487516040552e-06,0
2026-07-27,2026-07-27,2026-08-02,овсянников косметика,Тюменская область,11176,campaign,DEVICE_ALL,2,7.16363424059567e-06,0
2026-08-03,2026-08-03,2026-08-09,овсянников косметика,Тюменская область,11176,campaign,DEVICE_ALL,6,2.209295389421452e-05,0
2026-08-10,2026-08-10,2026-08-16,овсянников косметика,Тюменская область,11176,campaign,DEVICE_ALL,4,1.4211064073673283e-05,0
2026-08-17,2026-08-17,2026-08-23,овсянников косметика,Тюменская область,11176,campaign,DEVICE_ALL,0,,0
2026-08-24,2026-08-24,2026-08-30,овсянников косметика,Тюменская область,11176,campaign,DEVICE_ALL,0,,0
2026-08-31,2026-08-31,2026-09-06,овсянников косметика,Тюменская область,11176,campaign,DEVICE_ALL,6,2.1341763804297447e-05,0
2026-09-07,2026-09-07,2026-09-13,овсянников косметика,Тюменская область,11176,campaign,DEVICE_ALL,10,3.2065945026849295e-05,0
2026-03-30,2026-03-30,2026-04-05,овсянников косметика,Волгоградская область,10950,campaign,DEVICE_ALL,0,,0
2026-04-06,2026-04-06,2026-04-12,овсянников косметика,Волгоградская область,10950,campaign,DEVICE_ALL,0,,0
2026-04-13,2026-04-13,2026-04-19,овсянников косметика,Волгоградская область,10950,campaign,DEVICE_ALL,3,8.210992510014743e-06,0
2026-04-20,2026-04-20,2026-04-26,овсянников косметика,Волгоградская область,10950,campaign,DEVICE_ALL,0,,0
2026-04-27,2026-04-27,2026-05-03,овсянников косметика,Волгоградская область,10950,campaign,DEVICE_ALL,0,,0
2026-05-04,2026-05-04,2026-05-10,овсянников косметика,Волгоградская область,10950,campaign,DEVICE_ALL,0,,0
2026-05-11,2026-05-11,2026-05-17,овсянников косметика,Волгоградская область,10950,campaign,DEVICE_ALL,0,,0
2026-05-18,2026-05-18,2026-05-24,овсянников косметика,Волгоградская область,10950,campaign,DEVICE_ALL,0,,0
2026-05-25,2026-05-25,2026-05-31,овсянников косметика,Волгоградская область,10950,campaign,DEVICE_ALL,2,5.882628559626338e-06,0
2026-06-01,2026-06-01,2026-06-07,овсянников косметика,Волгоградская область,10950,campaign,DEVICE_ALL,0,,0
2026-06-08,2026-06-08,2026-06-14,овсянников косметика,Волгоградская область,10950,campaign,DEVICE_ALL,0,,0
2026-06-15,2026-06-15,2026-06-21,овсянников косметика,Волгоградская область,10950,campaign,DEVICE_ALL,0,,0
2026-06-22,2026-06-22,2026-06-28,овсянников косметика,Волгоградская область,10950,campaign,DEVICE_ALL,0,,0
2026-06-29,2026-06-29,2026-07-05,овсянников косметика,Волгоградская область,10950,campaign,DEVICE_ALL,0,,0
2026-07-06,2026-07-06,2026-07-12,овсянников косметика,Волгоградская область,10950,campaign,DEVICE_ALL,0,,0
2026-07-13,2026-07-13,2026-07-19,овсянников косметика,Волгоградская область,10950,campaign,DEVICE_ALL,3,8.163122479244784e-06,0
2026-07-20,2026-07-20,2026-07-26,овсянников косметика,Волгоградская область,10950,campaign,DEVICE_ALL,7,1.7958704830522163e-05,0
2026-07-27,2026-07-27,2026-08-02,овсянников косметика,Волгоградская область,10950,campaign,DEVICE_ALL,15,3.969799039245116e-05,0
2026-08-03,2026-08-03,2026-08-09,овсянников косметика,Волгоградская область,10950,campaign,DEVICE_ALL,4,1.0978926965240964e-05,0
2026-08-10,2026-08-10,2026-08-16,овсянников косметика,Волгоградская область,10950,campaign,DEVICE_ALL,11,3.0121898943657866e-05,0
2026-08-17,2026-08-17,2026-08-23,овсянников косметика,Волгоградская область,10950,campaign,DEVICE_ALL,2,5.459648488721526e-06,0
2026-08-24,2026-08-24,2026-08-30,овсянников косметика,Волгоградская область,10950,campaign,DEVICE_ALL,11,3.031018367337548e-05,0
2026-08-31,2026-08-31,2026-09-06,овсянников косметика,Волгоградская область,10950,campaign,DEVICE_ALL,28,7.479618373842812e-05,0
2026-09-07,2026-09-07,2026-09-13,овсянников косметика,Волгоградская область,10950,campaign,DEVICE_ALL,10,2.4945555078762847e-05,0
2026-03-30,2026-03-30,2026-04-05,овсянников косметика,Воронежская область,10672,campaign,DEVICE_ALL,3,7.757786794452243e-06,0
2026-04-06,2026-04-06,2026-04-12,овсянников косметика,Воронежская область,10672,campaign,DEVICE_ALL,8,1.9318591734550188e-05,0
2026-04-13,2026-04-13,2026-04-19,овсянников косметика,Воронежская область,10672,campaign,DEVICE_ALL,1,2.3098636861663974e-06,0
2026-04-20,2026-04-20,2026-04-26,овсянников косметика,Воронежская область,10672,campaign,DEVICE_ALL,4,9.302317144410033e-06,0
2026-04-27,2026-04-27,2026-05-03,овсянников косметика,Воронежская область,10672,campaign,DEVICE_ALL,0,,0
2026-05-04,2026-05-04,2026-05-10,овсянников косметика,Воронежская область,10672,campaign,DEVICE_ALL,0,,0
2026-05-11,2026-05-11,2026-05-17,овсянников косметика,Воронежская область,10672,campaign,DEVICE_ALL,0,,0
2026-05-18,2026-05-18,2026-05-24,овсянников косметика,Воронежская область,10672,campaign,DEVICE_ALL,0,,0
2026-05-25,2026-05-25,2026-05-31,овсянников косметика,Воронежская область,10672,campaign,DEVICE_ALL,0,,0
2026-06-01,2026-06-01,2026-06-07,овсянников косметика,Воронежская область,10672,campaign,DEVICE_ALL,0,,0
2026-06-08,2026-06-08,2026-06-14,овсянников косметика,Воронежская область,10672,campaign,DEVICE_ALL,0,,0
2026-06-15,2026-06-15,2026-06-21,овсянников косметика,Воронежская область,10672,campaign,DEVICE_ALL,2,5.102492360867343e-06,0
2026-06-22,2026-06-22,2026-06-28,овсянников косметика,Воронежская область,10672,campaign,DEVICE_ALL,0,,0
2026-06-29,2026-06-29,2026-07-05,овсянников косметика,Воронежская область,10672,campaign,DEVICE_ALL,0,,0
2026-07-06,2026-07-06,2026-07-12,овсянников косметика,Воронежская область,10672,campaign,DEVICE_ALL,0,,0
2026-07-13,2026-07-13,2026-07-19,овсянников косметика,Воронежская область,10672,campaign,DEVICE_ALL,4,9.559964398692579e-06,0
2026-07-20,2026-07-20,2026-07-26,овсянников косметика,Воронежская область,10672,campaign,DEVICE_ALL,10,2.27012818233379e-05,0
2026-07-27,2026-07-27,2026-08-02,овсянников косметика,Воронежская область,10672,campaign,DEVICE_ALL,9,2.12433712125459e-05,0
2026-08-03,2026-08-03,2026-08-09,овсянников косметика,Воронежская область,10672,campaign,DEVICE_ALL,15,3.7036835849286746e-05,0
2026-08-10,2026-08-10,2026-08-16,овсянников косметика,Воронежская область,10672,campaign,DEVICE_ALL,6,1.4562659665910743e-05,0
2026-08-17,2026-08-17,2026-08-23,овсянников косметика,Воронежская область,10672,campaign,DEVICE_ALL,6,1.4749479355669977e-05,0
2026-08-24,2026-08-24,2026-08-30,овсянников косметика,Воронежская область,10672,campaign,DEVICE_ALL,3,7.507460351037334e-06,0
2026-08-31,2026-08-31,2026-09-06,овсянников косметика,Воронежская область,10672,campaign,DEVICE_ALL,52,0.00012309267602601828,0
2026-09-07,2026-09-07,2026-09-13,овсянников косметика,Воронежская область,10672,campaign,DEVICE_ALL,27,5.982145687979656e-05,0
2026-03-30,2026-03-30,2026-04-05,овсянников косметика,Республика Мордовия,11117,campaign,DEVICE_ALL,0,,0
2026-04-06,2026-04-06,2026-04-12,овсянников косметика,Республика Мордовия,11117,campaign,DEVICE_ALL,0,,0
2026-04-13,2026-04-13,2026-04-19,овсянников косметика,Республика Мордовия,11117,campaign,DEVICE_ALL,0,,0
2026-04-20,2026-04-20,2026-04-26,овсянников косметика,Республика Мордовия,11117,campaign,DEVICE_ALL,0,,0
2026-04-27,2026-04-27,2026-05-03,овсянников косметика,Республика Мордовия,11117,campaign,DEVICE_ALL,0,,0
2026-05-04,2026-05-04,2026-05-10,овсянников косметика,Республика Мордовия,11117,campaign,DEVICE_ALL,0,,0
2026-05-11,2026-05-11,2026-05-17,овсянников косметика,Республика Мордовия,11117,campaign,DEVICE_ALL,0,,0
2026-05-18,2026-05-18,2026-05-24,овсянников косметика,Республика Мордовия,11117,campaign,DEVICE_ALL,0,,0
2026-05-25,2026-05-25,2026-05-31,овсянников косметика,Республика Мордовия,11117,campaign,DEVICE_ALL,0,,0
2026-06-01,2026-06-01,2026-06-07,овсянников косметика,Республика Мордовия,11117,campaign,DEVICE_ALL,4,4.075579585625635e-05,0
2026-06-08,2026-06-08,2026-06-14,овсянников косметика,Республика Мордовия,11117,campaign,DEVICE_ALL,0,,0
2026-06-15,2026-06-15,2026-06-21,овсянников косметика,Республика Мордовия,11117,campaign,DEVICE_ALL,0,,0
2026-06-22,2026-06-22,2026-06-28,овсянников косметика,Республика Мордовия,11117,campaign,DEVICE_ALL,0,,0
2026-06-29,2026-06-29,2026-07-05,овсянников косметика,Республика Мордовия,11117,campaign,DEVICE_ALL,0,,0
2026-07-06,2026-07-06,2026-07-12,овсянников косметика,Республика Мордовия,11117,campaign,DEVICE_ALL,0,,0
2026-07-13,2026-07-13,2026-07-19,овсянников косметика,Республика Мордовия,11117,campaign,DEVICE_ALL,0,,0
2026-07-20,2026-07-20,2026-07-26,овсянников косметика,Республика Мордовия,11117,campaign,DEVICE_ALL,0,,0
2026-07-27,2026-07-27,2026-08-02,овсянников косметика,Республика Мордовия,11117,campaign,DEVICE_ALL,0,,0
2026-08-03,2026-08-03,2026-08-09,овсянников косметика,Республика Мордовия,11117,campaign,DEVICE_ALL,0,,0
2026-08-10,2026-08-10,2026-08-16,овсянников косметика,Республика Мордовия,11117,campaign,DEVICE_ALL,0,,0
2026-08-17,2026-08-17,2026-08-23,овсянников косметика,Республика Мордовия,11117,campaign,DEVICE_ALL,0,,0
2026-08-24,2026-08-24,2026-08-30,овсянников косметика,Республика Мордовия,11117,campaign,DEVICE_ALL,0,,0
2026-08-31,2026-08-31,2026-09-06,овсянников косметика,Республика Мордовия,11117,campaign,DEVICE_ALL,6,5.586663962721308e-05,0
2026-09-07,2026-09-07,2026-09-13,овсянников косметика,Республика Мордовия,11117,campaign,DEVICE_ALL,1,8.561902598597373e-06,0
2026-03-30,2026-03-30,2026-04-05,овсянников косметика,Орловская область,10772,campaign,DEVICE_ALL,0,,0
2026-04-06,2026-04-06,2026-04-12,овсянников косметика,Орловская область,10772,campaign,DEVICE_ALL,0,,0
2026-04-13,2026-04-13,2026-04-19,овсянников косметика,Орловская область,10772,campaign,DEVICE_ALL,0,,0
2026-04-20,2026-04-20,2026-04-26,овсянников косметика,Орловская область,10772,campaign,DEVICE_ALL,0,,0
2026-04-27,2026-04-27,2026-05-03,овсянников косметика,Орловская область,10772,campaign,DEVICE_ALL,0,,0
2026-05-04,2026-05-04,2026-05-10,овсянников косметика,Орловская область,10772,campaign,DEVICE_ALL,0,,0
2026-05-11,2026-05-11,2026-05-17,овсянников косметика,Орловская область,10772,campaign,DEVICE_ALL,0,,0
2026-05-18,2026-05-18,2026-05-24,овсянников косметика,Орловская область,10772,campaign,DEVICE_ALL,0,,0
2026-05-25,2026-05-25,2026-05-31,овсянников косметика,Орловская область,10772,campaign,DEVICE_ALL,0,,0
2026-06-01,2026-06-01,2026-06-07,овсянников косметика,Орловская область,10772,campaign,DEVICE_ALL,0,,0
2026-06-08,2026-06-08,2026-06-14,овсянников косметика,Орловская область,10772,campaign,DEVICE_ALL,0,,0
2026-06-15,2026-06-15,2026-06-21,овсянников косметика,Орловская область,10772,campaign,DEVICE_ALL,0,,0
2026-06-22,2026-06-22,2026-06-28,овсянников косметика,Орловская область,10772,campaign,DEVICE_ALL,0,,0
2026-06-29,2026-06-29,2026-07-05,овсянников косметика,Орловская область,10772,campaign,DEVICE_ALL,0,,0
2026-07-06,2026-07-06,2026-07-12,овсянников косметика,Орловская область,10772,campaign,DEVICE_ALL,2,1.6534133188560463e-05,0
2026-07-13,2026-07-13,2026-07-19,овсянников косметика,Орловская область,10772,campaign,DEVICE_ALL,0,,0
2026-07-20,2026-07-20,2026-07-26,овсянников косметика,Орловская область,10772,campaign,DEVICE_ALL,0,,0
2026-07-27,2026-07-27,2026-08-02,овсянников косметика,Орловская область,10772,campaign,DEVICE_ALL,3,2.3449154962802605e-05,0
2026-08-03,2026-08-03,2026-08-09,овсянников косметика,Орловская область,10772,campaign,DEVICE_ALL,0,,0
2026-08-10,2026-08-10,2026-08-16,овсянников косметика,Орловская область,10772,campaign,DEVICE_ALL,0,,0
2026-08-17,2026-08-17,2026-08-23,овсянников косметика,Орловская область,10772,campaign,DEVICE_ALL,1,8.065847644365163e-06,0
2026-08-24,2026-08-24,2026-08-30,овсянников косметика,Орловская область,10772,campaign,DEVICE_ALL,0,,0
2026-08-31,2026-08-31,2026-09-06,овсянников косметика,Орловская область,10772,campaign,DEVICE_ALL,0,,0
2026-09-07,2026-09-07,2026-09-13,овсянников косметика,Орловская область,10772,campaign,DEVICE_ALL,2,1.4778174793443603e-05,0
2026-03-30,2026-03-30,2026-04-05,овсянников косметика,Рязанская область,10776,campaign,DEVICE_ALL,0,,0
2026-04-06,2026-04-06,2026-04-12,овсянников косметика,Рязанская область,10776,campaign,DEVICE_ALL,0,,0
2026-04-13,2026-04-13,2026-04-19,овсянников косметика,Рязанская область,10776,campaign,DEVICE_ALL,0,,0
2026-04-20,2026-04-20,2026-04-26,овсянников косметика,Рязанская область,10776,campaign,DEVICE_ALL,0,,0
2026-04-27,2026-04-27,2026-05-03,овсянников косметика,Рязанская область,10776,campaign,DEVICE_ALL,0,,0
2026-05-04,2026-05-04,2026-05-10,овсянников косметика,Рязанская область,10776,campaign,DEVICE_ALL,0,,0
2026-05-11,2026-05-11,2026-05-17,овсянников косметика,Рязанская область,10776,campaign,DEVICE_ALL,2,1.055839552932193e-05,0
2026-05-18,2026-05-18,2026-05-24,овсянников косметика,Рязанская область,10776,campaign,DEVICE_ALL,3,1.576491609359883e-05,0
2026-05-25,2026-05-25,2026-05-31,овсянников косметика,Рязанская область,10776,campaign,DEVICE_ALL,0,,0
2026-06-01,2026-06-01,2026-06-07,овсянников косметика,Рязанская область,10776,campaign,DEVICE_ALL,0,,0
2026-06-08,2026-06-08,2026-06-14,овсянников косметика,Рязанская область,10776,campaign,DEVICE_ALL,3,1.5207145655257658e-05,0
2026-06-15,2026-06-15,2026-06-21,овсянников косметика,Рязанская область,10776,campaign,DEVICE_ALL,4,1.997268735004881e-05,0
2026-06-22,2026-06-22,2026-06-28,овсянников косметика,Рязанская область,10776,campaign,DEVICE_ALL,4,2.0286447684269032e-05,0
2026-06-29,2026-06-29,2026-07-05,овсянников косметика,Рязанская область,10776,campaign,DEVICE_ALL,0,,0
2026-07-06,2026-07-06,2026-07-12,овсянников косметика,Рязанская область,10776,campaign,DEVICE_ALL,0,,0
2026-07-13,2026-07-13,2026-07-19,овсянников косметика,Рязанская область,10776,campaign,DEVICE_ALL,5,2.2827113333011016e-05,0
2026-07-20,2026-07-20,2026-07-26,овсянников косметика,Рязанская область,10776,campaign,DEVICE_ALL,5,2.118485091648419e-05,0
2026-07-27,2026-07-27,2026-08-02,овсянников косметика,Рязанская область,10776,campaign,DEVICE_ALL,11,4.992862022893452e-05,0
2026-08-03,2026-08-03,2026-08-09,овсянников косметика,Рязанская область,10776,campaign,DEVICE_ALL,1,4.702717479403626e-06,0
2026-08-10,2026-08-10,2026-08-16,овсянников косметика,Рязанская область,10776,campaign,DEVICE_ALL,0,,0
2026-08-17,2026-08-17,2026-08-23,овсянников косметика,Рязанская область,10776,campaign,DEVICE_ALL,8,3.7872809282852794e-05,0
2026-08-24,2026-08-24,2026-08-30,овсянников косметика,Рязанская область,10776,campaign,DEVICE_ALL,2,9.683877564024472e-06,0
2026-08-31,2026-08-31,2026-09-06,овсянников косметика,Рязанская область,10776,campaign,DEVICE_ALL,4,1.808413917010981e-05,0
2026-09-07,2026-09-07,2026-09-13,овсянников косметика,Рязанская область,10776,campaign,DEVICE_ALL,6,2.634195465996422e-05,0
2026-03-30,2026-03-30,2026-04-05,овсянников косметика,Ярославская область,10841,campaign,DEVICE_ALL,0,,0
2026-04-06,2026-04-06,2026-04-12,овсянников косметика,Ярославская область,10841,campaign,DEVICE_ALL,0,,0
2026-04-13,2026-04-13,2026-04-19,овсянников косметика,Ярославская область,10841,campaign,DEVICE_ALL,0,,0
2026-04-20,2026-04-20,2026-04-26,овсянников косметика,Ярославская область,10841,campaign,DEVICE_ALL,1,4.2356579457152145e-06,0
2026-04-27,2026-04-27,2026-05-03,овсянников косметика,Ярославская область,10841,campaign,DEVICE_ALL,1,4.4709210401365315e-06,0
2026-05-04,2026-05-04,2026-05-10,овсянников косметика,Ярославская область,10841,campaign,DEVICE_ALL,1,4.816298198983818e-06,0
2026-05-11,2026-05-11,2026-05-17,овсянников косметика,Ярославская область,10841,campaign,DEVICE_ALL,0,,0
2026-05-18,2026-05-18,2026-05-24,овсянников косметика,Ярославская область,10841,campaign,DEVICE_ALL,0,,0
2026-05-25,2026-05-25,2026-05-31,овсянников косметика,Ярославская область,10841,campaign,DEVICE_ALL,0,,0
2026-06-01,2026-06-01,2026-06-07,овсянников косметика,Ярославская область,10841,campaign,DEVICE_ALL,2,9.262989756846982e-06,0
2026-06-08,2026-06-08,2026-06-14,овсянников косметика,Ярославская область,10841,campaign,DEVICE_ALL,3,1.3542817241848171e-05,0
2026-06-15,2026-06-15,2026-06-21,овсянников косметика,Ярославская область,10841,campaign,DEVICE_ALL,4,1.7508494793389474e-05,0
2026-06-22,2026-06-22,2026-06-28,овсянников косметика,Ярославская область,10841,campaign,DEVICE_ALL,6,2.719173298805875e-05,0
2026-06-29,2026-06-29,2026-07-05,овсянников косметика,Ярославская область,10841,campaign,DEVICE_ALL,7,3.2212543886714924e-05,0
2026-07-06,2026-07-06,2026-07-12,овсянников косметика,Ярославская область,10841,campaign,DEVICE_ALL,7,3.1258256924384895e-05,0
2026-07-13,2026-07-13,2026-07-19,овсянников косметика,Ярославская область,10841,campaign,DEVICE_ALL,13,5.4913246574627836e-05,0
2026-07-20,2026-07-20,2026-07-26,овсянников косметика,Ярославская область,10841,campaign,DEVICE_ALL,12,4.70039450411073e-05,0
2026-07-27,2026-07-27,2026-08-02,овсянников косметика,Ярославская область,10841,campaign,DEVICE_ALL,9,3.7902515236179416e-05,0
2026-08-03,2026-08-03,2026-08-09,овсянников косметика,Ярославская область,10841,campaign,DEVICE_ALL,4,1.7142668573502834e-05,0
2026-08-10,2026-08-10,2026-08-16,овсянников косметика,Ярославская область,10841,campaign,DEVICE_ALL,10,4.108868750775292e-05,0
2026-08-17,2026-08-17,2026-08-23,овсянников косметика,Ярославская область,10841,campaign,DEVICE_ALL,11,4.649696121223495e-05,0
2026-08-24,2026-08-24,2026-08-30,овсянников косметика,Ярославская область,10841,campaign,DEVICE_ALL,0,,0
2026-08-31,2026-08-31,2026-09-06,овсянников косметика,Ярославская область,10841,campaign,DEVICE_ALL,26,0.00010642411573737197,0
2026-09-07,2026-09-07,2026-09-13,овсянников косметика,Ярославская область,10841,campaign,DEVICE_ALL,42,0.00016367377478488588,0
2026-03-30,2026-03-30,2026-04-05,овсянников косметика,Костромская область,10699,campaign,DEVICE_ALL,0,,0
2026-04-06,2026-04-06,2026-04-12,овсянников косметика,Костромская область,10699,campaign,DEVICE_ALL,0,,0
2026-04-13,2026-04-13,2026-04-19,овсянников косметика,Костромская область,10699,campaign,DEVICE_ALL,0,,0
2026-04-20,2026-04-20,2026-04-26,овсянников косметика,Костромская область,10699,campaign,DEVICE_ALL,0,,0
2026-04-27,2026-04-27,2026-05-03,овсянников косметика,Костромская область,10699,campaign,DEVICE_ALL,0,,0
2026-05-04,2026-05-04,2026-05-10,овсянников косметика,Костромская область,10699,campaign,DEVICE_ALL,0,,0
2026-05-11,2026-05-11,2026-05-17,овсянников косметика,Костромская область,10699,campaign,DEVICE_ALL,0,,0
2026-05-18,2026-05-18,2026-05-24,овсянников косметика,Костромская область,10699,campaign,DEVICE_ALL,0,,0
2026-05-25,2026-05-25,2026-05-31,овсянников косметика,Костромская область,10699,campaign,DEVICE_ALL,2,2.166491866881207e-05,0
2026-06-01,2026-06-01,2026-06-07,овсянников косметика,Костромская область,10699,campaign,DEVICE_ALL,0,,0
2026-06-08,2026-06-08,2026-06-14,овсянников косметика,Костромская область,10699,campaign,DEVICE_ALL,0,,0
2026-06-15,2026-06-15,2026-06-21,овсянников косметика,Костромская область,10699,campaign,DEVICE_ALL,0,,0
2026-06-22,2026-06-22,2026-06-28,овсянников косметика,Костромская область,10699,campaign,DEVICE_ALL,4,4.32898512030412e-05,0
2026-06-29,2026-06-29,2026-07-05,овсянников косметика,Костромская область,10699,campaign,DEVICE_ALL,2,2.186424859738112e-05,0
2026-07-06,2026-07-06,2026-07-12,овсянников косметика,Костромская область,10699,campaign,DEVICE_ALL,0,,0
2026-07-13,2026-07-13,2026-07-19,овсянников косметика,Костромская область,10699,campaign,DEVICE_ALL,1,9.727518585883386e-06,0
2026-07-20,2026-07-20,2026-07-26,овсянников косметика,Костромская область,10699,campaign,DEVICE_ALL,7,6.44671874448863e-05,0
2026-07-27,2026-07-27,2026-08-02,овсянников косметика,Костромская область,10699,campaign,DEVICE_ALL,8,7.683148492787156e-05,0
2026-08-03,2026-08-03,2026-08-09,овсянников косметика,Костромская область,10699,campaign,DEVICE_ALL,2,1.9870719114369998e-05,0
2026-08-10,2026-08-10,2026-08-16,овсянников косметика,Костромская область,10699,campaign,DEVICE_ALL,3,2.8189432232886805e-05,0
2026-08-17,2026-08-17,2026-08-23,овсянников косметика,Костромская область,10699,campaign,DEVICE_ALL,0,,0
2026-08-24,2026-08-24,2026-08-30,овсянников косметика,Костромская область,10699,campaign,DEVICE_ALL,0,,0
2026-08-31,2026-08-31,2026-09-06,овсянников косметика,Костромская область,10699,campaign,DEVICE_ALL,13,0.00012422401794941502,0
2026-09-07,2026-09-07,2026-09-13,овсянников косметика,Костромская область,10699,campaign,DEVICE_ALL,18,0.0001619491916800942,0
2026-03-30,2026-03-30,2026-04-05,овсянников косметика,Липецкая область,10712,campaign,DEVICE_ALL,0,,0
2026-04-06,2026-04-06,2026-04-12,овсянников косметика,Липецкая область,10712,campaign,DEVICE_ALL,0,,0
2026-04-13,2026-04-13,2026-04-19,овсянников косметика,Липецкая область,10712,campaign,DEVICE_ALL,0,,0
2026-04-20,2026-04-20,2026-04-26,овсянников косметика,Липецкая область,10712,campaign,DEVICE_ALL,0,,0
2026-04-27,2026-04-27,2026-05-03,овсянников косметика,Липецкая область,10712,campaign,DEVICE_ALL,0,,0
2026-05-04,2026-05-04,2026-05-10,овсянников косметика,Липецкая область,10712,campaign,DEVICE_ALL,0,,0
2026-05-11,2026-05-11,2026-05-17,овсянников косметика,Липецкая область,10712,campaign,DEVICE_ALL,0,,0
2026-05-18,2026-05-18,2026-05-24,овсянников косметика,Липецкая область,10712,campaign,DEVICE_ALL,0,,0
2026-05-25,2026-05-25,2026-05-31,овсянников косметика,Липецкая область,10712,campaign,DEVICE_ALL,0,,0
2026-06-01,2026-06-01,2026-06-07,овсянников косметика,Липецкая область,10712,campaign,DEVICE_ALL,0,,0
2026-06-08,2026-06-08,2026-06-14,овсянников косметика,Липецкая область,10712,campaign,DEVICE_ALL,0,,0
2026-06-15,2026-06-15,2026-06-21,овсянников косметика,Липецкая область,10712,campaign,DEVICE_ALL,0,,0
2026-06-22,2026-06-22,2026-06-28,овсянников косметика,Липецкая область,10712,campaign,DEVICE_ALL,0,,0
2026-06-29,2026-06-29,2026-07-05,овсянников косметика,Липецкая область,10712,campaign,DEVICE_ALL,0,,0
2026-07-06,2026-07-06,2026-07-12,овсянников косметика,Липецкая область,10712,campaign,DEVICE_ALL,0,,0
2026-07-13,2026-07-13,2026-07-19,овсянников косметика,Липецкая область,10712,campaign,DEVICE_ALL,1,5.102468538561676e-06,0
2026-07-20,2026-07-20,2026-07-26,овсянников косметика,Липецкая область,10712,campaign,DEVICE_ALL,0,,0
2026-07-27,2026-07-27,2026-08-02,овсянников косметика,Липецкая область,10712,campaign,DEVICE_ALL,0,,0
2026-08-03,2026-08-03,2026-08-09,овсянников косметика,Липецкая область,10712,campaign,DEVICE_ALL,0,,0
2026-08-10,2026-08-10,2026-08-16,овсянников косметика,Липецкая область,10712,campaign,DEVICE_ALL,2,1.0344142910954566e-05,0
2026-08-17,2026-08-17,2026-08-23,овсянников косметика,Липецкая область,10712,campaign,DEVICE_ALL,0,,0
2026-08-24,2026-08-24,2026-08-30,овсянников косметика,Липецкая область,10712,campaign,DEVICE_ALL,2,1.0802603168101036e-05,0
2026-08-31,2026-08-31,2026-09-06,овсянников косметика,Липецкая область,10712,campaign,DEVICE_ALL,0,,0
2026-09-07,2026-09-07,2026-09-13,овсянников косметика,Липецкая область,10712,campaign,DEVICE_ALL,1,4.912213826702991e-06,0
2026-03-30,2026-03-30,2026-04-05,овсянников косметика,Республика Башкортостан,11111,campaign,DEVICE_ALL,1,1.8413435090394868e-06,0
2026-04-06,2026-04-06,2026-04-12,овсянников косметика,Республика Башкортостан,11111,campaign,DEVICE_ALL,0,,0
2026-04-13,2026-04-13,2026-04-19,овсянников косметика,Республика Башкортостан,11111,campaign,DEVICE_ALL,0,,0
2026-04-20,2026-04-20,2026-04-26,овсянников косметика,Республика Башкортостан,11111,campaign,DEVICE_ALL,3,5.108381638473905e-06,0
2026-04-27,2026-04-27,2026-05-03,овсянников косметика,Республика Башкортостан,11111,campaign,DEVICE_ALL,0,,0
2026-05-04,2026-05-04,2026-05-10,овсянников косметика,Республика Башкортостан,11111,campaign,DEVICE_ALL,0,,0
2026-05-11,2026-05-11,2026-05-17,овсянников косметика,Республика Башкортостан,11111,campaign,DEVICE_ALL,0,,0
2026-05-18,2026-05-18,2026-05-24,овсянников косметика,Республика Башкортостан,11111,campaign,DEVICE_ALL,1,1.9578299866644366e-06,0
2026-05-25,2026-05-25,2026-05-31,овсянников косметика,Республика Башкортостан,11111,campaign,DEVICE_ALL,2,3.926671375400091e-06,0
2026-06-01,2026-06-01,2026-06-07,овсянников косметика,Республика Башкортостан,11111,campaign,DEVICE_ALL,0,,0
2026-06-08,2026-06-08,2026-06-14,овсянников косметика,Республика Башкортостан,11111,campaign,DEVICE_ALL,3,5.801063323305035e-06,0
2026-06-15,2026-06-15,2026-06-21,овсянников косметика,Республика Башкортостан,11111,campaign,DEVICE_ALL,5,9.562722701467633e-06,0
2026-06-22,2026-06-22,2026-06-28,овсянников косметика,Республика Башкортостан,11111,campaign,DEVICE_ALL,0,,0
2026-06-29,2026-06-29,2026-07-05,овсянников косметика,Республика Башкортостан,11111,campaign,DEVICE_ALL,0,,0
2026-07-06,2026-07-06,2026-07-12,овсянников косметика,Республика Башкортостан,11111,campaign,DEVICE_ALL,0,,0
2026-07-13,2026-07-13,2026-07-19,овсянников косметика,Республика Башкортостан,11111,campaign,DEVICE_ALL,0,,0
2026-07-20,2026-07-20,2026-07-26,овсянников косметика,Республика Башкортостан,11111,campaign,DEVICE_ALL,0,,0
2026-07-27,2026-07-27,2026-08-02,овсянников косметика,Республика Башкортостан,11111,campaign,DEVICE_ALL,0,,0
2026-08-03,2026-08-03,2026-08-09,овсянников косметика,Республика Башкортостан,11111,campaign,DEVICE_ALL,1,1.824072178390173e-06,0
2026-08-10,2026-08-10,2026-08-16,овсянников косметика,Республика Башкортостан,11111,campaign,DEVICE_ALL,4,6.958658955080812e-06,0
2026-08-17,2026-08-17,2026-08-23,овсянников косметика,Республика Башкортостан,11111,campaign,DEVICE_ALL,0,,0
2026-08-24,2026-08-24,2026-08-30,овсянников косметика,Республика Башкортостан,11111,campaign,DEVICE_ALL,3,5.434114665434693e-06,0
2026-08-31,2026-08-31,2026-09-06,овсянников косметика,Республика Башкортостан,11111,campaign,DEVICE_ALL,2,3.507177702205892e-06,0
2026-09-07,2026-09-07,2026-09-13,овсянников косметика,Республика Башкортостан,11111,campaign,DEVICE_ALL,2,3.14022548137851e-06,0
2026-03-30,2026-03-30,2026-04-05,овсянников косметика,Новосибирская область,11316,campaign,DEVICE_ALL,3,5.601793798941238e-06,0
2026-04-06,2026-04-06,2026-04-12,овсянников косметика,Новосибирская область,11316,campaign,DEVICE_ALL,0,,0
2026-04-13,2026-04-13,2026-04-19,овсянников косметика,Новосибирская область,11316,campaign,DEVICE_ALL,2,3.5214869069972316e-06,0
2026-04-20,2026-04-20,2026-04-26,овсянников косметика,Новосибирская область,11316,campaign,DEVICE_ALL,0,,0
2026-04-27,2026-04-27,2026-05-03,овсянников косметика,Новосибирская область,11316,campaign,DEVICE_ALL,0,,0
2026-05-04,2026-05-04,2026-05-10,овсянников косметика,Новосибирская область,11316,campaign,DEVICE_ALL,1,2.0218204568440806e-06,0
2026-05-11,2026-05-11,2026-05-17,овсянников косметика,Новосибирская область,11316,campaign,DEVICE_ALL,1,1.9007882797090547e-06,0
2026-05-18,2026-05-18,2026-05-24,овсянников косметика,Новосибирская область,11316,campaign,DEVICE_ALL,7,1.287542225177193e-05,0
2026-05-25,2026-05-25,2026-05-31,овсянников косметика,Новосибирская область,11316,campaign,DEVICE_ALL,0,,0
2026-06-01,2026-06-01,2026-06-07,овсянников косметика,Новосибирская область,11316,campaign,DEVICE_ALL,1,2.0729192891254965e-06,0
2026-06-08,2026-06-08,2026-06-14,овсянников косметика,Новосибирская область,11316,campaign,DEVICE_ALL,0,,0
2026-06-15,2026-06-15,2026-06-21,овсянников косметика,Новосибирская область,11316,campaign,DEVICE_ALL,0,,0
2026-06-22,2026-06-22,2026-06-28,овсянников косметика,Новосибирская область,11316,campaign,DEVICE_ALL,0,,0
2026-06-29,2026-06-29,2026-07-05,овсянников косметика,Новосибирская область,11316,campaign,DEVICE_ALL,1,2.033822509001139e-06,0
2026-07-06,2026-07-06,2026-07-12,овсянников косметика,Новосибирская область,11316,campaign,DEVICE_ALL,1,2.0089111683387406e-06,0
2026-07-13,2026-07-13,2026-07-19,овсянников косметика,Новосибирская область,11316,campaign,DEVICE_ALL,3,5.657645783057686e-06,0
2026-07-20,2026-07-20,2026-07-26,овсянников косметика,Новосибирская область,11316,campaign,DEVICE_ALL,2,3.5517149677704065e-06,0
2026-07-27,2026-07-27,2026-08-02,овсянников косметика,Новосибирская область,11316,campaign,DEVICE_ALL,0,,0
2026-08-03,2026-08-03,2026-08-09,овсянников косметика,Новосибирская область,11316,campaign,DEVICE_ALL,0,,0
2026-08-10,2026-08-10,2026-08-16,овсянников косметика,Новосибирская область,11316,campaign,DEVICE_ALL,0,,0
2026-08-17,2026-08-17,2026-08-23,овсянников косметика,Новосибирская область,11316,campaign,DEVICE_ALL,7,1.3340754096035552e-05,0
2026-08-24,2026-08-24,2026-08-30,овсянников косметика,Новосибирская область,11316,campaign,DEVICE_ALL,14,2.7055688298063088e-05,0
2026-08-31,2026-08-31,2026-09-06,овсянников косметика,Новосибирская область,11316,campaign,DEVICE_ALL,12,2.2636710451346578e-05,0
2026-09-07,2026-09-07,2026-09-13,овсянников косметика,Новосибирская область,11316,campaign,DEVICE_ALL,18,3.148483753194137e-05,0
2026-03-30,2026-03-30,2026-04-05,овсянников косметика,Саратовская область,11146,campaign,DEVICE_ALL,0,,0
2026-04-06,2026-04-06,2026-04-12,овсянников косметика,Саратовская область,11146,campaign,DEVICE_ALL,1,2.725679592329916e-06,0
2026-04-13,2026-04-13,2026-04-19,овсянников косметика,Саратовская область,11146,campaign,DEVICE_ALL,0,,0
2026-04-20,2026-04-20,2026-04-26,овсянников косметика,Саратовская область,11146,campaign,DEVICE_ALL,0,,0
2026-04-27,2026-04-27,2026-05-03,овсянников косметика,Саратовская область,11146,campaign,DEVICE_ALL,0,,0
2026-05-04,2026-05-04,2026-05-10,овсянников косметика,Саратовская область,11146,campaign,DEVICE_ALL,1,3.200274455537307e-06,0
2026-05-11,2026-05-11,2026-05-17,овсянников косметика,Саратовская область,11146,campaign,DEVICE_ALL,1,2.9661748689410464e-06,0
2026-05-18,2026-05-18,2026-05-24,овсянников косметика,Саратовская область,11146,campaign,DEVICE_ALL,0,,0
2026-05-25,2026-05-25,2026-05-31,овсянников косметика,Саратовская область,11146,campaign,DEVICE_ALL,0,,0
2026-06-01,2026-06-01,2026-06-07,овсянников косметика,Саратовская область,11146,campaign,DEVICE_ALL,0,,0
2026-06-08,2026-06-08,2026-06-14,овсянников косметика,Саратовская область,11146,campaign,DEVICE_ALL,0,,0
2026-06-15,2026-06-15,2026-06-21,овсянников косметика,Саратовская область,11146,campaign,DEVICE_ALL,0,,0
2026-06-22,2026-06-22,2026-06-28,овсянников косметика,Саратовская область,11146,campaign,DEVICE_ALL,1,2.932923224634115e-06,0
2026-06-29,2026-06-29,2026-07-05,овсянников косметика,Саратовская область,11146,campaign,DEVICE_ALL,0,,0
2026-07-06,2026-07-06,2026-07-12,овсянников косметика,Саратовская область,11146,campaign,DEVICE_ALL,0,,0
2026-07-13,2026-07-13,2026-07-19,овсянников косметика,Саратовская область,11146,campaign,DEVICE_ALL,3,8.293224993590719e-06,0
2026-07-20,2026-07-20,2026-07-26,овсянников косметика,Саратовская область,11146,campaign,DEVICE_ALL,5,1.3695591591761368e-05,0
2026-07-27,2026-07-27,2026-08-02,овсянников косметика,Саратовская область,11146,campaign,DEVICE_ALL,3,8.280473778899924e-06,0
2026-08-03,2026-08-03,2026-08-09,овсянников косметика,Саратовская область,11146,campaign,DEVICE_ALL,9,2.596335589645121e-05,0
2026-08-10,2026-08-10,2026-08-16,овсянников косметика,Саратовская область,11146,campaign,DEVICE_ALL,6,1.7047031395858662e-05,0
2026-08-17,2026-08-17,2026-08-23,овсянников косметика,Саратовская область,11146,campaign,DEVICE_ALL,1,2.87143217015349e-06,0
2026-08-24,2026-08-24,2026-08-30,овсянников косметика,Саратовская область,11146,campaign,DEVICE_ALL,4,1.1623986584524602e-05,0
2026-08-31,2026-08-31,2026-09-06,овсянников косметика,Саратовская область,11146,campaign,DEVICE_ALL,7,1.9143131553787825e-05,0
2026-09-07,2026-09-07,2026-09-13,овсянников косметика,Саратовская область,11146,campaign,DEVICE_ALL,25,6.194631454861728e-05,0
2026-03-30,2026-03-30,2026-04-05,овсянников косметика,Томская область,11353,campaign,DEVICE_ALL,0,,0
2026-04-06,2026-04-06,2026-04-12,овсянников косметика,Томская область,11353,campaign,DEVICE_ALL,0,,0
2026-04-13,2026-04-13,2026-04-19,овсянников косметика,Томская область,11353,campaign,DEVICE_ALL,2,1.292776270005632e-05,0
2026-04-20,2026-04-20,2026-04-26,овсянников косметика,Томская область,11353,campaign,DEVICE_ALL,0,,0
2026-04-27,2026-04-27,2026-05-03,овсянников косметика,Томская область,11353,campaign,DEVICE_ALL,0,,0
2026-05-04,2026-05-04,2026-05-10,овсянников косметика,Томская область,11353,campaign,DEVICE_ALL,0,,0
2026-05-11,2026-05-11,2026-05-17,овсянников косметика,Томская область,11353,campaign,DEVICE_ALL,0,,0
2026-05-18,2026-05-18,2026-05-24,овсянников косметика,Томская область,11353,campaign,DEVICE_ALL,0,,0
2026-05-25,2026-05-25,2026-05-31,овсянников косметика,Томская область,11353,campaign,DEVICE_ALL,0,,0
2026-06-01,2026-06-01,2026-06-07,овсянников косметика,Томская область,11353,campaign,DEVICE_ALL,0,,0
2026-06-08,2026-06-08,2026-06-14,овсянников косметика,Томская область,11353,campaign,DEVICE_ALL,0,,0
2026-06-15,2026-06-15,2026-06-21,овсянников косметика,Томская область,11353,campaign,DEVICE_ALL,0,,0
2026-06-22,2026-06-22,2026-06-28,овсянников косметика,Томская область,11353,campaign,DEVICE_ALL,0,,0
2026-06-29,2026-06-29,2026-07-05,овсянников косметика,Томская область,11353,campaign,DEVICE_ALL,4,3.149770236072917e-05,0
2026-07-06,2026-07-06,2026-07-12,овсянников косметика,Томская область,11353,campaign,DEVICE_ALL,0,,0
2026-07-13,2026-07-13,2026-07-19,овсянников косметика,Томская область,11353,campaign,DEVICE_ALL,0,,0
2026-07-20,2026-07-20,2026-07-26,овсянников косметика,Томская область,11353,campaign,DEVICE_ALL,0,,0
2026-07-27,2026-07-27,2026-08-02,овсянников косметика,Томская область,11353,campaign,DEVICE_ALL,0,,0
2026-08-03,2026-08-03,2026-08-09,овсянников косметика,Томская область,11353,campaign,DEVICE_ALL,0,,0
2026-08-10,2026-08-10,2026-08-16,овсянников косметика,Томская область,11353,campaign,DEVICE_ALL,0,,0
2026-08-17,2026-08-17,2026-08-23,овсянников косметика,Томская область,11353,campaign,DEVICE_ALL,1,7.596676636291862e-06,0
2026-08-24,2026-08-24,2026-08-30,овсянников косметика,Томская область,11353,campaign,DEVICE_ALL,2,1.5480930589699606e-05,0
2026-08-31,2026-08-31,2026-09-06,овсянников косметика,Томская область,11353,campaign,DEVICE_ALL,2,1.4683690545920526e-05,0
2026-09-07,2026-09-07,2026-09-13,овсянников косметика,Томская область,11353,campaign,DEVICE_ALL,6,4.105210524774535e-05,0
2026-03-30,2026-03-30,2026-04-05,овсянников косметика,Вологодская область,10853,campaign,DEVICE_ALL,1,5.237462353120606e-06,0
2026-04-06,2026-04-06,2026-04-12,овсянников косметика,Вологодская область,10853,campaign,DEVICE_ALL,0,,0
2026-04-13,2026-04-13,2026-04-19,овсянников косметика,Вологодская область,10853,campaign,DEVICE_ALL,0,,0
2026-04-20,2026-04-20,2026-04-26,овсянников косметика,Вологодская область,10853,campaign,DEVICE_ALL,0,,0
2026-04-27,2026-04-27,2026-05-03,овсянников косметика,Вологодская область,10853,campaign,DEVICE_ALL,0,,0
2026-05-04,2026-05-04,2026-05-10,овсянников косметика,Вологодская область,10853,campaign,DEVICE_ALL,1,5.660863658721474e-06,0
2026-05-11,2026-05-11,2026-05-17,овсянников косметика,Вологодская область,10853,campaign,DEVICE_ALL,0,,0
2026-05-18,2026-05-18,2026-05-24,овсянников косметика,Вологодская область,10853,campaign,DEVICE_ALL,0,,0
2026-05-25,2026-05-25,2026-05-31,овсянников косметика,Вологодская область,10853,campaign,DEVICE_ALL,0,,0
2026-06-01,2026-06-01,2026-06-07,овсянников косметика,Вологодская область,10853,campaign,DEVICE_ALL,0,,0
2026-06-08,2026-06-08,2026-06-14,овсянников косметика,Вологодская область,10853,campaign,DEVICE_ALL,0,,0
2026-06-15,2026-06-15,2026-06-21,овсянников косметика,Вологодская область,10853,campaign,DEVICE_ALL,0,,0
2026-06-22,2026-06-22,2026-06-28,овсянников косметика,Вологодская область,10853,campaign,DEVICE_ALL,0,,0
2026-06-29,2026-06-29,2026-07-05,овсянников косметика,Вологодская область,10853,campaign,DEVICE_ALL,1,5.486826650460775e-06,0
2026-07-06,2026-07-06,2026-07-12,овсянников косметика,Вологодская область,10853,campaign,DEVICE_ALL,0,,0
2026-07-13,2026-07-13,2026-07-19,овсянников косметика,Вологодская область,10853,campaign,DEVICE_ALL,0,,0
2026-07-20,2026-07-20,2026-07-26,овсянников косметика,Вологодская область,10853,campaign,DEVICE_ALL,0,,0
2026-07-27,2026-07-27,2026-08-02,овсянников косметика,Вологодская область,10853,campaign,DEVICE_ALL,3,1.5031014996343455e-05,0
2026-08-03,2026-08-03,2026-08-09,овсянников косметика,Вологодская область,10853,campaign,DEVICE_ALL,0,,0
2026-08-10,2026-08-10,2026-08-16,овсянников косметика,Вологодская область,10853,campaign,DEVICE_ALL,0,,0
2026-08-17,2026-08-17,2026-08-23,овсянников косметика,Вологодская область,10853,campaign,DEVICE_ALL,2,1.0077343612223817e-05,0
2026-08-24,2026-08-24,2026-08-30,овсянников косметика,Вологодская область,10853,campaign,DEVICE_ALL,0,,0
2026-08-31,2026-08-31,2026-09-06,овсянников косметика,Вологодская область,10853,campaign,DEVICE_ALL,0,,0
2026-09-07,2026-09-07,2026-09-13,овсянников косметика,Вологодская область,10853,campaign,DEVICE_ALL,7,3.205908691232202e-05,0
2026-03-30,2026-03-30,2026-04-05,овсянников косметика,Алтайский край,11235,campaign,DEVICE_ALL,0,,0
2026-04-06,2026-04-06,2026-04-12,овсянников косметика,Алтайский край,11235,campaign,DEVICE_ALL,0,,0
2026-04-13,2026-04-13,2026-04-19,овсянников косметика,Алтайский край,11235,campaign,DEVICE_ALL,0,,0
2026-04-20,2026-04-20,2026-04-26,овсянников косметика,Алтайский край,11235,campaign,DEVICE_ALL,0,,0
2026-04-27,2026-04-27,2026-05-03,овсянников косметика,Алтайский край,11235,campaign,DEVICE_ALL,0,,0
2026-05-04,2026-05-04,2026-05-10,овсянников косметика,Алтайский край,11235,campaign,DEVICE_ALL,0,,0
2026-05-11,2026-05-11,2026-05-17,овсянников косметика,Алтайский край,11235,campaign,DEVICE_ALL,0,,0
2026-05-18,2026-05-18,2026-05-24,овсянников косметика,Алтайский край,11235,campaign,DEVICE_ALL,0,,0
2026-05-25,2026-05-25,2026-05-31,овсянников косметика,Алтайский край,11235,campaign,DEVICE_ALL,0,,0
2026-06-01,2026-06-01,2026-06-07,овсянников косметика,Алтайский край,11235,campaign,DEVICE_ALL,0,,0
2026-06-08,2026-06-08,2026-06-14,овсянников косметика,Алтайский край,11235,campaign,DEVICE_ALL,0,,0
2026-06-15,2026-06-15,2026-06-21,овсянников косметика,Алтайский край,11235,campaign,DEVICE_ALL,0,,0
2026-06-22,2026-06-22,2026-06-28,овсянников косметика,Алтайский край,11235,campaign,DEVICE_ALL,0,,0
2026-06-29,2026-06-29,2026-07-05,овсянников косметика,Алтайский край,11235,campaign,DEVICE_ALL,0,,0
2026-07-06,2026-07-06,2026-07-12,овсянников косметика,Алтайский край,11235,campaign,DEVICE_ALL,0,,0
2026-07-13,2026-07-13,2026-07-19,овсянников косметика,Алтайский край,11235,campaign,DEVICE_ALL,0,,0
2026-07-20,2026-07-20,2026-07-26,овсянников косметика,Алтайский край,11235,campaign,DEVICE_ALL,1,3.0852236575813923e-06,0
2026-07-27,2026-07-27,2026-08-02,овсянников косметика,Алтайский край,11235,campaign,DEVICE_ALL,0,,0
2026-08-03,2026-08-03,2026-08-09,овсянников косметика,Алтайский край,11235,campaign,DEVICE_ALL,6,2.0031218654272685e-05,0
2026-08-10,2026-08-10,2026-08-16,овсянников косметика,Алтайский край,11235,campaign,DEVICE_ALL,1,3.380852225620091e-06,0
2026-08-17,2026-08-17,2026-08-23,овсянников косметика,Алтайский край,11235,campaign,DEVICE_ALL,2,6.663366523339874e-06,0
2026-08-24,2026-08-24,2026-08-30,овсянников косметика,Алтайский край,11235,campaign,DEVICE_ALL,0,,0
2026-08-31,2026-08-31,2026-09-06,овсянников косметика,Алтайский край,11235,campaign,DEVICE_ALL,0,,0
2026-09-07,2026-09-07,2026-09-13,овсянников косметика,Алтайский край,11235,campaign,DEVICE_ALL,4,1.2432963017529857e-05,0
2026-03-30,2026-03-30,2026-04-05,овсянников косметика,Ивановская область,10687,campaign,DEVICE_ALL,0,,0
2026-04-06,2026-04-06,2026-04-12,овсянников косметика,Ивановская область,10687,campaign,DEVICE_ALL,0,,0
2026-04-13,2026-04-13,2026-04-19,овсянников косметика,Ивановская область,10687,campaign,DEVICE_ALL,0,,0
2026-04-20,2026-04-20,2026-04-26,овсянников косметика,Ивановская область,10687,campaign,DEVICE_ALL,2,1.2154087085249374e-05,0
2026-04-27,2026-04-27,2026-05-03,овсянников косметика,Ивановская область,10687,campaign,DEVICE_ALL,4,2.592526627192856e-05,0
2026-05-04,2026-05-04,2026-05-10,овсянников косметика,Ивановская область,10687,campaign,DEVICE_ALL,0,,0
2026-05-11,2026-05-11,2026-05-17,овсянников косметика,Ивановская область,10687,campaign,DEVICE_ALL,0,,0
2026-05-18,2026-05-18,2026-05-24,овсянников косметика,Ивановская область,10687,campaign,DEVICE_ALL,0,,0
2026-05-25,2026-05-25,2026-05-31,овсянников косметика,Ивановская область,10687,campaign,DEVICE_ALL,7,4.6752619799747843e-05,0
2026-06-01,2026-06-01,2026-06-07,овсянников косметика,Ивановская область,10687,campaign,DEVICE_ALL,2,1.3844864143809372e-05,0
2026-06-08,2026-06-08,2026-06-14,овсянников косметика,Ивановская область,10687,campaign,DEVICE_ALL,0,,0
2026-06-15,2026-06-15,2026-06-21,овсянников косметика,Ивановская область,10687,campaign,DEVICE_ALL,0,,0
2026-06-22,2026-06-22,2026-06-28,овсянников косметика,Ивановская область,10687,campaign,DEVICE_ALL,1,6.809824151953871e-06,0
2026-06-29,2026-06-29,2026-07-05,овсянников косметика,Ивановская область,10687,campaign,DEVICE_ALL,2,1.3856257402705517e-05,0
2026-07-06,2026-07-06,2026-07-12,овсянников косметика,Ивановская область,10687,campaign,DEVICE_ALL,1,6.675469831248796e-06,0
2026-07-13,2026-07-13,2026-07-19,овсянников косметика,Ивановская область,10687,campaign,DEVICE_ALL,2,1.2467623918363493e-05,0
2026-07-20,2026-07-20,2026-07-26,овсянников косметика,Ивановская область,10687,campaign,DEVICE_ALL,2,1.174745164000005e-05,0
2026-07-27,2026-07-27,2026-08-02,овсянников косметика,Ивановская область,10687,campaign,DEVICE_ALL,1,6.1578523578539835e-06,0
2026-08-03,2026-08-03,2026-08-09,овсянников косметика,Ивановская область,10687,campaign,DEVICE_ALL,1,6.2989828591448536e-06,0
2026-08-10,2026-08-10,2026-08-16,овсянников косметика,Ивановская область,10687,campaign,DEVICE_ALL,0,,0
2026-08-17,2026-08-17,2026-08-23,овсянников косметика,Ивановская область,10687,campaign,DEVICE_ALL,0,,0
2026-08-24,2026-08-24,2026-08-30,овсянников косметика,Ивановская область,10687,campaign,DEVICE_ALL,4,2.565809320725716e-05,0
2026-08-31,2026-08-31,2026-09-06,овсянников косметика,Ивановская область,10687,campaign,DEVICE_ALL,5,3.0321059388706822e-05,0
2026-09-07,2026-09-07,2026-09-13,овсянников косметика,Ивановская область,10687,campaign,DEVICE_ALL,3,1.696982888869003e-05,0
2026-03-30,2026-03-30,2026-04-05,овсянников косметика,Омская область,11318,campaign,DEVICE_ALL,0,,0
2026-04-06,2026-04-06,2026-04-12,овсянников косметика,Омская область,11318,campaign,DEVICE_ALL,0,,0
2026-04-13,2026-04-13,2026-04-19,овсянников косметика,Омская область,11318,campaign,DEVICE_ALL,0,,0
2026-04-20,2026-04-20,2026-04-26,овсянников косметика,Омская область,11318,campaign,DEVICE_ALL,2,7.394365936818102e-06,0
2026-04-27,2026-04-27,2026-05-03,овсянников косметика,Омская область,11318,campaign,DEVICE_ALL,1,3.9094132650927005e-06,0
2026-05-04,2026-05-04,2026-05-10,овсянников косметика,Омская область,11318,campaign,DEVICE_ALL,0,,0
2026-05-11,2026-05-11,2026-05-17,овсянников косметика,Омская область,11318,campaign,DEVICE_ALL,0,,0
2026-05-18,2026-05-18,2026-05-24,овсянников косметика,Омская область,11318,campaign,DEVICE_ALL,0,,0
2026-05-25,2026-05-25,2026-05-31,овсянников косметика,Омская область,11318,campaign,DEVICE_ALL,0,,0
2026-06-01,2026-06-01,2026-06-07,овсянников косметика,Омская область,11318,campaign,DEVICE_ALL,0,,0
2026-06-08,2026-06-08,2026-06-14,овсянников косметика,Омская область,11318,campaign,DEVICE_ALL,0,,0
2026-06-15,2026-06-15,2026-06-21,овсянников косметика,Омская область,11318,campaign,DEVICE_ALL,2,8.23138285503374e-06,0
2026-06-22,2026-06-22,2026-06-28,овсянников косметика,Омская область,11318,campaign,DEVICE_ALL,3,1.2213824494100336e-05,0
2026-06-29,2026-06-29,2026-07-05,овсянников косметика,Омская область,11318,campaign,DEVICE_ALL,0,,0
2026-07-06,2026-07-06,2026-07-12,овсянников косметика,Омская область,11318,campaign,DEVICE_ALL,0,,0
2026-07-13,2026-07-13,2026-07-19,овсянников косметика,Омская область,11318,campaign,DEVICE_ALL,0,,0
2026-07-20,2026-07-20,2026-07-26,овсянников косметика,Омская область,11318,campaign,DEVICE_ALL,0,,0
2026-07-27,2026-07-27,2026-08-02,овсянников косметика,Омская область,11318,campaign,DEVICE_ALL,0,,0
2026-08-03,2026-08-03,2026-08-09,овсянников косметика,Омская область,11318,campaign,DEVICE_ALL,0,,0
2026-08-10,2026-08-10,2026-08-16,овсянников косметика,Омская область,11318,campaign,DEVICE_ALL,0,,0
2026-08-17,2026-08-17,2026-08-23,овсянников косметика,Омская область,11318,campaign,DEVICE_ALL,0,,0
2026-08-24,2026-08-24,2026-08-30,овсянников косметика,Омская область,11318,campaign,DEVICE_ALL,0,,0
2026-08-31,2026-08-31,2026-09-06,овсянников косметика,Омская область,11318,campaign,DEVICE_ALL,0,,0
2026-09-07,2026-09-07,2026-09-13,овсянников косметика,Омская область,11318,campaign,DEVICE_ALL,0,,0
2026-03-30,2026-03-30,2026-04-05,овсянников косметика,Астраханская область,10946,control,DEVICE_ALL,0,,0
2026-04-06,2026-04-06,2026-04-12,овсянников косметика,Астраханская область,10946,control,DEVICE_ALL,2,1.734823095318207e-05,0
2026-04-13,2026-04-13,2026-04-19,овсянников косметика,Астраханская область,10946,control,DEVICE_ALL,2,1.6904681768520473e-05,0
2026-04-20,2026-04-20,2026-04-26,овсянников косметика,Астраханская область,10946,control,DEVICE_ALL,0,,0
2026-04-27,2026-04-27,2026-05-03,овсянников косметика,Астраханская область,10946,control,DEVICE_ALL,0,,0
2026-05-04,2026-05-04,2026-05-10,овсянников косметика,Астраханская область,10946,control,DEVICE_ALL,0,,0
2026-05-11,2026-05-11,2026-05-17,овсянников косметика,Астраханская область,10946,control,DEVICE_ALL,0,,0
2026-05-18,2026-05-18,2026-05-24,овсянников косметика,Астраханская область,10946,control,DEVICE_ALL,0,,0
2026-05-25,2026-05-25,2026-05-31,овсянников косметика,Астраханская область,10946,control,DEVICE_ALL,0,,0
2026-06-01,2026-06-01,2026-06-07,овсянников косметика,Астраханская область,10946,control,DEVICE_ALL,3,2.718839135441781e-05,0
2026-06-08,2026-06-08,2026-06-14,овсянников косметика,Астраханская область,10946,control,DEVICE_ALL,0,,0
2026-06-15,2026-06-15,2026-06-21,овсянников косметика,Астраханская область,10946,control,DEVICE_ALL,0,,0
2026-06-22,2026-06-22,2026-06-28,овсянников косметика,Астраханская область,10946,control,DEVICE_ALL,0,,0
2026-06-29,2026-06-29,2026-07-05,овсянников косметика,Астраханская область,10946,control,DEVICE_ALL,0,,0
2026-07-06,2026-07-06,2026-07-12,овсянников косметика,Астраханская область,10946,control,DEVICE_ALL,0,,0
2026-07-13,2026-07-13,2026-07-19,овсянников косметика,Астраханская область,10946,control,DEVICE_ALL,0,,0
2026-07-20,2026-07-20,2026-07-26,овсянников косметика,Астраханская область,10946,control,DEVICE_ALL,2,1.660523008289829e-05,0
2026-07-27,2026-07-27,2026-08-02,овсянников косметика,Астраханская область,10946,control,DEVICE_ALL,0,,0
2026-08-03,2026-08-03,2026-08-09,овсянников косметика,Астраханская область,10946,control,DEVICE_ALL,0,,0
2026-08-10,2026-08-10,2026-08-16,овсянников косметика,Астраханская область,10946,control,DEVICE_ALL,0,,0
2026-08-17,2026-08-17,2026-08-23,овсянников косметика,Астраханская область,10946,control,DEVICE_ALL,0,,0
2026-08-24,2026-08-24,2026-08-30,овсянников косметика,Астраханская область,10946,control,DEVICE_ALL,0,,0
2026-08-31,2026-08-31,2026-09-06,овсянников косметика,Астраханская область,10946,control,DEVICE_ALL,0,,0
2026-09-07,2026-09-07,2026-09-13,овсянников косметика,Астраханская область,10946,control,DEVICE_ALL,2,1.5554029878047075e-05,0
2026-03-30,2026-03-30,2026-04-05,овсянников косметика,Кемеровская область,11282,control,DEVICE_ALL,0,,0
2026-04-06,2026-04-06,2026-04-12,овсянников косметика,Кемеровская область,11282,control,DEVICE_ALL,0,,0
2026-04-13,2026-04-13,2026-04-19,овсянников косметика,Кемеровская область,11282,control,DEVICE_ALL,0,,0
2026-04-20,2026-04-20,2026-04-26,овсянников косметика,Кемеровская область,11282,control,DEVICE_ALL,0,,0
2026-04-27,2026-04-27,2026-05-03,овсянников косметика,Кемеровская область,11282,control,DEVICE_ALL,0,,0
2026-05-04,2026-05-04,2026-05-10,овсянников косметика,Кемеровская область,11282,control,DEVICE_ALL,0,,0
2026-05-11,2026-05-11,2026-05-17,овсянников косметика,Кемеровская область,11282,control,DEVICE_ALL,1,3.0023544764039406e-06,0
2026-05-18,2026-05-18,2026-05-24,овсянников косметика,Кемеровская область,11282,control,DEVICE_ALL,0,,0
2026-05-25,2026-05-25,2026-05-31,овсянников косметика,Кемеровская область,11282,control,DEVICE_ALL,0,,0
2026-06-01,2026-06-01,2026-06-07,овсянников косметика,Кемеровская область,11282,control,DEVICE_ALL,1,3.2703049637866054e-06,0
2026-06-08,2026-06-08,2026-06-14,овсянников косметика,Кемеровская область,11282,control,DEVICE_ALL,0,,0
2026-06-15,2026-06-15,2026-06-21,овсянников косметика,Кемеровская область,11282,control,DEVICE_ALL,0,,0
2026-06-22,2026-06-22,2026-06-28,овсянников косметика,Кемеровская область,11282,control,DEVICE_ALL,0,,0
2026-06-29,2026-06-29,2026-07-05,овсянников косметика,Кемеровская область,11282,control,DEVICE_ALL,1,3.256262272648989e-06,0
2026-07-06,2026-07-06,2026-07-12,овсянников косметика,Кемеровская область,11282,control,DEVICE_ALL,0,,0
2026-07-13,2026-07-13,2026-07-19,овсянников косметика,Кемеровская область,11282,control,DEVICE_ALL,0,,0
2026-07-20,2026-07-20,2026-07-26,овсянников косметика,Кемеровская область,11282,control,DEVICE_ALL,0,,0
2026-07-27,2026-07-27,2026-08-02,овсянников косметика,Кемеровская область,11282,control,DEVICE_ALL,0,,0
2026-08-03,2026-08-03,2026-08-09,овсянников косметика,Кемеровская область,11282,control,DEVICE_ALL,0,,0
2026-08-10,2026-08-10,2026-08-16,овсянников косметика,Кемеровская область,11282,control,DEVICE_ALL,1,3.0369105193448015e-06,0
2026-08-17,2026-08-17,2026-08-23,овсянников косметика,Кемеровская область,11282,control,DEVICE_ALL,0,,0
2026-08-24,2026-08-24,2026-08-30,овсянников косметика,Кемеровская область,11282,control,DEVICE_ALL,0,,0
2026-08-31,2026-08-31,2026-09-06,овсянников косметика,Кемеровская область,11282,control,DEVICE_ALL,0,,0
2026-09-07,2026-09-07,2026-09-13,овсянников косметика,Кемеровская область,11282,control,DEVICE_ALL,0,,0
2026-03-30,2026-03-30,2026-04-05,овсянников косметика,Кировская область,11070,control,DEVICE_ALL,0,,0
2026-04-06,2026-04-06,2026-04-12,овсянников косметика,Кировская область,11070,control,DEVICE_ALL,0,,0
2026-04-13,2026-04-13,2026-04-19,овсянников косметика,Кировская область,11070,control,DEVICE_ALL,0,,0
2026-04-20,2026-04-20,2026-04-26,овсянников косметика,Кировская область,11070,control,DEVICE_ALL,0,,0
2026-04-27,2026-04-27,2026-05-03,овсянников косметика,Кировская область,11070,control,DEVICE_ALL,0,,0
2026-05-04,2026-05-04,2026-05-10,овсянников косметика,Кировская область,11070,control,DEVICE_ALL,0,,0
2026-05-11,2026-05-11,2026-05-17,овсянников косметика,Кировская область,11070,control,DEVICE_ALL,0,,0
2026-05-18,2026-05-18,2026-05-24,овсянников косметика,Кировская область,11070,control,DEVICE_ALL,0,,0
2026-05-25,2026-05-25,2026-05-31,овсянников косметика,Кировская область,11070,control,DEVICE_ALL,0,,0
2026-06-01,2026-06-01,2026-06-07,овсянников косметика,Кировская область,11070,control,DEVICE_ALL,0,,0
2026-06-08,2026-06-08,2026-06-14,овсянников косметика,Кировская область,11070,control,DEVICE_ALL,0,,0
2026-06-15,2026-06-15,2026-06-21,овсянников косметика,Кировская область,11070,control,DEVICE_ALL,0,,0
2026-06-22,2026-06-22,2026-06-28,овсянников косметика,Кировская область,11070,control,DEVICE_ALL,0,,0
2026-06-29,2026-06-29,2026-07-05,овсянников косметика,Кировская область,11070,control,DEVICE_ALL,0,,0
2026-07-06,2026-07-06,2026-07-12,овсянников косметика,Кировская область,11070,control,DEVICE_ALL,0,,0
2026-07-13,2026-07-13,2026-07-19,овсянников косметика,Кировская область,11070,control,DEVICE_ALL,5,2.63581775850585e-05,0
2026-07-20,2026-07-20,2026-07-26,овсянников косметика,Кировская область,11070,control,DEVICE_ALL,0,,0
2026-07-27,2026-07-27,2026-08-02,овсянников косметика,Кировская область,11070,control,DEVICE_ALL,0,,0
2026-08-03,2026-08-03,2026-08-09,овсянников косметика,Кировская область,11070,control,DEVICE_ALL,0,,0
2026-08-10,2026-08-10,2026-08-16,овсянников косметика,Кировская область,11070,control,DEVICE_ALL,0,,0
2026-08-17,2026-08-17,2026-08-23,овсянников косметика,Кировская область,11070,control,DEVICE_ALL,2,1.0824889017825344e-05,0
2026-08-24,2026-08-24,2026-08-30,овсянников косметика,Кировская область,11070,control,DEVICE_ALL,0,,0
2026-08-31,2026-08-31,2026-09-06,овсянников косметика,Кировская область,11070,control,DEVICE_ALL,0,,0
2026-09-07,2026-09-07,2026-09-13,овсянников косметика,Кировская область,11070,control,DEVICE_ALL,0,,0
2026-03-30,2026-03-30,2026-04-05,овсянников косметика,Курганская область,11158,control,DEVICE_ALL,0,,0
2026-04-06,2026-04-06,2026-04-12,овсянников косметика,Курганская область,11158,control,DEVICE_ALL,0,,0
2026-04-13,2026-04-13,2026-04-19,овсянников косметика,Курганская область,11158,control,DEVICE_ALL,0,,0
2026-04-20,2026-04-20,2026-04-26,овсянников косметика,Курганская область,11158,control,DEVICE_ALL,0,,0
2026-04-27,2026-04-27,2026-05-03,овсянников косметика,Курганская область,11158,control,DEVICE_ALL,0,,0
2026-05-04,2026-05-04,2026-05-10,овсянников косметика,Курганская область,11158,control,DEVICE_ALL,0,,0
2026-05-11,2026-05-11,2026-05-17,овсянников косметика,Курганская область,11158,control,DEVICE_ALL,0,,0
2026-05-18,2026-05-18,2026-05-24,овсянников косметика,Курганская область,11158,control,DEVICE_ALL,0,,0
2026-05-25,2026-05-25,2026-05-31,овсянников косметика,Курганская область,11158,control,DEVICE_ALL,0,,0
2026-06-01,2026-06-01,2026-06-07,овсянников косметика,Курганская область,11158,control,DEVICE_ALL,1,1.0799642229452222e-05,0
2026-06-08,2026-06-08,2026-06-14,овсянников косметика,Курганская область,11158,control,DEVICE_ALL,0,,0
2026-06-15,2026-06-15,2026-06-21,овсянников косметика,Курганская область,11158,control,DEVICE_ALL,0,,0
2026-06-22,2026-06-22,2026-06-28,овсянников косметика,Курганская область,11158,control,DEVICE_ALL,0,,0
2026-06-29,2026-06-29,2026-07-05,овсянников косметика,Курганская область,11158,control,DEVICE_ALL,0,,0
2026-07-06,2026-07-06,2026-07-12,овсянников косметика,Курганская область,11158,control,DEVICE_ALL,0,,0
2026-07-13,2026-07-13,2026-07-19,овсянников косметика,Курганская область,11158,control,DEVICE_ALL,0,,0
2026-07-20,2026-07-20,2026-07-26,овсянников косметика,Курганская область,11158,control,DEVICE_ALL,0,,0
2026-07-27,2026-07-27,2026-08-02,овсянников косметика,Курганская область,11158,control,DEVICE_ALL,0,,0
2026-08-03,2026-08-03,2026-08-09,овсянников косметика,Курганская область,11158,control,DEVICE_ALL,0,,0
2026-08-10,2026-08-10,2026-08-16,овсянников косметика,Курганская область,11158,control,DEVICE_ALL,0,,0
2026-08-17,2026-08-17,2026-08-23,овсянников косметика,Курганская область,11158,control,DEVICE_ALL,0,,0
2026-08-24,2026-08-24,2026-08-30,овсянников косметика,Курганская область,11158,control,DEVICE_ALL,0,,0
2026-08-31,2026-08-31,2026-09-06,овсянников косметика,Курганская область,11158,control,DEVICE_ALL,0,,0
2026-09-07,2026-09-07,2026-09-13,овсянников косметика,Курганская область,11158,control,DEVICE_ALL,0,,0
2026-03-30,2026-03-30,2026-04-05,овсянников косметика,Пензенская область,11095,control,DEVICE_ALL,0,,0
2026-04-06,2026-04-06,2026-04-12,овсянников косметика,Пензенская область,11095,control,DEVICE_ALL,0,,0
2026-04-13,2026-04-13,2026-04-19,овсянников косметика,Пензенская область,11095,control,DEVICE_ALL,0,,0
2026-04-20,2026-04-20,2026-04-26,овсянников косметика,Пензенская область,11095,control,DEVICE_ALL,0,,0
2026-04-27,2026-04-27,2026-05-03,овсянников косметика,Пензенская область,11095,control,DEVICE_ALL,0,,0
2026-05-04,2026-05-04,2026-05-10,овсянников косметика,Пензенская область,11095,control,DEVICE_ALL,0,,0
2026-05-11,2026-05-11,2026-05-17,овсянников косметика,Пензенская область,11095,control,DEVICE_ALL,0,,0
2026-05-18,2026-05-18,2026-05-24,овсянников косметика,Пензенская область,11095,control,DEVICE_ALL,1,5.583104142255707e-06,0
2026-05-25,2026-05-25,2026-05-31,овсянников косметика,Пензенская область,11095,control,DEVICE_ALL,0,,0
2026-06-01,2026-06-01,2026-06-07,овсянников косметика,Пензенская область,11095,control,DEVICE_ALL,0,,0
2026-06-08,2026-06-08,2026-06-14,овсянников косметика,Пензенская область,11095,control,DEVICE_ALL,0,,0
2026-06-15,2026-06-15,2026-06-21,овсянников косметика,Пензенская область,11095,control,DEVICE_ALL,0,,0
2026-06-22,2026-06-22,2026-06-28,овсянников косметика,Пензенская область,11095,control,DEVICE_ALL,0,,0
2026-06-29,2026-06-29,2026-07-05,овсянников косметика,Пензенская область,11095,control,DEVICE_ALL,0,,0
2026-07-06,2026-07-06,2026-07-12,овсянников косметика,Пензенская область,11095,control,DEVICE_ALL,0,,0
2026-07-13,2026-07-13,2026-07-19,овсянников косметика,Пензенская область,11095,control,DEVICE_ALL,0,,0
2026-07-20,2026-07-20,2026-07-26,овсянников косметика,Пензенская область,11095,control,DEVICE_ALL,0,,0
2026-07-27,2026-07-27,2026-08-02,овсянников косметика,Пензенская область,11095,control,DEVICE_ALL,0,,0
2026-08-03,2026-08-03,2026-08-09,овсянников косметика,Пензенская область,11095,control,DEVICE_ALL,0,,0
2026-08-10,2026-08-10,2026-08-16,овсянников косметика,Пензенская область,11095,control,DEVICE_ALL,0,,0
2026-08-17,2026-08-17,2026-08-23,овсянников косметика,Пензенская область,11095,control,DEVICE_ALL,4,2.0431462429426536e-05,0
2026-08-24,2026-08-24,2026-08-30,овсянников косметика,Пензенская область,11095,control,DEVICE_ALL,2,1.0364667346519746e-05,0
2026-08-31,2026-08-31,2026-09-06,овсянников косметика,Пензенская область,11095,control,DEVICE_ALL,0,,0
2026-09-07,2026-09-07,2026-09-13,овсянников косметика,Пензенская область,11095,control,DEVICE_ALL,0,,0
2026-03-30,2026-03-30,2026-04-05,овсянников косметика,Ростовская область,11029,control,DEVICE_ALL,2,3.0147947434280036e-06,0
2026-04-06,2026-04-06,2026-04-12,овсянников косметика,Ростовская область,11029,control,DEVICE_ALL,2,2.931626739596159e-06,0
2026-04-13,2026-04-13,2026-04-19,овсянников косметика,Ростовская область,11029,control,DEVICE_ALL,3,4.366835618566341e-06,0
2026-04-20,2026-04-20,2026-04-26,овсянников косметика,Ростовская область,11029,control,DEVICE_ALL,3,4.293514067376828e-06,0
2026-04-27,2026-04-27,2026-05-03,овсянников косметика,Ростовская область,11029,control,DEVICE_ALL,0,,0
2026-05-04,2026-05-04,2026-05-10,овсянников косметика,Ростовская область,11029,control,DEVICE_ALL,0,,0
2026-05-11,2026-05-11,2026-05-17,овсянников косметика,Ростовская область,11029,control,DEVICE_ALL,9,1.3582038158977666e-05,0
2026-05-18,2026-05-18,2026-05-24,овсянников косметика,Ростовская область,11029,control,DEVICE_ALL,1,1.5441463488790831e-06,0
2026-05-25,2026-05-25,2026-05-31,овсянников косметика,Ростовская область,11029,control,DEVICE_ALL,3,4.562773242626212e-06,0
2026-06-01,2026-06-01,2026-06-07,овсянников косметика,Ростовская область,11029,control,DEVICE_ALL,0,,0
2026-06-08,2026-06-08,2026-06-14,овсянников косметика,Ростовская область,11029,control,DEVICE_ALL,2,3.110721545082949e-06,0
2026-06-15,2026-06-15,2026-06-21,овсянников косметика,Ростовская область,11029,control,DEVICE_ALL,2,3.0736121818807547e-06,0
2026-06-22,2026-06-22,2026-06-28,овсянников косметика,Ростовская область,11029,control,DEVICE_ALL,1,1.5272263684551514e-06,0
2026-06-29,2026-06-29,2026-07-05,овсянников косметика,Ростовская область,11029,control,DEVICE_ALL,1,1.5644068897793526e-06,0
2026-07-06,2026-07-06,2026-07-12,овсянников косметика,Ростовская область,11029,control,DEVICE_ALL,1,1.5363770765903024e-06,0
2026-07-13,2026-07-13,2026-07-19,овсянников косметика,Ростовская область,11029,control,DEVICE_ALL,6,8.60892461962471e-06,0
2026-07-20,2026-07-20,2026-07-26,овсянников косметика,Ростовская область,11029,control,DEVICE_ALL,3,4.119691427421995e-06,0
2026-07-27,2026-07-27,2026-08-02,овсянников косметика,Ростовская область,11029,control,DEVICE_ALL,2,2.8828540023995435e-06,0
2026-08-03,2026-08-03,2026-08-09,овсянников косметика,Ростовская область,11029,control,DEVICE_ALL,7,1.0097731034066513e-05,0
2026-08-10,2026-08-10,2026-08-16,овсянников косметика,Ростовская область,11029,control,DEVICE_ALL,2,2.8495127575393194e-06,0
2026-08-17,2026-08-17,2026-08-23,овсянников косметика,Ростовская область,11029,control,DEVICE_ALL,2,2.8749962553173774e-06,0
2026-08-24,2026-08-24,2026-08-30,овсянников косметика,Ростовская область,11029,control,DEVICE_ALL,3,4.355195456381367e-06,0
2026-08-31,2026-08-31,2026-09-06,овсянников косметика,Ростовская область,11029,control,DEVICE_ALL,6,8.40778226007549e-06,0
2026-09-07,2026-09-07,2026-09-13,овсянников косметика,Ростовская область,11029,control,DEVICE_ALL,2,2.659502993942144e-06,0
2026-03-30,2026-03-30,2026-04-05,овсянников косметика,Тульская область,10832,control,DEVICE_ALL,0,,0
2026-04-06,2026-04-06,2026-04-12,овсянников косметика,Тульская область,10832,control,DEVICE_ALL,4,1.5259035866974166e-05,0
2026-04-13,2026-04-13,2026-04-19,овсянников косметика,Тульская область,10832,control,DEVICE_ALL,0,,0
2026-04-20,2026-04-20,2026-04-26,овсянников косметика,Тульская область,10832,control,DEVICE_ALL,0,,0
2026-04-27,2026-04-27,2026-05-03,овсянников косметика,Тульская область,10832,control,DEVICE_ALL,2,8.078958570534924e-06,0
2026-05-04,2026-05-04,2026-05-10,овсянников косметика,Тульская область,10832,control,DEVICE_ALL,0,,0
2026-05-11,2026-05-11,2026-05-17,овсянников косметика,Тульская область,10832,control,DEVICE_ALL,0,,0
2026-05-18,2026-05-18,2026-05-24,овсянников косметика,Тульская область,10832,control,DEVICE_ALL,0,,0
2026-05-25,2026-05-25,2026-05-31,овсянников косметика,Тульская область,10832,control,DEVICE_ALL,0,,0
2026-06-01,2026-06-01,2026-06-07,овсянников косметика,Тульская область,10832,control,DEVICE_ALL,1,4.207177048570218e-06,0
2026-06-08,2026-06-08,2026-06-14,овсянников косметика,Тульская область,10832,control,DEVICE_ALL,0,,0
2026-06-15,2026-06-15,2026-06-21,овсянников косметика,Тульская область,10832,control,DEVICE_ALL,0,,0
2026-06-22,2026-06-22,2026-06-28,овсянников косметика,Тульская область,10832,control,DEVICE_ALL,0,,0
2026-06-29,2026-06-29,2026-07-05,овсянников косметика,Тульская область,10832,control,DEVICE_ALL,0,,0
2026-07-06,2026-07-06,2026-07-12,овсянников косметика,Тульская область,10832,control,DEVICE_ALL,0,,0
2026-07-13,2026-07-13,2026-07-19,овсянников косметика,Тульская область,10832,control,DEVICE_ALL,0,,0
2026-07-20,2026-07-20,2026-07-26,овсянников косметика,Тульская область,10832,control,DEVICE_ALL,0,,0
2026-07-27,2026-07-27,2026-08-02,овсянников косметика,Тульская область,10832,control,DEVICE_ALL,0,,0
2026-08-03,2026-08-03,2026-08-09,овсянников косметика,Тульская область,10832,control,DEVICE_ALL,0,,0
2026-08-10,2026-08-10,2026-08-16,овсянников косметика,Тульская область,10832,control,DEVICE_ALL,0,,0
2026-08-17,2026-08-17,2026-08-23,овсянников косметика,Тульская область,10832,control,DEVICE_ALL,0,,0
2026-08-24,2026-08-24,2026-08-30,овсянников косметика,Тульская область,10832,control,DEVICE_ALL,3,1.1648916565334036e-05,0
2026-08-31,2026-08-31,2026-09-06,овсянников косметика,Тульская область,10832,control,DEVICE_ALL,0,,0
2026-09-07,2026-09-07,2026-09-13,овсянников косметика,Тульская область,10832,control,DEVICE_ALL,3,1.0546003883601084e-05,0
2026-03-30,2026-03-30,2026-04-05,овсянников крем,Тюменская область,11176,campaign,DEVICE_ALL,0,,0
2026-04-06,2026-04-06,2026-04-12,овсянников крем,Тюменская область,11176,campaign,DEVICE_ALL,0,,0
2026-04-13,2026-04-13,2026-04-19,овсянников крем,Тюменская область,11176,campaign,DEVICE_ALL,0,,0
2026-04-20,2026-04-20,2026-04-26,овсянников крем,Тюменская область,11176,campaign,DEVICE_ALL,3,1.0249127594259177e-05,0
2026-04-27,2026-04-27,2026-05-03,овсянников крем,Тюменская область,11176,campaign,DEVICE_ALL,2,7.311781224486453e-06,0
2026-05-04,2026-05-04,2026-05-10,овсянников крем,Тюменская область,11176,campaign,DEVICE_ALL,0,,0
2026-05-11,2026-05-11,2026-05-17,овсянников крем,Тюменская область,11176,campaign,DEVICE_ALL,0,,0
2026-05-18,2026-05-18,2026-05-24,овсянников крем,Тюменская область,11176,campaign,DEVICE_ALL,0,,0
2026-05-25,2026-05-25,2026-05-31,овсянников крем,Тюменская область,11176,campaign,DEVICE_ALL,1,3.7954714560050963e-06,0
2026-06-01,2026-06-01,2026-06-07,овсянников крем,Тюменская область,11176,campaign,DEVICE_ALL,0,,0
2026-06-08,2026-06-08,2026-06-14,овсянников крем,Тюменская область,11176,campaign,DEVICE_ALL,0,,0
2026-06-15,2026-06-15,2026-06-21,овсянников крем,Тюменская область,11176,campaign,DEVICE_ALL,0,,0
2026-06-22,2026-06-22,2026-06-28,овсянников крем,Тюменская область,11176,campaign,DEVICE_ALL,0,,0
2026-06-29,2026-06-29,2026-07-05,овсянников крем,Тюменская область,11176,campaign,DEVICE_ALL,3,1.1540458925583274e-05,0
2026-07-06,2026-07-06,2026-07-12,овсянников крем,Тюменская область,11176,campaign,DEVICE_ALL,4,1.5470086422090786e-05,0
2026-07-13,2026-07-13,2026-07-19,овсянников крем,Тюменская область,11176,campaign,DEVICE_ALL,1,3.5427894209190235e-06,0
2026-07-20,2026-07-20,2026-07-26,овсянников крем,Тюменская область,11176,campaign,DEVICE_ALL,2,6.9480975032081105e-06,0
2026-07-27,2026-07-27,2026-08-02,овсянников крем,Тюменская область,11176,campaign,DEVICE_ALL,0,,0
2026-08-03,2026-08-03,2026-08-09,овсянников крем,Тюменская область,11176,campaign,DEVICE_ALL,0,,0
2026-08-10,2026-08-10,2026-08-16,овсянников крем,Тюменская область,11176,campaign,DEVICE_ALL,0,,0
2026-08-17,2026-08-17,2026-08-23,овсянников крем,Тюменская область,11176,campaign,DEVICE_ALL,0,,0
2026-08-24,2026-08-24,2026-08-30,овсянников крем,Тюменская область,11176,campaign,DEVICE_ALL,2,7.30048317882895e-06,0
2026-08-31,2026-08-31,2026-09-06,овсянников крем,Тюменская область,11176,campaign,DEVICE_ALL,0,,0
2026-09-07,2026-09-07,2026-09-13,овсянников крем,Тюменская область,11176,campaign,DEVICE_ALL,0,,0
2026-03-30,2026-03-30,2026-04-05,овсянников крем,Волгоградская область,10950,campaign,DEVICE_ALL,0,,0
2026-04-06,2026-04-06,2026-04-12,овсянников крем,Волгоградская область,10950,campaign,DEVICE_ALL,0,,0
2026-04-13,2026-04-13,2026-04-19,овсянников крем,Волгоградская область,10950,campaign,DEVICE_ALL,3,8.210992510014743e-06,0
2026-04-20,2026-04-20,2026-04-26,овсянников крем,Волгоградская область,10950,campaign,DEVICE_ALL,1,2.638341641866915e-06,0
2026-04-27,2026-04-27,2026-05-03,овсянников крем,Волгоградская область,10950,campaign,DEVICE_ALL,2,5.691645972790517e-06,0
2026-05-04,2026-05-04,2026-05-10,овсянников крем,Волгоградская область,10950,campaign,DEVICE_ALL,0,,0
2026-05-11,2026-05-11,2026-05-17,овсянников крем,Волгоградская область,10950,campaign,DEVICE_ALL,1,2.9915200577530897e-06,0
2026-05-18,2026-05-18,2026-05-24,овсянников крем,Волгоградская область,10950,campaign,DEVICE_ALL,1,2.9595701117868107e-06,0
2026-05-25,2026-05-25,2026-05-31,овсянников крем,Волгоградская область,10950,campaign,DEVICE_ALL,1,2.941314279813169e-06,0
2026-06-01,2026-06-01,2026-06-07,овсянников крем,Волгоградская область,10950,campaign,DEVICE_ALL,0,,0
2026-06-08,2026-06-08,2026-06-14,овсянников крем,Волгоградская область,10950,campaign,DEVICE_ALL,0,,0
2026-06-15,2026-06-15,2026-06-21,овсянников крем,Волгоградская область,10950,campaign,DEVICE_ALL,0,,0
2026-06-22,2026-06-22,2026-06-28,овсянников крем,Волгоградская область,10950,campaign,DEVICE_ALL,0,,0
2026-06-29,2026-06-29,2026-07-05,овсянников крем,Волгоградская область,10950,campaign,DEVICE_ALL,0,,0
2026-07-06,2026-07-06,2026-07-12,овсянников крем,Волгоградская область,10950,campaign,DEVICE_ALL,0,,0
2026-07-13,2026-07-13,2026-07-19,овсянников крем,Волгоградская область,10950,campaign,DEVICE_ALL,0,,0
2026-07-20,2026-07-20,2026-07-26,овсянников крем,Волгоградская область,10950,campaign,DEVICE_ALL,4,1.0262117046012665e-05,0
2026-07-27,2026-07-27,2026-08-02,овсянников крем,Волгоградская область,10950,campaign,DEVICE_ALL,6,1.587919615698046e-05,0
2026-08-03,2026-08-03,2026-08-09,овсянников крем,Волгоградская область,10950,campaign,DEVICE_ALL,0,,0
2026-08-10,2026-08-10,2026-08-16,овсянников крем,Волгоградская область,10950,campaign,DEVICE_ALL,0,,0
2026-08-17,2026-08-17,2026-08-23,овсянников крем,Волгоградская область,10950,campaign,DEVICE_ALL,4,1.0919296977443053e-05,0
2026-08-24,2026-08-24,2026-08-30,овсянников крем,Волгоградская область,10950,campaign,DEVICE_ALL,0,,0
2026-08-31,2026-08-31,2026-09-06,овсянников крем,Волгоградская область,10950,campaign,DEVICE_ALL,4,1.0685169105489733e-05,0
2026-09-07,2026-09-07,2026-09-13,овсянников крем,Волгоградская область,10950,campaign,DEVICE_ALL,0,,0
2026-03-30,2026-03-30,2026-04-05,овсянников крем,Воронежская область,10672,campaign,DEVICE_ALL,0,,0
2026-04-06,2026-04-06,2026-04-12,овсянников крем,Воронежская область,10672,campaign,DEVICE_ALL,0,,0
2026-04-13,2026-04-13,2026-04-19,овсянников крем,Воронежская область,10672,campaign,DEVICE_ALL,1,2.3098636861663974e-06,0
2026-04-20,2026-04-20,2026-04-26,овсянников крем,Воронежская область,10672,campaign,DEVICE_ALL,5,1.162789643051254e-05,0
2026-04-27,2026-04-27,2026-05-03,овсянников крем,Воронежская область,10672,campaign,DEVICE_ALL,0,,0
2026-05-04,2026-05-04,2026-05-10,овсянников крем,Воронежская область,10672,campaign,DEVICE_ALL,0,,0
2026-05-11,2026-05-11,2026-05-17,овсянников крем,Воронежская область,10672,campaign,DEVICE_ALL,2,5.220417103495944e-06,0
2026-05-18,2026-05-18,2026-05-24,овсянников крем,Воронежская область,10672,campaign,DEVICE_ALL,3,7.817247756567152e-06,0
2026-05-25,2026-05-25,2026-05-31,овсянников крем,Воронежская область,10672,campaign,DEVICE_ALL,1,2.566086807175487e-06,0
2026-06-01,2026-06-01,2026-06-07,овсянников крем,Воронежская область,10672,campaign,DEVICE_ALL,0,,0
2026-06-08,2026-06-08,2026-06-14,овсянников крем,Воронежская область,10672,campaign,DEVICE_ALL,2,5.2174888033342466e-06,0
2026-06-15,2026-06-15,2026-06-21,овсянников крем,Воронежская область,10672,campaign,DEVICE_ALL,0,,0
2026-06-22,2026-06-22,2026-06-28,овсянников крем,Воронежская область,10672,campaign,DEVICE_ALL,11,2.8383848196987e-05,0
2026-06-29,2026-06-29,2026-07-05,овсянников крем,Воронежская область,10672,campaign,DEVICE_ALL,0,,0
2026-07-06,2026-07-06,2026-07-12,овсянников крем,Воронежская область,10672,campaign,DEVICE_ALL,0,,0
2026-07-13,2026-07-13,2026-07-19,овсянников крем,Воронежская область,10672,campaign,DEVICE_ALL,0,,0
2026-07-20,2026-07-20,2026-07-26,овсянников крем,Воронежская область,10672,campaign,DEVICE_ALL,0,,0
2026-07-27,2026-07-27,2026-08-02,овсянников крем,Воронежская область,10672,campaign,DEVICE_ALL,1,2.360374579171767e-06,0
2026-08-03,2026-08-03,2026-08-09,овсянников крем,Воронежская область,10672,campaign,DEVICE_ALL,0,,0
2026-08-10,2026-08-10,2026-08-16,овсянников крем,Воронежская область,10672,campaign,DEVICE_ALL,0,,0
2026-08-17,2026-08-17,2026-08-23,овсянников крем,Воронежская область,10672,campaign,DEVICE_ALL,0,,0
2026-08-24,2026-08-24,2026-08-30,овсянников крем,Воронежская область,10672,campaign,DEVICE_ALL,4,1.0009947134716446e-05,0
2026-08-31,2026-08-31,2026-09-06,овсянников крем,Воронежская область,10672,campaign,DEVICE_ALL,0,,0
2026-09-07,2026-09-07,2026-09-13,овсянников крем,Воронежская область,10672,campaign,DEVICE_ALL,0,,0
2026-03-30,2026-03-30,2026-04-05,овсянников крем,Республика Мордовия,11117,campaign,DEVICE_ALL,0,,0
2026-04-06,2026-04-06,2026-04-12,овсянников крем,Республика Мордовия,11117,campaign,DEVICE_ALL,0,,0
2026-04-13,2026-04-13,2026-04-19,овсянников крем,Республика Мордовия,11117,campaign,DEVICE_ALL,0,,0
2026-04-20,2026-04-20,2026-04-26,овсянников крем,Республика Мордовия,11117,campaign,DEVICE_ALL,0,,0
2026-04-27,2026-04-27,2026-05-03,овсянников крем,Республика Мордовия,11117,campaign,DEVICE_ALL,0,,0
2026-05-04,2026-05-04,2026-05-10,овсянников крем,Республика Мордовия,11117,campaign,DEVICE_ALL,0,,0
2026-05-11,2026-05-11,2026-05-17,овсянников крем,Республика Мордовия,11117,campaign,DEVICE_ALL,0,,0
2026-05-18,2026-05-18,2026-05-24,овсянников крем,Республика Мордовия,11117,campaign,DEVICE_ALL,0,,0
2026-05-25,2026-05-25,2026-05-31,овсянников крем,Республика Мордовия,11117,campaign,DEVICE_ALL,0,,0
2026-06-01,2026-06-01,2026-06-07,овсянников крем,Республика Мордовия,11117,campaign,DEVICE_ALL,0,,0
2026-06-08,2026-06-08,2026-06-14,овсянников крем,Республика Мордовия,11117,campaign,DEVICE_ALL,0,,0
2026-06-15,2026-06-15,2026-06-21,овсянников крем,Республика Мордовия,11117,campaign,DEVICE_ALL,0,,0
2026-06-22,2026-06-22,2026-06-28,овсянников крем,Республика Мордовия,11117,campaign,DEVICE_ALL,0,,0
2026-06-29,2026-06-29,2026-07-05,овсянников крем,Республика Мордовия,11117,campaign,DEVICE_ALL,0,,0
2026-07-06,2026-07-06,2026-07-12,овсянников крем,Республика Мордовия,11117,campaign,DEVICE_ALL,0,,0
2026-07-13,2026-07-13,2026-07-19,овсянников крем,Республика Мордовия,11117,campaign,DEVICE_ALL,0,,0
2026-07-20,2026-07-20,2026-07-26,овсянников крем,Республика Мордовия,11117,campaign,DEVICE_ALL,0,,0
2026-07-27,2026-07-27,2026-08-02,овсянников крем,Республика Мордовия,11117,campaign,DEVICE_ALL,0,,0
2026-08-03,2026-08-03,2026-08-09,овсянников крем,Республика Мордовия,11117,campaign,DEVICE_ALL,0,,0
2026-08-10,2026-08-10,2026-08-16,овсянников крем,Республика Мордовия,11117,campaign,DEVICE_ALL,0,,0
2026-08-17,2026-08-17,2026-08-23,овсянников крем,Республика Мордовия,11117,campaign,DEVICE_ALL,0,,0
2026-08-24,2026-08-24,2026-08-30,овсянников крем,Республика Мордовия,11117,campaign,DEVICE_ALL,0,,0
2026-08-31,2026-08-31,2026-09-06,овсянников крем,Республика Мордовия,11117,campaign,DEVICE_ALL,0,,0
2026-09-07,2026-09-07,2026-09-13,овсянников крем,Республика Мордовия,11117,campaign,DEVICE_ALL,0,,0
2026-03-30,2026-03-30,2026-04-05,овсянников крем,Орловская область,10772,campaign,DEVICE_ALL,0,,0
2026-04-06,2026-04-06,2026-04-12,овсянников крем,Орловская область,10772,campaign,DEVICE_ALL,0,,0
2026-04-13,2026-04-13,2026-04-19,овсянников крем,Орловская область,10772,campaign,DEVICE_ALL,1,7.663294459484086e-06,0
2026-04-20,2026-04-20,2026-04-26,овсянников крем,Орловская область,10772,campaign,DEVICE_ALL,1,7.549409564452669e-06,0
2026-04-27,2026-04-27,2026-05-03,овсянников крем,Орловская область,10772,campaign,DEVICE_ALL,0,,0
2026-05-04,2026-05-04,2026-05-10,овсянников крем,Орловская область,10772,campaign,DEVICE_ALL,0,,0
2026-05-11,2026-05-11,2026-05-17,овсянников крем,Орловская область,10772,campaign,DEVICE_ALL,1,8.68090444954515e-06,0
2026-05-18,2026-05-18,2026-05-24,овсянников крем,Орловская область,10772,campaign,DEVICE_ALL,0,,0
2026-05-25,2026-05-25,2026-05-31,овсянников крем,Орловская область,10772,campaign,DEVICE_ALL,0,,0
2026-06-01,2026-06-01,2026-06-07,овсянников крем,Орловская область,10772,campaign,DEVICE_ALL,0,,0
2026-06-08,2026-06-08,2026-06-14,овсянников крем,Орловская область,10772,campaign,DEVICE_ALL,0,,0
2026-06-15,2026-06-15,2026-06-21,овсянников крем,Орловская область,10772,campaign,DEVICE_ALL,0,,0
2026-06-22,2026-06-22,2026-06-28,овсянников крем,Орловская область,10772,campaign,DEVICE_ALL,0,,0
2026-06-29,2026-06-29,2026-07-05,овсянников крем,Орловская область,10772,campaign,DEVICE_ALL,0,,0
2026-07-06,2026-07-06,2026-07-12,овсянников крем,Орловская область,10772,campaign,DEVICE_ALL,0,,0
2026-07-13,2026-07-13,2026-07-19,овсянников крем,Орловская область,10772,campaign,DEVICE_ALL,0,,0
2026-07-20,2026-07-20,2026-07-26,овсянников крем,Орловская область,10772,campaign,DEVICE_ALL,0,,0
2026-07-27,2026-07-27,2026-08-02,овсянников крем,Орловская область,10772,campaign,DEVICE_ALL,0,,0
2026-08-03,2026-08-03,2026-08-09,овсянников крем,Орловская область,10772,campaign,DEVICE_ALL,0,,0
2026-08-10,2026-08-10,2026-08-16,овсянников крем,Орловская область,10772,campaign,DEVICE_ALL,0,,0
2026-08-17,2026-08-17,2026-08-23,овсянников крем,Орловская область,10772,campaign,DEVICE_ALL,0,,0
2026-08-24,2026-08-24,2026-08-30,овсянников крем,Орловская область,10772,campaign,DEVICE_ALL,0,,0
2026-08-31,2026-08-31,2026-09-06,овсянников крем,Орловская область,10772,campaign,DEVICE_ALL,0,,0
2026-09-07,2026-09-07,2026-09-13,овсянников крем,Орловская область,10772,campaign,DEVICE_ALL,0,,0
2026-03-30,2026-03-30,2026-04-05,овсянников крем,Рязанская область,10776,campaign,DEVICE_ALL,3,1.4177457247523232e-05,0
2026-04-06,2026-04-06,2026-04-12,овсянников крем,Рязанская область,10776,campaign,DEVICE_ALL,0,,0
2026-04-13,2026-04-13,2026-04-19,овсянников крем,Рязанская область,10776,campaign,DEVICE_ALL,0,,0
2026-04-20,2026-04-20,2026-04-26,овсянников крем,Рязанская область,10776,campaign,DEVICE_ALL,0,,0
2026-04-27,2026-04-27,2026-05-03,овсянников крем,Рязанская область,10776,campaign,DEVICE_ALL,0,,0
2026-05-04,2026-05-04,2026-05-10,овсянников крем,Рязанская область,10776,campaign,DEVICE_ALL,0,,0
2026-05-11,2026-05-11,2026-05-17,овсянников крем,Рязанская область,10776,campaign,DEVICE_ALL,0,,0
2026-05-18,2026-05-18,2026-05-24,овсянников крем,Рязанская область,10776,campaign,DEVICE_ALL,0,,0
2026-05-25,2026-05-25,2026-05-31,овсянников крем,Рязанская область,10776,campaign,DEVICE_ALL,2,1.0280193351932602e-05,0
2026-06-01,2026-06-01,2026-06-07,овсянников крем,Рязанская область,10776,campaign,DEVICE_ALL,0,,0
2026-06-08,2026-06-08,2026-06-14,овсянников крем,Рязанская область,10776,campaign,DEVICE_ALL,2,1.0138097103505106e-05,0
2026-06-15,2026-06-15,2026-06-21,овсянников крем,Рязанская область,10776,campaign,DEVICE_ALL,0,,0
2026-06-22,2026-06-22,2026-06-28,овсянников крем,Рязанская область,10776,campaign,DEVICE_ALL,0,,0
2026-06-29,2026-06-29,2026-07-05,овсянников крем,Рязанская область,10776,campaign,DEVICE_ALL,0,,0
2026-07-06,2026-07-06,2026-07-12,овсянников крем,Рязанская область,10776,campaign,DEVICE_ALL,0,,0
2026-07-13,2026-07-13,2026-07-19,овсянников крем,Рязанская область,10776,campaign,DEVICE_ALL,0,,0
2026-07-20,2026-07-20,2026-07-26,овсянников крем,Рязанская область,10776,campaign,DEVICE_ALL,0,,0
2026-07-27,2026-07-27,2026-08-02,овсянников крем,Рязанская область,10776,campaign,DEVICE_ALL,5,2.2694827376788423e-05,0
2026-08-03,2026-08-03,2026-08-09,овсянников крем,Рязанская область,10776,campaign,DEVICE_ALL,1,4.702717479403626e-06,0
2026-08-10,2026-08-10,2026-08-16,овсянников крем,Рязанская область,10776,campaign,DEVICE_ALL,2,9.262738789932479e-06,0
2026-08-17,2026-08-17,2026-08-23,овсянников крем,Рязанская область,10776,campaign,DEVICE_ALL,2,9.468202320713199e-06,0
2026-08-24,2026-08-24,2026-08-30,овсянников крем,Рязанская область,10776,campaign,DEVICE_ALL,2,9.683877564024472e-06,0
2026-08-31,2026-08-31,2026-09-06,овсянников крем,Рязанская область,10776,campaign,DEVICE_ALL,1,4.521034792527453e-06,0
2026-09-07,2026-09-07,2026-09-13,овсянников крем,Рязанская область,10776,campaign,DEVICE_ALL,0,,0
2026-03-30,2026-03-30,2026-04-05,овсянников крем,Ярославская область,10841,campaign,DEVICE_ALL,0,,0
2026-04-06,2026-04-06,2026-04-12,овсянников крем,Ярославская область,10841,campaign,DEVICE_ALL,1,4.243486322755581e-06,0
2026-04-13,2026-04-13,2026-04-19,овсянников крем,Ярославская область,10841,campaign,DEVICE_ALL,0,,0
2026-04-20,2026-04-20,2026-04-26,овсянников крем,Ярославская область,10841,campaign,DEVICE_ALL,1,4.2356579457152145e-06,0
2026-04-27,2026-04-27,2026-05-03,овсянников крем,Ярославская область,10841,campaign,DEVICE_ALL,7,3.1296447280955715e-05,0
2026-05-04,2026-05-04,2026-05-10,овсянников крем,Ярославская область,10841,campaign,DEVICE_ALL,1,4.816298198983818e-06,0
2026-05-11,2026-05-11,2026-05-17,овсянников крем,Ярославская область,10841,campaign,DEVICE_ALL,0,,0
2026-05-18,2026-05-18,2026-05-24,овсянников крем,Ярославская область,10841,campaign,DEVICE_ALL,0,,0
2026-05-25,2026-05-25,2026-05-31,овсянников крем,Ярославская область,10841,campaign,DEVICE_ALL,1,4.585803992556874e-06,0
2026-06-01,2026-06-01,2026-06-07,овсянников крем,Ярославская область,10841,campaign,DEVICE_ALL,1,4.631494878423491e-06,0
2026-06-08,2026-06-08,2026-06-14,овсянников крем,Ярославская область,10841,campaign,DEVICE_ALL,0,,0
2026-06-15,2026-06-15,2026-06-21,овсянников крем,Ярославская область,10841,campaign,DEVICE_ALL,0,,0
2026-06-22,2026-06-22,2026-06-28,овсянников крем,Ярославская область,10841,campaign,DEVICE_ALL,4,1.8127821992039167e-05,0
2026-06-29,2026-06-29,2026-07-05,овсянников крем,Ярославская область,10841,campaign,DEVICE_ALL,5,2.300895991908209e-05,0
2026-07-06,2026-07-06,2026-07-12,овсянников крем,Ярославская область,10841,campaign,DEVICE_ALL,1,4.465465274912127e-06,0
2026-07-13,2026-07-13,2026-07-19,овсянников крем,Ярославская область,10841,campaign,DEVICE_ALL,14,5.913734246498383e-05,0
2026-07-20,2026-07-20,2026-07-26,овсянников крем,Ярославская область,10841,campaign,DEVICE_ALL,0,,0
2026-07-27,2026-07-27,2026-08-02,овсянников крем,Ярославская область,10841,campaign,DEVICE_ALL,0,,0
2026-08-03,2026-08-03,2026-08-09,овсянников крем,Ярославская область,10841,campaign,DEVICE_ALL,2,8.571334286751417e-06,0
2026-08-10,2026-08-10,2026-08-16,овсянников крем,Ярославская область,10841,campaign,DEVICE_ALL,2,8.217737501550584e-06,0
2026-08-17,2026-08-17,2026-08-23,овсянников крем,Ярославская область,10841,campaign,DEVICE_ALL,26,0.00010990190831982807,0
2026-08-24,2026-08-24,2026-08-30,овсянников крем,Ярославская область,10841,campaign,DEVICE_ALL,11,4.742682321427447e-05,0
2026-08-31,2026-08-31,2026-09-06,овсянников крем,Ярославская область,10841,campaign,DEVICE_ALL,0,,0
2026-09-07,2026-09-07,2026-09-13,овсянников крем,Ярославская область,10841,campaign,DEVICE_ALL,0,,0
2026-03-30,2026-03-30,2026-04-05,овсянников крем,Костромская область,10699,campaign,DEVICE_ALL,1,1.0237083692356389e-05,0
2026-04-06,2026-04-06,2026-04-12,овсянников крем,Костромская область,10699,campaign,DEVICE_ALL,0,,0
2026-04-13,2026-04-13,2026-04-19,овсянников крем,Костромская область,10699,campaign,DEVICE_ALL,0,,0
2026-04-20,2026-04-20,2026-04-26,овсянников крем,Костромская область,10699,campaign,DEVICE_ALL,0,,0
2026-04-27,2026-04-27,2026-05-03,овсянников крем,Костромская область,10699,campaign,DEVICE_ALL,0,,0
2026-05-04,2026-05-04,2026-05-10,овсянников крем,Костромская область,10699,campaign,DEVICE_ALL,0,,0
2026-05-11,2026-05-11,2026-05-17,овсянников крем,Костромская область,10699,campaign,DEVICE_ALL,0,,0
2026-05-18,2026-05-18,2026-05-24,овсянников крем,Костромская область,10699,campaign,DEVICE_ALL,0,,0
2026-05-25,2026-05-25,2026-05-31,овсянников крем,Костромская область,10699,campaign,DEVICE_ALL,0,,0
2026-06-01,2026-06-01,2026-06-07,овсянников крем,Костромская область,10699,campaign,DEVICE_ALL,0,,0
2026-06-08,2026-06-08,2026-06-14,овсянников крем,Костромская область,10699,campaign,DEVICE_ALL,3,3.2698609720511904e-05,0
2026-06-15,2026-06-15,2026-06-21,овсянников крем,Костромская область,10699,campaign,DEVICE_ALL,0,,0
2026-06-22,2026-06-22,2026-06-28,овсянников крем,Костромская область,10699,campaign,DEVICE_ALL,0,,0
2026-06-29,2026-06-29,2026-07-05,овсянников крем,Костромская область,10699,campaign,DEVICE_ALL,0,,0
2026-07-06,2026-07-06,2026-07-12,овсянников крем,Костромская область,10699,campaign,DEVICE_ALL,0,,0
2026-07-13,2026-07-13,2026-07-19,овсянников крем,Костромская область,10699,campaign,DEVICE_ALL,0,,0
2026-07-20,2026-07-20,2026-07-26,овсянников крем,Костромская область,10699,campaign,DEVICE_ALL,2,1.841919641282466e-05,0
2026-07-27,2026-07-27,2026-08-02,овсянников крем,Костромская область,10699,campaign,DEVICE_ALL,2,1.920787123196789e-05,0
2026-08-03,2026-08-03,2026-08-09,овсянников крем,Костромская область,10699,campaign,DEVICE_ALL,0,,0
2026-08-10,2026-08-10,2026-08-16,овсянников крем,Костромская область,10699,campaign,DEVICE_ALL,0,,0
2026-08-17,2026-08-17,2026-08-23,овсянников крем,Костромская область,10699,campaign,DEVICE_ALL,0,,0
2026-08-24,2026-08-24,2026-08-30,овсянников крем,Костромская область,10699,campaign,DEVICE_ALL,0,,0
2026-08-31,2026-08-31,2026-09-06,овсянников крем,Костромская область,10699,campaign,DEVICE_ALL,0,,0
2026-09-07,2026-09-07,2026-09-13,овсянников крем,Костромская область,10699,campaign,DEVICE_ALL,0,,0
2026-03-30,2026-03-30,2026-04-05,овсянников крем,Липецкая область,10712,campaign,DEVICE_ALL,7,3.8833887160041216e-05,0
2026-04-06,2026-04-06,2026-04-12,овсянников крем,Липецкая область,10712,campaign,DEVICE_ALL,0,,0
2026-04-13,2026-04-13,2026-04-19,овсянников крем,Липецкая область,10712,campaign,DEVICE_ALL,0,,0
2026-04-20,2026-04-20,2026-04-26,овсянников крем,Липецкая область,10712,campaign,DEVICE_ALL,0,,0
2026-04-27,2026-04-27,2026-05-03,овсянников крем,Липецкая область,10712,campaign,DEVICE_ALL,0,,0
2026-05-04,2026-05-04,2026-05-10,овсянников крем,Липецкая область,10712,campaign,DEVICE_ALL,0,,0
2026-05-11,2026-05-11,2026-05-17,овсянников крем,Липецкая область,10712,campaign,DEVICE_ALL,0,,0
2026-05-18,2026-05-18,2026-05-24,овсянников крем,Липецкая область,10712,campaign,DEVICE_ALL,0,,0
2026-05-25,2026-05-25,2026-05-31,овсянников крем,Липецкая область,10712,campaign,DEVICE_ALL,0,,0
2026-06-01,2026-06-01,2026-06-07,овсянников крем,Липецкая область,10712,campaign,DEVICE_ALL,0,,0
2026-06-08,2026-06-08,2026-06-14,овсянников крем,Липецкая область,10712,campaign,DEVICE_ALL,0,,0
2026-06-15,2026-06-15,2026-06-21,овсянников крем,Липецкая область,10712,campaign,DEVICE_ALL,0,,0
2026-06-22,2026-06-22,2026-06-28,овсянников крем,Липецкая область,10712,campaign,DEVICE_ALL,0,,0
2026-06-29,2026-06-29,2026-07-05,овсянников крем,Липецкая область,10712,campaign,DEVICE_ALL,0,,0
2026-07-06,2026-07-06,2026-07-12,овсянников крем,Липецкая область,10712,campaign,DEVICE_ALL,1,5.445144363300903e-06,0
2026-07-13,2026-07-13,2026-07-19,овсянников крем,Липецкая область,10712,campaign,DEVICE_ALL,0,,0
2026-07-20,2026-07-20,2026-07-26,овсянников крем,Липецкая область,10712,campaign,DEVICE_ALL,0,,0
2026-07-27,2026-07-27,2026-08-02,овсянников крем,Липецкая область,10712,campaign,DEVICE_ALL,0,,0
2026-08-03,2026-08-03,2026-08-09,овсянников крем,Липецкая область,10712,campaign,DEVICE_ALL,0,,0
2026-08-10,2026-08-10,2026-08-16,овсянников крем,Липецкая область,10712,campaign,DEVICE_ALL,0,,0
2026-08-17,2026-08-17,2026-08-23,овсянников крем,Липецкая область,10712,campaign,DEVICE_ALL,4,2.0973726213172758e-05,0
2026-08-24,2026-08-24,2026-08-30,овсянников крем,Липецкая область,10712,campaign,DEVICE_ALL,0,,0
2026-08-31,2026-08-31,2026-09-06,овсянников крем,Липецкая область,10712,campaign,DEVICE_ALL,0,,0
2026-09-07,2026-09-07,2026-09-13,овсянников крем,Липецкая область,10712,campaign,DEVICE_ALL,0,,0
2026-03-30,2026-03-30,2026-04-05,овсянников крем,Республика Башкортостан,11111,campaign,DEVICE_ALL,0,,0
2026-04-06,2026-04-06,2026-04-12,овсянников крем,Республика Башкортостан,11111,campaign,DEVICE_ALL,0,,0
2026-04-13,2026-04-13,2026-04-19,овсянников крем,Республика Башкортостан,11111,campaign,DEVICE_ALL,1,1.7472692453145755e-06,0
2026-04-20,2026-04-20,2026-04-26,овсянников крем,Республика Башкортостан,11111,campaign,DEVICE_ALL,0,,0
2026-04-27,2026-04-27,2026-05-03,овсянников крем,Республика Башкортостан,11111,campaign,DEVICE_ALL,1,1.8634441307398367e-06,0
2026-05-04,2026-05-04,2026-05-10,овсянников крем,Республика Башкортостан,11111,campaign,DEVICE_ALL,0,,0
2026-05-11,2026-05-11,2026-05-17,овсянников крем,Республика Башкортостан,11111,campaign,DEVICE_ALL,0,,0
2026-05-18,2026-05-18,2026-05-24,овсянников крем,Республика Башкортостан,11111,campaign,DEVICE_ALL,0,,0
2026-05-25,2026-05-25,2026-05-31,овсянников крем,Республика Башкортостан,11111,campaign,DEVICE_ALL,3,5.8900070631001365e-06,0
2026-06-01,2026-06-01,2026-06-07,овсянников крем,Республика Башкортостан,11111,campaign,DEVICE_ALL,3,5.5342144971146915e-06,0
2026-06-08,2026-06-08,2026-06-14,овсянников крем,Республика Башкортостан,11111,campaign,DEVICE_ALL,0,,0
2026-06-15,2026-06-15,2026-06-21,овсянников крем,Республика Башкортостан,11111,campaign,DEVICE_ALL,0,,0
2026-06-22,2026-06-22,2026-06-28,овсянников крем,Республика Башкортостан,11111,campaign,DEVICE_ALL,0,,0
2026-06-29,2026-06-29,2026-07-05,овсянников крем,Республика Башкортостан,11111,campaign,DEVICE_ALL,0,,0
2026-07-06,2026-07-06,2026-07-12,овсянников крем,Республика Башкортостан,11111,campaign,DEVICE_ALL,0,,0
2026-07-13,2026-07-13,2026-07-19,овсянников крем,Республика Башкортостан,11111,campaign,DEVICE_ALL,8,1.3894257234283837e-05,0
2026-07-20,2026-07-20,2026-07-26,овсянников крем,Республика Башкортостан,11111,campaign,DEVICE_ALL,0,,0
2026-07-27,2026-07-27,2026-08-02,овсянников крем,Республика Башкортостан,11111,campaign,DEVICE_ALL,0,,0
2026-08-03,2026-08-03,2026-08-09,овсянников крем,Республика Башкортостан,11111,campaign,DEVICE_ALL,0,,0
2026-08-10,2026-08-10,2026-08-16,овсянников крем,Республика Башкортостан,11111,campaign,DEVICE_ALL,0,,0
2026-08-17,2026-08-17,2026-08-23,овсянников крем,Республика Башкортостан,11111,campaign,DEVICE_ALL,0,,0
2026-08-24,2026-08-24,2026-08-30,овсянников крем,Республика Башкортостан,11111,campaign,DEVICE_ALL,0,,0
2026-08-31,2026-08-31,2026-09-06,овсянников крем,Республика Башкортостан,11111,campaign,DEVICE_ALL,6,1.0521533106617675e-05,0
2026-09-07,2026-09-07,2026-09-13,овсянников крем,Республика Башкортостан,11111,campaign,DEVICE_ALL,0,,0
2026-03-30,2026-03-30,2026-04-05,овсянников крем,Новосибирская область,11316,campaign,DEVICE_ALL,0,,0
2026-04-06,2026-04-06,2026-04-12,овсянников крем,Новосибирская область,11316,campaign,DEVICE_ALL,0,,0
2026-04-13,2026-04-13,2026-04-19,овсянников крем,Новосибирская область,11316,campaign,DEVICE_ALL,2,3.5214869069972316e-06,0
2026-04-20,2026-04-20,2026-04-26,овсянников крем,Новосибирская область,11316,campaign,DEVICE_ALL,0,,0
2026-04-27,2026-04-27,2026-05-03,овсянников крем,Новосибирская область,11316,campaign,DEVICE_ALL,5,1.0021354504313242e-05,0
2026-05-04,2026-05-04,2026-05-10,овсянников крем,Новосибирская область,11316,campaign,DEVICE_ALL,0,,0
2026-05-11,2026-05-11,2026-05-17,овсянников крем,Новосибирская область,11316,campaign,DEVICE_ALL,1,1.9007882797090547e-06,0
2026-05-18,2026-05-18,2026-05-24,овсянников крем,Новосибирская область,11316,campaign,DEVICE_ALL,7,1.287542225177193e-05,0
2026-05-25,2026-05-25,2026-05-31,овсянников крем,Новосибирская область,11316,campaign,DEVICE_ALL,2,3.9934428467145514e-06,0
2026-06-01,2026-06-01,2026-06-07,овсянников крем,Новосибирская область,11316,campaign,DEVICE_ALL,1,2.0729192891254965e-06,0
2026-06-08,2026-06-08,2026-06-14,овсянников крем,Новосибирская область,11316,campaign,DEVICE_ALL,2,4.070511351475711e-06,0
2026-06-15,2026-06-15,2026-06-21,овсянников крем,Новосибирская область,11316,campaign,DEVICE_ALL,1,2.054565605351354e-06,0
2026-06-22,2026-06-22,2026-06-28,овсянников крем,Новосибирская область,11316,campaign,DEVICE_ALL,0,,0
2026-06-29,2026-06-29,2026-07-05,овсянников крем,Новосибирская область,11316,campaign,DEVICE_ALL,0,,0
2026-07-06,2026-07-06,2026-07-12,овсянников крем,Новосибирская область,11316,campaign,DEVICE_ALL,0,,0
2026-07-13,2026-07-13,2026-07-19,овсянников крем,Новосибирская область,11316,campaign,DEVICE_ALL,2,3.77176385537179e-06,0
2026-07-20,2026-07-20,2026-07-26,овсянников крем,Новосибирская область,11316,campaign,DEVICE_ALL,6,1.065514490331122e-05,0
2026-07-27,2026-07-27,2026-08-02,овсянников крем,Новосибирская область,11316,campaign,DEVICE_ALL,4,7.446866976466262e-06,0
2026-08-03,2026-08-03,2026-08-09,овсянников крем,Новосибирская область,11316,campaign,DEVICE_ALL,0,,0
2026-08-10,2026-08-10,2026-08-16,овсянников крем,Новосибирская область,11316,campaign,DEVICE_ALL,1,1.9372339681345544e-06,0
2026-08-17,2026-08-17,2026-08-23,овсянников крем,Новосибирская область,11316,campaign,DEVICE_ALL,0,,0
2026-08-24,2026-08-24,2026-08-30,овсянников крем,Новосибирская область,11316,campaign,DEVICE_ALL,0,,0
2026-08-31,2026-08-31,2026-09-06,овсянников крем,Новосибирская область,11316,campaign,DEVICE_ALL,0,,0
2026-09-07,2026-09-07,2026-09-13,овсянников крем,Новосибирская область,11316,campaign,DEVICE_ALL,0,,0
2026-03-30,2026-03-30,2026-04-05,овсянников крем,Саратовская область,11146,campaign,DEVICE_ALL,0,,0
2026-04-06,2026-04-06,2026-04-12,овсянников крем,Саратовская область,11146,campaign,DEVICE_ALL,2,5.451359184659832e-06,0
2026-04-13,2026-04-13,2026-04-19,овсянников крем,Саратовская область,11146,campaign,DEVICE_ALL,0,,0
2026-04-20,2026-04-20,2026-04-26,овсянников крем,Саратовская область,11146,campaign,DEVICE_ALL,0,,0
2026-04-27,2026-04-27,2026-05-03,овсянников крем,Саратовская область,11146,campaign,DEVICE_ALL,1,2.847781304976418e-06,0
2026-05-04,2026-05-04,2026-05-10,овсянников крем,Саратовская область,11146,campaign,DEVICE_ALL,3,9.60082336661192e-06,0
2026-05-11,2026-05-11,2026-05-17,овсянников крем,Саратовская область,11146,campaign,DEVICE_ALL,0,,0
2026-05-18,2026-05-18,2026-05-24,овсянников крем,Саратовская область,11146,campaign,DEVICE_ALL,0,,0
2026-05-25,2026-05-25,2026-05-31,овсянников крем,Саратовская область,11146,campaign,DEVICE_ALL,3,8.999538683647076e-06,0
2026-06-01,2026-06-01,2026-06-07,овсянников крем,Саратовская область,11146,campaign,DEVICE_ALL,4,1.193686852846403e-05,0
2026-06-08,2026-06-08,2026-06-14,овсянников крем,Саратовская область,11146,campaign,DEVICE_ALL,6,1.840413963085774e-05,0
2026-06-15,2026-06-15,2026-06-21,овсянников крем,Саратовская область,11146,campaign,DEVICE_ALL,4,1.1715922847133274e-05,0
2026-06-22,2026-06-22,2026-06-28,овсянников крем,Саратовская область,11146,campaign,DEVICE_ALL,1,2.932923224634115e-06,0
2026-06-29,2026-06-29,2026-07-05,овсянников крем,Саратовская область,11146,campaign,DEVICE_ALL,2,6.284999788981132e-06,0
2026-07-06,2026-07-06,2026-07-12,овсянников крем,Саратовская область,11146,campaign,DEVICE_ALL,0,,0
2026-07-13,2026-07-13,2026-07-19,овсянников крем,Саратовская область,11146,campaign,DEVICE_ALL,4,1.1057633324787625e-05,0
2026-07-20,2026-07-20,2026-07-26,овсянников крем,Саратовская область,11146,campaign,DEVICE_ALL,1,2.7391183183522737e-06,0
2026-07-27,2026-07-27,2026-08-02,овсянников крем,Саратовская область,11146,campaign,DEVICE_ALL,2,5.520315852599948e-06,0
2026-08-03,2026-08-03,2026-08-09,овсянников крем,Саратовская область,11146,campaign,DEVICE_ALL,1,2.884817321827913e-06,0
2026-08-10,2026-08-10,2026-08-16,овсянников крем,Саратовская область,11146,campaign,DEVICE_ALL,2,5.682343798619554e-06,0
2026-08-17,2026-08-17,2026-08-23,овсянников крем,Саратовская область,11146,campaign,DEVICE_ALL,5,1.4357160850767449e-05,0
2026-08-24,2026-08-24,2026-08-30,овсянников крем,Саратовская область,11146,campaign,DEVICE_ALL,0,,0
2026-08-31,2026-08-31,2026-09-06,овсянников крем,Саратовская область,11146,campaign,DEVICE_ALL,2,5.469466158225092e-06,0
2026-09-07,2026-09-07,2026-09-13,овсянников крем,Саратовская область,11146,campaign,DEVICE_ALL,6,1.4867115491668148e-05,0
2026-03-30,2026-03-30,2026-04-05,овсянников крем,Томская область,11353,campaign,DEVICE_ALL,0,,0
2026-04-06,2026-04-06,2026-04-12,овсянников крем,Томская область,11353,campaign,DEVICE_ALL,0,,0
2026-04-13,2026-04-13,2026-04-19,овсянников крем,Томская область,11353,campaign,DEVICE_ALL,0,,0
2026-04-20,2026-04-20,2026-04-26,овсянников крем,Томская область,11353,campaign,DEVICE_ALL,0,,0
2026-04-27,2026-04-27,2026-05-03,овсянников крем,Томская область,11353,campaign,DEVICE_ALL,0,,0
2026-05-04,2026-05-04,2026-05-10,овсянников крем,Томская область,11353,campaign,DEVICE_ALL,0,,0
2026-05-11,2026-05-11,2026-05-17,овсянников крем,Томская область,11353,campaign,DEVICE_ALL,0,,0
2026-05-18,2026-05-18,2026-05-24,овсянников крем,Томская область,11353,campaign,DEVICE_ALL,0,,0
2026-05-25,2026-05-25,2026-05-31,овсянников крем,Томская область,11353,campaign,DEVICE_ALL,0,,0
2026-06-01,2026-06-01,2026-06-07,овсянников крем,Томская область,11353,campaign,DEVICE_ALL,0,,0
2026-06-08,2026-06-08,2026-06-14,овсянников крем,Томская область,11353,campaign,DEVICE_ALL,0,,0
2026-06-15,2026-06-15,2026-06-21,овсянников крем,Томская область,11353,campaign,DEVICE_ALL,2,1.5312586157223052e-05,0
2026-06-22,2026-06-22,2026-06-28,овсянников крем,Томская область,11353,campaign,DEVICE_ALL,0,,0
2026-06-29,2026-06-29,2026-07-05,овсянников крем,Томская область,11353,campaign,DEVICE_ALL,0,,0
2026-07-06,2026-07-06,2026-07-12,овсянников крем,Томская область,11353,campaign,DEVICE_ALL,0,,0
2026-07-13,2026-07-13,2026-07-19,овсянников крем,Томская область,11353,campaign,DEVICE_ALL,0,,0
2026-07-20,2026-07-20,2026-07-26,овсянников крем,Томская область,11353,campaign,DEVICE_ALL,0,,0
2026-07-27,2026-07-27,2026-08-02,овсянников крем,Томская область,11353,campaign,DEVICE_ALL,0,,0
2026-08-03,2026-08-03,2026-08-09,овсянников крем,Томская область,11353,campaign,DEVICE_ALL,0,,0
2026-08-10,2026-08-10,2026-08-16,овсянников крем,Томская область,11353,campaign,DEVICE_ALL,0,,0
2026-08-17,2026-08-17,2026-08-23,овсянников крем,Томская область,11353,campaign,DEVICE_ALL,0,,0
2026-08-24,2026-08-24,2026-08-30,овсянников крем,Томская область,11353,campaign,DEVICE_ALL,0,,0
2026-08-31,2026-08-31,2026-09-06,овсянников крем,Томская область,11353,campaign,DEVICE_ALL,0,,0
2026-09-07,2026-09-07,2026-09-13,овсянников крем,Томская область,11353,campaign,DEVICE_ALL,0,,0
2026-03-30,2026-03-30,2026-04-05,овсянников крем,Вологодская область,10853,campaign,DEVICE_ALL,0,,0
2026-04-06,2026-04-06,2026-04-12,овсянников крем,Вологодская область,10853,campaign,DEVICE_ALL,0,,0
2026-04-13,2026-04-13,2026-04-19,овсянников крем,Вологодская область,10853,campaign,DEVICE_ALL,0,,0
2026-04-20,2026-04-20,2026-04-26,овсянников крем,Вологодская область,10853,campaign,DEVICE_ALL,0,,0
2026-04-27,2026-04-27,2026-05-03,овсянников крем,Вологодская область,10853,campaign,DEVICE_ALL,0,,0
2026-05-04,2026-05-04,2026-05-10,овсянников крем,Вологодская область,10853,campaign,DEVICE_ALL,0,,0
2026-05-11,2026-05-11,2026-05-17,овсянников крем,Вологодская область,10853,campaign,DEVICE_ALL,0,,0
2026-05-18,2026-05-18,2026-05-24,овсянников крем,Вологодская область,10853,campaign,DEVICE_ALL,0,,0
2026-05-25,2026-05-25,2026-05-31,овсянников крем,Вологодская область,10853,campaign,DEVICE_ALL,0,,0
2026-06-01,2026-06-01,2026-06-07,овсянников крем,Вологодская область,10853,campaign,DEVICE_ALL,0,,0
2026-06-08,2026-06-08,2026-06-14,овсянников крем,Вологодская область,10853,campaign,DEVICE_ALL,0,,0
2026-06-15,2026-06-15,2026-06-21,овсянников крем,Вологодская область,10853,campaign,DEVICE_ALL,0,,0
2026-06-22,2026-06-22,2026-06-28,овсянников крем,Вологодская область,10853,campaign,DEVICE_ALL,0,,0
2026-06-29,2026-06-29,2026-07-05,овсянников крем,Вологодская область,10853,campaign,DEVICE_ALL,0,,0
2026-07-06,2026-07-06,2026-07-12,овсянников крем,Вологодская область,10853,campaign,DEVICE_ALL,0,,0
2026-07-13,2026-07-13,2026-07-19,овсянников крем,Вологодская область,10853,campaign,DEVICE_ALL,0,,0
2026-07-20,2026-07-20,2026-07-26,овсянников крем,Вологодская область,10853,campaign,DEVICE_ALL,0,,0
2026-07-27,2026-07-27,2026-08-02,овсянников крем,Вологодская область,10853,campaign,DEVICE_ALL,0,,0
2026-08-03,2026-08-03,2026-08-09,овсянников крем,Вологодская область,10853,campaign,DEVICE_ALL,0,,0
2026-08-10,2026-08-10,2026-08-16,овсянников крем,Вологодская область,10853,campaign,DEVICE_ALL,0,,0
2026-08-17,2026-08-17,2026-08-23,овсянников крем,Вологодская область,10853,campaign,DEVICE_ALL,0,,0
2026-08-24,2026-08-24,2026-08-30,овсянников крем,Вологодская область,10853,campaign,DEVICE_ALL,0,,0
2026-08-31,2026-08-31,2026-09-06,овсянников крем,Вологодская область,10853,campaign,DEVICE_ALL,0,,0
2026-09-07,2026-09-07,2026-09-13,овсянников крем,Вологодская область,10853,campaign,DEVICE_ALL,0,,0
2026-03-30,2026-03-30,2026-04-05,овсянников крем,Алтайский край,11235,campaign,DEVICE_ALL,0,,0
2026-04-06,2026-04-06,2026-04-12,овсянников крем,Алтайский край,11235,campaign,DEVICE_ALL,3,9.37191693220171e-06,0
2026-04-13,2026-04-13,2026-04-19,овсянников крем,Алтайский край,11235,campaign,DEVICE_ALL,0,,0
2026-04-20,2026-04-20,2026-04-26,овсянников крем,Алтайский край,11235,campaign,DEVICE_ALL,0,,0
2026-04-27,2026-04-27,2026-05-03,овсянников крем,Алтайский край,11235,campaign,DEVICE_ALL,0,,0
2026-05-04,2026-05-04,2026-05-10,овсянников крем,Алтайский край,11235,campaign,DEVICE_ALL,0,,0
2026-05-11,2026-05-11,2026-05-17,овсянников крем,Алтайский край,11235,campaign,DEVICE_ALL,0,,0
2026-05-18,2026-05-18,2026-05-24,овсянников крем,Алтайский край,11235,campaign,DEVICE_ALL,0,,0
2026-05-25,2026-05-25,2026-05-31,овсянников крем,Алтайский край,11235,campaign,DEVICE_ALL,1,3.610353729100068e-06,0
2026-06-01,2026-06-01,2026-06-07,овсянников крем,Алтайский край,11235,campaign,DEVICE_ALL,0,,0
2026-06-08,2026-06-08,2026-06-14,овсянников крем,Алтайский край,11235,campaign,DEVICE_ALL,0,,0
2026-06-15,2026-06-15,2026-06-21,овсянников крем,Алтайский край,11235,campaign,DEVICE_ALL,0,,0
2026-06-22,2026-06-22,2026-06-28,овсянников крем,Алтайский край,11235,campaign,DEVICE_ALL,0,,0
2026-06-29,2026-06-29,2026-07-05,овсянников крем,Алтайский край,11235,campaign,DEVICE_ALL,0,,0
2026-07-06,2026-07-06,2026-07-12,овсянников крем,Алтайский край,11235,campaign,DEVICE_ALL,0,,0
2026-07-13,2026-07-13,2026-07-19,овсянников крем,Алтайский край,11235,campaign,DEVICE_ALL,1,3.3484172835120984e-06,0
2026-07-20,2026-07-20,2026-07-26,овсянников крем,Алтайский край,11235,campaign,DEVICE_ALL,0,,0
2026-07-27,2026-07-27,2026-08-02,овсянников крем,Алтайский край,11235,campaign,DEVICE_ALL,9,2.9659182380705663e-05,0
2026-08-03,2026-08-03,2026-08-09,овсянников крем,Алтайский край,11235,campaign,DEVICE_ALL,0,,0
2026-08-10,2026-08-10,2026-08-16,овсянников крем,Алтайский край,11235,campaign,DEVICE_ALL,0,,0
2026-08-17,2026-08-17,2026-08-23,овсянников крем,Алтайский край,11235,campaign,DEVICE_ALL,0,,0
2026-08-24,2026-08-24,2026-08-30,овсянников крем,Алтайский край,11235,campaign,DEVICE_ALL,0,,0
2026-08-31,2026-08-31,2026-09-06,овсянников крем,Алтайский край,11235,campaign,DEVICE_ALL,0,,0
2026-09-07,2026-09-07,2026-09-13,овсянников крем,Алтайский край,11235,campaign,DEVICE_ALL,0,,0
2026-03-30,2026-03-30,2026-04-05,овсянников крем,Ивановская область,10687,campaign,DEVICE_ALL,0,,0
2026-04-06,2026-04-06,2026-04-12,овсянников крем,Ивановская область,10687,campaign,DEVICE_ALL,3,1.8624050204479656e-05,0
2026-04-13,2026-04-13,2026-04-19,овсянников крем,Ивановская область,10687,campaign,DEVICE_ALL,6,3.685481952931973e-05,0
2026-04-20,2026-04-20,2026-04-26,овсянников крем,Ивановская область,10687,campaign,DEVICE_ALL,1,6.077043542624687e-06,0
2026-04-27,2026-04-27,2026-05-03,овсянников крем,Ивановская область,10687,campaign,DEVICE_ALL,2,1.296263313596428e-05,0
2026-05-04,2026-05-04,2026-05-10,овсянников крем,Ивановская область,10687,campaign,DEVICE_ALL,5,3.6057444412761966e-05,0
2026-05-11,2026-05-11,2026-05-17,овсянников крем,Ивановская область,10687,campaign,DEVICE_ALL,0,,0
2026-05-18,2026-05-18,2026-05-24,овсянников крем,Ивановская область,10687,campaign,DEVICE_ALL,1,7.064946926705697e-06,0
2026-05-25,2026-05-25,2026-05-31,овсянников крем,Ивановская область,10687,campaign,DEVICE_ALL,0,,0
2026-06-01,2026-06-01,2026-06-07,овсянников крем,Ивановская область,10687,campaign,DEVICE_ALL,0,,0
2026-06-08,2026-06-08,2026-06-14,овсянников крем,Ивановская область,10687,campaign,DEVICE_ALL,0,,0
2026-06-15,2026-06-15,2026-06-21,овсянников крем,Ивановская область,10687,campaign,DEVICE_ALL,1,6.5932586435807665e-06,0
2026-06-22,2026-06-22,2026-06-28,овсянников крем,Ивановская область,10687,campaign,DEVICE_ALL,3,2.0429472455861614e-05,0
2026-06-29,2026-06-29,2026-07-05,овсянников крем,Ивановская область,10687,campaign,DEVICE_ALL,1,6.928128701352758e-06,0
2026-07-06,2026-07-06,2026-07-12,овсянников крем,Ивановская область,10687,campaign,DEVICE_ALL,0,,0
2026-07-13,2026-07-13,2026-07-19,овсянников крем,Ивановская область,10687,campaign,DEVICE_ALL,0,,0
2026-07-20,2026-07-20,2026-07-26,овсянников крем,Ивановская область,10687,campaign,DEVICE_ALL,2,1.174745164000005e-05,0
2026-07-27,2026-07-27,2026-08-02,овсянников крем,Ивановская область,10687,campaign,DEVICE_ALL,0,,0
2026-08-03,2026-08-03,2026-08-09,овсянников крем,Ивановская область,10687,campaign,DEVICE_ALL,0,,0
2026-08-10,2026-08-10,2026-08-16,овсянников крем,Ивановская область,10687,campaign,DEVICE_ALL,2,1.2261406065705319e-05,0
2026-08-17,2026-08-17,2026-08-23,овсянников крем,Ивановская область,10687,campaign,DEVICE_ALL,2,1.2777176895542107e-05,0
2026-08-24,2026-08-24,2026-08-30,овсянников крем,Ивановская область,10687,campaign,DEVICE_ALL,3,1.924356990544287e-05,0
2026-08-31,2026-08-31,2026-09-06,овсянников крем,Ивановская область,10687,campaign,DEVICE_ALL,0,,0
2026-09-07,2026-09-07,2026-09-13,овсянников крем,Ивановская область,10687,campaign,DEVICE_ALL,0,,0
2026-03-30,2026-03-30,2026-04-05,овсянников крем,Омская область,11318,campaign,DEVICE_ALL,0,,0
2026-04-06,2026-04-06,2026-04-12,овсянников крем,Омская область,11318,campaign,DEVICE_ALL,0,,0
2026-04-13,2026-04-13,2026-04-19,овсянников крем,Омская область,11318,campaign,DEVICE_ALL,0,,0
2026-04-20,2026-04-20,2026-04-26,овсянников крем,Омская область,11318,campaign,DEVICE_ALL,0,,0
2026-04-27,2026-04-27,2026-05-03,овсянников крем,Омская область,11318,campaign,DEVICE_ALL,0,,0
2026-05-04,2026-05-04,2026-05-10,овсянников крем,Омская область,11318,campaign,DEVICE_ALL,0,,0
2026-05-11,2026-05-11,2026-05-17,овсянников крем,Омская область,11318,campaign,DEVICE_ALL,0,,0
2026-05-18,2026-05-18,2026-05-24,овсянников крем,Омская область,11318,campaign,DEVICE_ALL,2,7.787865703084427e-06,0
2026-05-25,2026-05-25,2026-05-31,овсянников крем,Омская область,11318,campaign,DEVICE_ALL,0,,0
2026-06-01,2026-06-01,2026-06-07,овсянников крем,Омская область,11318,campaign,DEVICE_ALL,4,1.630696824067096e-05,0
2026-06-08,2026-06-08,2026-06-14,овсянников крем,Омская область,11318,campaign,DEVICE_ALL,0,,0
2026-06-15,2026-06-15,2026-06-21,овсянников крем,Омская область,11318,campaign,DEVICE_ALL,0,,0
2026-06-22,2026-06-22,2026-06-28,овсянников крем,Омская область,11318,campaign,DEVICE_ALL,0,,0
2026-06-29,2026-06-29,2026-07-05,овсянников крем,Омская область,11318,campaign,DEVICE_ALL,0,,0
2026-07-06,2026-07-06,2026-07-12,овсянников крем,Омская область,11318,campaign,DEVICE_ALL,0,,0
2026-07-13,2026-07-13,2026-07-19,овсянников крем,Омская область,11318,campaign,DEVICE_ALL,0,,0
2026-07-20,2026-07-20,2026-07-26,овсянников крем,Омская область,11318,campaign,DEVICE_ALL,3,1.113977995369862e-05,0
2026-07-27,2026-07-27,2026-08-02,овсянников крем,Омская область,11318,campaign,DEVICE_ALL,0,,0
2026-08-03,2026-08-03,2026-08-09,овсянников крем,Омская область,11318,campaign,DEVICE_ALL,0,,0
2026-08-10,2026-08-10,2026-08-16,овсянников крем,Омская область,11318,campaign,DEVICE_ALL,6,2.286152356051464e-05,0
2026-08-17,2026-08-17,2026-08-23,овсянников крем,Омская область,11318,campaign,DEVICE_ALL,4,1.5593722403984385e-05,0
2026-08-24,2026-08-24,2026-08-30,овсянников крем,Омская область,11318,campaign,DEVICE_ALL,0,,0
2026-08-31,2026-08-31,2026-09-06,овсянников крем,Омская область,11318,campaign,DEVICE_ALL,0,,0
2026-09-07,2026-09-07,2026-09-13,овсянников крем,Омская область,11318,campaign,DEVICE_ALL,0,,0
2026-03-30,2026-03-30,2026-04-05,овсянников крем,Астраханская область,10946,control,DEVICE_ALL,1,9.25583203034358e-06,0
2026-04-06,2026-04-06,2026-04-12,овсянников крем,Астраханская область,10946,control,DEVICE_ALL,0,,0
2026-04-13,2026-04-13,2026-04-19,овсянников крем,Астраханская область,10946,control,DEVICE_ALL,0,,0
2026-04-20,2026-04-20,2026-04-26,овсянников крем,Астраханская область,10946,control,DEVICE_ALL,0,,0
2026-04-27,2026-04-27,2026-05-03,овсянников крем,Астраханская область,10946,control,DEVICE_ALL,0,,0
2026-05-04,2026-05-04,2026-05-10,овсянников крем,Астраханская область,10946,control,DEVICE_ALL,0,,0
2026-05-11,2026-05-11,2026-05-17,овсянников крем,Астраханская область,10946,control,DEVICE_ALL,0,,0
2026-05-18,2026-05-18,2026-05-24,овсянников крем,Астраханская область,10946,control,DEVICE_ALL,0,,0
2026-05-25,2026-05-25,2026-05-31,овсянников крем,Астраханская область,10946,control,DEVICE_ALL,0,,0
2026-06-01,2026-06-01,2026-06-07,овсянников крем,Астраханская область,10946,control,DEVICE_ALL,0,,0
2026-06-08,2026-06-08,2026-06-14,овсянников крем,Астраханская область,10946,control,DEVICE_ALL,0,,0
2026-06-15,2026-06-15,2026-06-21,овсянников крем,Астраханская область,10946,control,DEVICE_ALL,1,9.224771426307406e-06,0
2026-06-22,2026-06-22,2026-06-28,овсянников крем,Астраханская область,10946,control,DEVICE_ALL,0,,0
2026-06-29,2026-06-29,2026-07-05,овсянников крем,Астраханская область,10946,control,DEVICE_ALL,0,,0
2026-07-06,2026-07-06,2026-07-12,овсянников крем,Астраханская область,10946,control,DEVICE_ALL,0,,0
2026-07-13,2026-07-13,2026-07-19,овсянников крем,Астраханская область,10946,control,DEVICE_ALL,0,,0
2026-07-20,2026-07-20,2026-07-26,овсянников крем,Астраханская область,10946,control,DEVICE_ALL,0,,0
2026-07-27,2026-07-27,2026-08-02,овсянников крем,Астраханская область,10946,control,DEVICE_ALL,0,,0
2026-08-03,2026-08-03,2026-08-09,овсянников крем,Астраханская область,10946,control,DEVICE_ALL,0,,0
2026-08-10,2026-08-10,2026-08-16,овсянников крем,Астраханская область,10946,control,DEVICE_ALL,0,,0
2026-08-17,2026-08-17,2026-08-23,овсянников крем,Астраханская область,10946,control,DEVICE_ALL,0,,0
2026-08-24,2026-08-24,2026-08-30,овсянников крем,Астраханская область,10946,control,DEVICE_ALL,0,,0
2026-08-31,2026-08-31,2026-09-06,овсянников крем,Астраханская область,10946,control,DEVICE_ALL,0,,0
2026-09-07,2026-09-07,2026-09-13,овсянников крем,Астраханская область,10946,control,DEVICE_ALL,0,,0
2026-03-30,2026-03-30,2026-04-05,овсянников крем,Кемеровская область,11282,control,DEVICE_ALL,0,,0
2026-04-06,2026-04-06,2026-04-12,овсянников крем,Кемеровская область,11282,control,DEVICE_ALL,0,,0
2026-04-13,2026-04-13,2026-04-19,овсянников крем,Кемеровская область,11282,control,DEVICE_ALL,0,,0
2026-04-20,2026-04-20,2026-04-26,овсянников крем,Кемеровская область,11282,control,DEVICE_ALL,0,,0
2026-04-27,2026-04-27,2026-05-03,овсянников крем,Кемеровская область,11282,control,DEVICE_ALL,1,3.0867568193094664e-06,0
2026-05-04,2026-05-04,2026-05-10,овсянников крем,Кемеровская область,11282,control,DEVICE_ALL,0,,0
2026-05-11,2026-05-11,2026-05-17,овсянников крем,Кемеровская область,11282,control,DEVICE_ALL,2,6.004708952807881e-06,0
2026-05-18,2026-05-18,2026-05-24,овсянников крем,Кемеровская область,11282,control,DEVICE_ALL,0,,0
2026-05-25,2026-05-25,2026-05-31,овсянников крем,Кемеровская область,11282,control,DEVICE_ALL,0,,0
2026-06-01,2026-06-01,2026-06-07,овсянников крем,Кемеровская область,11282,control,DEVICE_ALL,0,,0
2026-06-08,2026-06-08,2026-06-14,овсянников крем,Кемеровская область,11282,control,DEVICE_ALL,0,,0
2026-06-15,2026-06-15,2026-06-21,овсянников крем,Кемеровская область,11282,control,DEVICE_ALL,0,,0
2026-06-22,2026-06-22,2026-06-28,овсянников крем,Кемеровская область,11282,control,DEVICE_ALL,0,,0
2026-06-29,2026-06-29,2026-07-05,овсянников крем,Кемеровская область,11282,control,DEVICE_ALL,2,6.512524545297978e-06,0
2026-07-06,2026-07-06,2026-07-12,овсянников крем,Кемеровская область,11282,control,DEVICE_ALL,0,,0
2026-07-13,2026-07-13,2026-07-19,овсянников крем,Кемеровская область,11282,control,DEVICE_ALL,0,,0
2026-07-20,2026-07-20,2026-07-26,овсянников крем,Кемеровская область,11282,control,DEVICE_ALL,2,5.731562280588632e-06,0
2026-07-27,2026-07-27,2026-08-02,овсянников крем,Кемеровская область,11282,control,DEVICE_ALL,0,,0
2026-08-03,2026-08-03,2026-08-09,овсянников крем,Кемеровская область,11282,control,DEVICE_ALL,0,,0
2026-08-10,2026-08-10,2026-08-16,овсянников крем,Кемеровская область,11282,control,DEVICE_ALL,0,,0
2026-08-17,2026-08-17,2026-08-23,овсянников крем,Кемеровская область,11282,control,DEVICE_ALL,2,5.931486760669462e-06,0
2026-08-24,2026-08-24,2026-08-30,овсянников крем,Кемеровская область,11282,control,DEVICE_ALL,0,,0
2026-08-31,2026-08-31,2026-09-06,овсянников крем,Кемеровская область,11282,control,DEVICE_ALL,0,,0
2026-09-07,2026-09-07,2026-09-13,овсянников крем,Кемеровская область,11282,control,DEVICE_ALL,0,,0
2026-03-30,2026-03-30,2026-04-05,овсянников крем,Кировская область,11070,control,DEVICE_ALL,1,5.109941150340754e-06,0
2026-04-06,2026-04-06,2026-04-12,овсянников крем,Кировская область,11070,control,DEVICE_ALL,0,,0
2026-04-13,2026-04-13,2026-04-19,овсянников крем,Кировская область,11070,control,DEVICE_ALL,0,,0
2026-04-20,2026-04-20,2026-04-26,овсянников крем,Кировская область,11070,control,DEVICE_ALL,2,1.0091772052098775e-05,0
2026-04-27,2026-04-27,2026-05-03,овсянников крем,Кировская область,11070,control,DEVICE_ALL,0,,0
2026-05-04,2026-05-04,2026-05-10,овсянников крем,Кировская область,11070,control,DEVICE_ALL,0,,0
2026-05-11,2026-05-11,2026-05-17,овсянников крем,Кировская область,11070,control,DEVICE_ALL,3,1.778091354066353e-05,0
2026-05-18,2026-05-18,2026-05-24,овсянников крем,Кировская область,11070,control,DEVICE_ALL,3,1.7552556889738405e-05,0
2026-05-25,2026-05-25,2026-05-31,овсянников крем,Кировская область,11070,control,DEVICE_ALL,2,1.1355411432673652e-05,0
2026-06-01,2026-06-01,2026-06-07,овсянников крем,Кировская область,11070,control,DEVICE_ALL,3,1.702907663748621e-05,0
2026-06-08,2026-06-08,2026-06-14,овсянников крем,Кировская область,11070,control,DEVICE_ALL,0,,0
2026-06-15,2026-06-15,2026-06-21,овсянников крем,Кировская область,11070,control,DEVICE_ALL,8,4.38323043973828e-05,0
2026-06-22,2026-06-22,2026-06-28,овсянников крем,Кировская область,11070,control,DEVICE_ALL,0,,0
2026-06-29,2026-06-29,2026-07-05,овсянников крем,Кировская область,11070,control,DEVICE_ALL,19,0.00011385378214174664,0
2026-07-06,2026-07-06,2026-07-12,овсянников крем,Кировская область,11070,control,DEVICE_ALL,0,,0
2026-07-13,2026-07-13,2026-07-19,овсянников крем,Кировская область,11070,control,DEVICE_ALL,6,3.1629813102070196e-05,0
2026-07-20,2026-07-20,2026-07-26,овсянников крем,Кировская область,11070,control,DEVICE_ALL,3,1.5663607529308178e-05,0
2026-07-27,2026-07-27,2026-08-02,овсянников крем,Кировская область,11070,control,DEVICE_ALL,2,1.0813459816210111e-05,0
2026-08-03,2026-08-03,2026-08-09,овсянников крем,Кировская область,11070,control,DEVICE_ALL,3,1.654836516218308e-05,0
2026-08-10,2026-08-10,2026-08-16,овсянников крем,Кировская область,11070,control,DEVICE_ALL,9,4.7397518139556834e-05,0
2026-08-17,2026-08-17,2026-08-23,овсянников крем,Кировская область,11070,control,DEVICE_ALL,0,,0
2026-08-24,2026-08-24,2026-08-30,овсянников крем,Кировская область,11070,control,DEVICE_ALL,0,,0
2026-08-31,2026-08-31,2026-09-06,овсянников крем,Кировская область,11070,control,DEVICE_ALL,2,1.0581456315251212e-05,0
2026-09-07,2026-09-07,2026-09-13,овсянников крем,Кировская область,11070,control,DEVICE_ALL,0,,0
2026-03-30,2026-03-30,2026-04-05,овсянников крем,Курганская область,11158,control,DEVICE_ALL,0,,0
2026-04-06,2026-04-06,2026-04-12,овсянников крем,Курганская область,11158,control,DEVICE_ALL,0,,0
2026-04-13,2026-04-13,2026-04-19,овсянников крем,Курганская область,11158,control,DEVICE_ALL,0,,0
2026-04-20,2026-04-20,2026-04-26,овсянников крем,Курганская область,11158,control,DEVICE_ALL,0,,0
2026-04-27,2026-04-27,2026-05-03,овсянников крем,Курганская область,11158,control,DEVICE_ALL,0,,0
2026-05-04,2026-05-04,2026-05-10,овсянников крем,Курганская область,11158,control,DEVICE_ALL,0,,0
2026-05-11,2026-05-11,2026-05-17,овсянников крем,Курганская область,11158,control,DEVICE_ALL,0,,0
2026-05-18,2026-05-18,2026-05-24,овсянников крем,Курганская область,11158,control,DEVICE_ALL,0,,0
2026-05-25,2026-05-25,2026-05-31,овсянников крем,Курганская область,11158,control,DEVICE_ALL,0,,0
2026-06-01,2026-06-01,2026-06-07,овсянников крем,Курганская область,11158,control,DEVICE_ALL,0,,0
2026-06-08,2026-06-08,2026-06-14,овсянников крем,Курганская область,11158,control,DEVICE_ALL,0,,0
2026-06-15,2026-06-15,2026-06-21,овсянников крем,Курганская область,11158,control,DEVICE_ALL,0,,0
2026-06-22,2026-06-22,2026-06-28,овсянников крем,Курганская область,11158,control,DEVICE_ALL,0,,0
2026-06-29,2026-06-29,2026-07-05,овсянников крем,Курганская область,11158,control,DEVICE_ALL,0,,0
2026-07-06,2026-07-06,2026-07-12,овсянников крем,Курганская область,11158,control,DEVICE_ALL,0,,0
2026-07-13,2026-07-13,2026-07-19,овсянников крем,Курганская область,11158,control,DEVICE_ALL,0,,0
2026-07-20,2026-07-20,2026-07-26,овсянников крем,Курганская область,11158,control,DEVICE_ALL,1,9.682951131113937e-06,0
2026-07-27,2026-07-27,2026-08-02,овсянников крем,Курганская область,11158,control,DEVICE_ALL,0,,0
2026-08-03,2026-08-03,2026-08-09,овсянников крем,Курганская область,11158,control,DEVICE_ALL,0,,0
2026-08-10,2026-08-10,2026-08-16,овсянников крем,Курганская область,11158,control,DEVICE_ALL,0,,0
2026-08-17,2026-08-17,2026-08-23,овсянников крем,Курганская область,11158,control,DEVICE_ALL,0,,0
2026-08-24,2026-08-24,2026-08-30,овсянников крем,Курганская область,11158,control,DEVICE_ALL,0,,0
2026-08-31,2026-08-31,2026-09-06,овсянников крем,Курганская область,11158,control,DEVICE_ALL,0,,0
2026-09-07,2026-09-07,2026-09-13,овсянников крем,Курганская область,11158,control,DEVICE_ALL,0,,0
2026-03-30,2026-03-30,2026-04-05,овсянников крем,Пензенская область,11095,control,DEVICE_ALL,5,2.6176131545740878e-05,0
2026-04-06,2026-04-06,2026-04-12,овсянников крем,Пензенская область,11095,control,DEVICE_ALL,1,5.059620032654788e-06,0
2026-04-13,2026-04-13,2026-04-19,овсянников крем,Пензенская область,11095,control,DEVICE_ALL,0,,0
2026-04-20,2026-04-20,2026-04-26,овсянников крем,Пензенская область,11095,control,DEVICE_ALL,0,,0
2026-04-27,2026-04-27,2026-05-03,овсянников крем,Пензенская область,11095,control,DEVICE_ALL,0,,0
2026-05-04,2026-05-04,2026-05-10,овсянников крем,Пензенская область,11095,control,DEVICE_ALL,0,,0
2026-05-11,2026-05-11,2026-05-17,овсянников крем,Пензенская область,11095,control,DEVICE_ALL,3,1.616554204786811e-05,0
2026-05-18,2026-05-18,2026-05-24,овсянников крем,Пензенская область,11095,control,DEVICE_ALL,0,,0
2026-05-25,2026-05-25,2026-05-31,овсянников крем,Пензенская область,11095,control,DEVICE_ALL,0,,0
2026-06-01,2026-06-01,2026-06-07,овсянников крем,Пензенская область,11095,control,DEVICE_ALL,0,,0
2026-06-08,2026-06-08,2026-06-14,овсянников крем,Пензенская область,11095,control,DEVICE_ALL,0,,0
2026-06-15,2026-06-15,2026-06-21,овсянников крем,Пензенская область,11095,control,DEVICE_ALL,0,,0
2026-06-22,2026-06-22,2026-06-28,овсянников крем,Пензенская область,11095,control,DEVICE_ALL,0,,0
2026-06-29,2026-06-29,2026-07-05,овсянников крем,Пензенская область,11095,control,DEVICE_ALL,0,,0
2026-07-06,2026-07-06,2026-07-12,овсянников крем,Пензенская область,11095,control,DEVICE_ALL,4,2.1861688964131964e-05,0
2026-07-13,2026-07-13,2026-07-19,овсянников крем,Пензенская область,11095,control,DEVICE_ALL,0,,0
2026-07-20,2026-07-20,2026-07-26,овсянников крем,Пензенская область,11095,control,DEVICE_ALL,0,,0
2026-07-27,2026-07-27,2026-08-02,овсянников крем,Пензенская область,11095,control,DEVICE_ALL,0,,0
2026-08-03,2026-08-03,2026-08-09,овсянников крем,Пензенская область,11095,control,DEVICE_ALL,0,,0
2026-08-10,2026-08-10,2026-08-16,овсянников крем,Пензенская область,11095,control,DEVICE_ALL,0,,0
2026-08-17,2026-08-17,2026-08-23,овсянников крем,Пензенская область,11095,control,DEVICE_ALL,0,,0
2026-08-24,2026-08-24,2026-08-30,овсянников крем,Пензенская область,11095,control,DEVICE_ALL,0,,0
2026-08-31,2026-08-31,2026-09-06,овсянников крем,Пензенская область,11095,control,DEVICE_ALL,0,,0
2026-09-07,2026-09-07,2026-09-13,овсянников крем,Пензенская область,11095,control,DEVICE_ALL,0,,0
2026-03-30,2026-03-30,2026-04-05,овсянников крем,Ростовская область,11029,control,DEVICE_ALL,1,1.5073973717140018e-06,0
2026-04-06,2026-04-06,2026-04-12,овсянников крем,Ростовская область,11029,control,DEVICE_ALL,5,7.3290668489903965e-06,0
2026-04-13,2026-04-13,2026-04-19,овсянников крем,Ростовская область,11029,control,DEVICE_ALL,7,1.018928310998813e-05,0
2026-04-20,2026-04-20,2026-04-26,овсянников крем,Ростовская область,11029,control,DEVICE_ALL,7,1.0018199490545934e-05,0
2026-04-27,2026-04-27,2026-05-03,овсянников крем,Ростовская область,11029,control,DEVICE_ALL,4,6.125204696684457e-06,0
2026-05-04,2026-05-04,2026-05-10,овсянников крем,Ростовская область,11029,control,DEVICE_ALL,5,8.298163090404553e-06,0
2026-05-11,2026-05-11,2026-05-17,овсянников крем,Ростовская область,11029,control,DEVICE_ALL,6,9.05469210598511e-06,0
2026-05-18,2026-05-18,2026-05-24,овсянников крем,Ростовская область,11029,control,DEVICE_ALL,1,1.5441463488790831e-06,0
2026-05-25,2026-05-25,2026-05-31,овсянников крем,Ростовская область,11029,control,DEVICE_ALL,0,,0
2026-06-01,2026-06-01,2026-06-07,овсянников крем,Ростовская область,11029,control,DEVICE_ALL,7,1.0849812661709677e-05,0
2026-06-08,2026-06-08,2026-06-14,овсянников крем,Ростовская область,11029,control,DEVICE_ALL,2,3.110721545082949e-06,0
2026-06-15,2026-06-15,2026-06-21,овсянников крем,Ростовская область,11029,control,DEVICE_ALL,2,3.0736121818807547e-06,0
2026-06-22,2026-06-22,2026-06-28,овсянников крем,Ростовская область,11029,control,DEVICE_ALL,6,9.16335821073091e-06,0
2026-06-29,2026-06-29,2026-07-05,овсянников крем,Ростовская область,11029,control,DEVICE_ALL,0,,0
2026-07-06,2026-07-06,2026-07-12,овсянников крем,Ростовская область,11029,control,DEVICE_ALL,6,9.218262459541814e-06,0
2026-07-13,2026-07-13,2026-07-19,овсянников крем,Ростовская область,11029,control,DEVICE_ALL,5,7.174103849687258e-06,0
2026-07-20,2026-07-20,2026-07-26,овсянников крем,Ростовская область,11029,control,DEVICE_ALL,12,1.647876570968798e-05,0
2026-07-27,2026-07-27,2026-08-02,овсянников крем,Ростовская область,11029,control,DEVICE_ALL,2,2.8828540023995435e-06,0
2026-08-03,2026-08-03,2026-08-09,овсянников крем,Ростовская область,11029,control,DEVICE_ALL,0,,0
2026-08-10,2026-08-10,2026-08-16,овсянников крем,Ростовская область,11029,control,DEVICE_ALL,6,8.548538272617957e-06,0
2026-08-17,2026-08-17,2026-08-23,овсянников крем,Ростовская область,11029,control,DEVICE_ALL,0,,0
2026-08-24,2026-08-24,2026-08-30,овсянников крем,Ростовская область,11029,control,DEVICE_ALL,9,1.3065586369144103e-05,0
2026-08-31,2026-08-31,2026-09-06,овсянников крем,Ростовская область,11029,control,DEVICE_ALL,1,1.4012970433459151e-06,0
2026-09-07,2026-09-07,2026-09-13,овсянников крем,Ростовская область,11029,control,DEVICE_ALL,3,3.989254490913216e-06,0
2026-03-30,2026-03-30,2026-04-05,овсянников крем,Тульская область,10832,control,DEVICE_ALL,0,,0
2026-04-06,2026-04-06,2026-04-12,овсянников крем,Тульская область,10832,control,DEVICE_ALL,0,,0
2026-04-13,2026-04-13,2026-04-19,овсянников крем,Тульская область,10832,control,DEVICE_ALL,0,,0
2026-04-20,2026-04-20,2026-04-26,овсянников крем,Тульская область,10832,control,DEVICE_ALL,1,3.7815781629894977e-06,0
2026-04-27,2026-04-27,2026-05-03,овсянников крем,Тульская область,10832,control,DEVICE_ALL,0,,0
2026-05-04,2026-05-04,2026-05-10,овсянников крем,Тульская область,10832,control,DEVICE_ALL,2,8.978561171206616e-06,0
2026-05-11,2026-05-11,2026-05-17,овсянников крем,Тульская область,10832,control,DEVICE_ALL,0,,0
2026-05-18,2026-05-18,2026-05-24,овсянников крем,Тульская область,10832,control,DEVICE_ALL,0,,0
2026-05-25,2026-05-25,2026-05-31,овсянников крем,Тульская область,10832,control,DEVICE_ALL,0,,0
2026-06-01,2026-06-01,2026-06-07,овсянников крем,Тульская область,10832,control,DEVICE_ALL,6,2.524306229142131e-05,0
2026-06-08,2026-06-08,2026-06-14,овсянников крем,Тульская область,10832,control,DEVICE_ALL,4,1.6495251450107864e-05,0
2026-06-15,2026-06-15,2026-06-21,овсянников крем,Тульская область,10832,control,DEVICE_ALL,0,,0
2026-06-22,2026-06-22,2026-06-28,овсянников крем,Тульская область,10832,control,DEVICE_ALL,0,,0
2026-06-29,2026-06-29,2026-07-05,овсянников крем,Тульская область,10832,control,DEVICE_ALL,0,,0
2026-07-06,2026-07-06,2026-07-12,овсянников крем,Тульская область,10832,control,DEVICE_ALL,0,,0
2026-07-13,2026-07-13,2026-07-19,овсянников крем,Тульская область,10832,control,DEVICE_ALL,0,,0
2026-07-20,2026-07-20,2026-07-26,овсянников крем,Тульская область,10832,control,DEVICE_ALL,0,,0
2026-07-27,2026-07-27,2026-08-02,овсянников крем,Тульская область,10832,control,DEVICE_ALL,0,,0
2026-08-03,2026-08-03,2026-08-09,овсянников крем,Тульская область,10832,control,DEVICE_ALL,1,3.776090805014981e-06,0
2026-08-10,2026-08-10,2026-08-16,овсянников крем,Тульская область,10832,control,DEVICE_ALL,4,1.50316084662829e-05,0
2026-08-17,2026-08-17,2026-08-23,овсянников крем,Тульская область,10832,control,DEVICE_ALL,0,,0
2026-08-24,2026-08-24,2026-08-30,овсянников крем,Тульская область,10832,control,DEVICE_ALL,0,,0
2026-08-31,2026-08-31,2026-09-06,овсянников крем,Тульская область,10832,control,DEVICE_ALL,1,3.695010575489768e-06,0
2026-09-07,2026-09-07,2026-09-13,овсянников крем,Тульская область,10832,control,DEVICE_ALL,2,7.030669255734056e-06,0
2026-03-30,2026-03-30,2026-04-05,овсянников купить,Тюменская область,11176,campaign,DEVICE_ALL,3,1.1078921509829515e-05,0
2026-04-06,2026-04-06,2026-04-12,овсянников купить,Тюменская область,11176,campaign,DEVICE_ALL,1,3.430336032630454e-06,0
2026-04-13,2026-04-13,2026-04-19,овсянников купить,Тюменская область,11176,campaign,DEVICE_ALL,1,3.411797627722521e-06,0
2026-04-20,2026-04-20,2026-04-26,овсянников купить,Тюменская область,11176,campaign,DEVICE_ALL,1,3.416375864753059e-06,0
2026-04-27,2026-04-27,2026-05-03,овсянников купить,Тюменская область,11176,campaign,DEVICE_ALL,6,2.193534367345936e-05,0
2026-05-04,2026-05-04,2026-05-10,овсянников купить,Тюменская область,11176,campaign,DEVICE_ALL,0,,0
2026-05-11,2026-05-11,2026-05-17,овсянников купить,Тюменская область,11176,campaign,DEVICE_ALL,0,,0
2026-05-18,2026-05-18,2026-05-24,овсянников купить,Тюменская область,11176,campaign,DEVICE_ALL,2,7.426759617514452e-06,0
2026-05-25,2026-05-25,2026-05-31,овсянников купить,Тюменская область,11176,campaign,DEVICE_ALL,2,7.590942912010193e-06,0
2026-06-01,2026-06-01,2026-06-07,овсянников купить,Тюменская область,11176,campaign,DEVICE_ALL,0,,0
2026-06-08,2026-06-08,2026-06-14,овсянников купить,Тюменская область,11176,campaign,DEVICE_ALL,0,,0
2026-06-15,2026-06-15,2026-06-21,овсянников купить,Тюменская область,11176,campaign,DEVICE_ALL,8,3.0604251489059416e-05,0
2026-06-22,2026-06-22,2026-06-28,овсянников купить,Тюменская область,11176,campaign,DEVICE_ALL,0,,0
2026-06-29,2026-06-29,2026-07-05,овсянников купить,Тюменская область,11176,campaign,DEVICE_ALL,0,,0
2026-07-06,2026-07-06,2026-07-12,овсянников купить,Тюменская область,11176,campaign,DEVICE_ALL,0,,0
2026-07-13,2026-07-13,2026-07-19,овсянников купить,Тюменская область,11176,campaign,DEVICE_ALL,1,3.5427894209190235e-06,0
2026-07-20,2026-07-20,2026-07-26,овсянников купить,Тюменская область,11176,campaign,DEVICE_ALL,0,,0
2026-07-27,2026-07-27,2026-08-02,овсянников купить,Тюменская область,11176,campaign,DEVICE_ALL,5,1.790908560148918e-05,0
2026-08-03,2026-08-03,2026-08-09,овсянников купить,Тюменская область,11176,campaign,DEVICE_ALL,1,3.6821589823690867e-06,0
2026-08-10,2026-08-10,2026-08-16,овсянников купить,Тюменская область,11176,campaign,DEVICE_ALL,0,,0
2026-08-17,2026-08-17,2026-08-23,овсянников купить,Тюменская область,11176,campaign,DEVICE_ALL,4,1.4452208893672569e-05,0
2026-08-24,2026-08-24,2026-08-30,овсянников купить,Тюменская область,11176,campaign,DEVICE_ALL,1,3.650241589414475e-06,0
2026-08-31,2026-08-31,2026-09-06,овсянников купить,Тюменская область,11176,campaign,DEVICE_ALL,0,,0
2026-09-07,2026-09-07,2026-09-13,овсянников купить,Тюменская область,11176,campaign,DEVICE_ALL,2,6.41318900536986e-06,0
2026-03-30,2026-03-30,2026-04-05,овсянников купить,Волгоградская область,10950,campaign,DEVICE_ALL,0,,0
2026-04-06,2026-04-06,2026-04-12,овсянников купить,Волгоградская область,10950,campaign,DEVICE_ALL,0,,0
2026-04-13,2026-04-13,2026-04-19,овсянников купить,Волгоградская область,10950,campaign,DEVICE_ALL,1,2.7369975033382475e-06,0
2026-04-20,2026-04-20,2026-04-26,овсянников купить,Волгоградская область,10950,campaign,DEVICE_ALL,0,,0
2026-04-27,2026-04-27,2026-05-03,овсянников купить,Волгоградская область,10950,campaign,DEVICE_ALL,1,2.8458229863952587e-06,0
2026-05-04,2026-05-04,2026-05-10,овсянников купить,Волгоградская область,10950,campaign,DEVICE_ALL,6,1.9106672008467566e-05,0
2026-05-11,2026-05-11,2026-05-17,овсянников купить,Волгоградская область,10950,campaign,DEVICE_ALL,0,,0
2026-05-18,2026-05-18,2026-05-24,овсянников купить,Волгоградская область,10950,campaign,DEVICE_ALL,0,,0
2026-05-25,2026-05-25,2026-05-31,овсянников купить,Волгоградская область,10950,campaign,DEVICE_ALL,2,5.882628559626338e-06,0
2026-06-01,2026-06-01,2026-06-07,овсянников купить,Волгоградская область,10950,campaign,DEVICE_ALL,0,,0
2026-06-08,2026-06-08,2026-06-14,овсянников купить,Волгоградская область,10950,campaign,DEVICE_ALL,0,,0
2026-06-15,2026-06-15,2026-06-21,овсянников купить,Волгоградская область,10950,campaign,DEVICE_ALL,1,2.8849374989830596e-06,0
2026-06-22,2026-06-22,2026-06-28,овсянников купить,Волгоградская область,10950,campaign,DEVICE_ALL,2,5.8170796613866294e-06,0
2026-06-29,2026-06-29,2026-07-05,овсянников купить,Волгоградская область,10950,campaign,DEVICE_ALL,0,,0
2026-07-06,2026-07-06,2026-07-12,овсянников купить,Волгоградская область,10950,campaign,DEVICE_ALL,0,,0
2026-07-13,2026-07-13,2026-07-19,овсянников купить,Волгоградская область,10950,campaign,DEVICE_ALL,0,,0
2026-07-20,2026-07-20,2026-07-26,овсянников купить,Волгоградская область,10950,campaign,DEVICE_ALL,0,,0
2026-07-27,2026-07-27,2026-08-02,овсянников купить,Волгоградская область,10950,campaign,DEVICE_ALL,0,,0
2026-08-03,2026-08-03,2026-08-09,овсянников купить,Волгоградская область,10950,campaign,DEVICE_ALL,1,2.744731741310241e-06,0
2026-08-10,2026-08-10,2026-08-16,овсянников купить,Волгоградская область,10950,campaign,DEVICE_ALL,10,2.7383544494234424e-05,0
2026-08-17,2026-08-17,2026-08-23,овсянников купить,Волгоградская область,10950,campaign,DEVICE_ALL,7,1.9108769710525342e-05,0
2026-08-24,2026-08-24,2026-08-30,овсянников купить,Волгоградская область,10950,campaign,DEVICE_ALL,1,2.7554712430341343e-06,0
2026-08-31,2026-08-31,2026-09-06,овсянников купить,Волгоградская область,10950,campaign,DEVICE_ALL,1,2.6712922763724333e-06,0
2026-09-07,2026-09-07,2026-09-13,овсянников купить,Волгоградская область,10950,campaign,DEVICE_ALL,0,,0
2026-03-30,2026-03-30,2026-04-05,овсянников купить,Воронежская область,10672,campaign,DEVICE_ALL,0,,0
2026-04-06,2026-04-06,2026-04-12,овсянников купить,Воронежская область,10672,campaign,DEVICE_ALL,0,,0
2026-04-13,2026-04-13,2026-04-19,овсянников купить,Воронежская область,10672,campaign,DEVICE_ALL,1,2.3098636861663974e-06,0
2026-04-20,2026-04-20,2026-04-26,овсянников купить,Воронежская область,10672,campaign,DEVICE_ALL,1,2.325579286102508e-06,0
2026-04-27,2026-04-27,2026-05-03,овсянников купить,Воронежская область,10672,campaign,DEVICE_ALL,0,,0
2026-05-04,2026-05-04,2026-05-10,овсянников купить,Воронежская область,10672,campaign,DEVICE_ALL,0,,0
2026-05-11,2026-05-11,2026-05-17,овсянников купить,Воронежская область,10672,campaign,DEVICE_ALL,0,,0
2026-05-18,2026-05-18,2026-05-24,овсянников купить,Воронежская область,10672,campaign,DEVICE_ALL,3,7.817247756567152e-06,0
2026-05-25,2026-05-25,2026-05-31,овсянников купить,Воронежская область,10672,campaign,DEVICE_ALL,2,5.132173614350974e-06,0
2026-06-01,2026-06-01,2026-06-07,овсянников купить,Воронежская область,10672,campaign,DEVICE_ALL,1,2.6098297253133337e-06,0
2026-06-08,2026-06-08,2026-06-14,овсянников купить,Воронежская область,10672,campaign,DEVICE_ALL,0,,0
2026-06-15,2026-06-15,2026-06-21,овсянников купить,Воронежская область,10672,campaign,DEVICE_ALL,0,,0
2026-06-22,2026-06-22,2026-06-28,овсянников купить,Воронежская область,10672,campaign,DEVICE_ALL,0,,0
2026-06-29,2026-06-29,2026-07-05,овсянников купить,Воронежская область,10672,campaign,DEVICE_ALL,0,,0
2026-07-06,2026-07-06,2026-07-12,овсянников купить,Воронежская область,10672,campaign,DEVICE_ALL,0,,0
2026-07-13,2026-07-13,2026-07-19,овсянников купить,Воронежская область,10672,campaign,DEVICE_ALL,0,,0
2026-07-20,2026-07-20,2026-07-26,овсянников купить,Воронежская область,10672,campaign,DEVICE_ALL,0,,0
2026-07-27,2026-07-27,2026-08-02,овсянников купить,Воронежская область,10672,campaign,DEVICE_ALL,0,,0
2026-08-03,2026-08-03,2026-08-09,овсянников купить,Воронежская область,10672,campaign,DEVICE_ALL,0,,0
2026-08-10,2026-08-10,2026-08-16,овсянников купить,Воронежская область,10672,campaign,DEVICE_ALL,0,,0
2026-08-17,2026-08-17,2026-08-23,овсянников купить,Воронежская область,10672,campaign,DEVICE_ALL,4,9.832986237113318e-06,0
2026-08-24,2026-08-24,2026-08-30,овсянников купить,Воронежская область,10672,campaign,DEVICE_ALL,2,5.004973567358223e-06,0
2026-08-31,2026-08-31,2026-09-06,овсянников купить,Воронежская область,10672,campaign,DEVICE_ALL,0,,0
2026-09-07,2026-09-07,2026-09-13,овсянников купить,Воронежская область,10672,campaign,DEVICE_ALL,0,,0
2026-03-30,2026-03-30,2026-04-05,овсянников купить,Республика Мордовия,11117,campaign,DEVICE_ALL,0,,0
2026-04-06,2026-04-06,2026-04-12,овсянников купить,Республика Мордовия,11117,campaign,DEVICE_ALL,0,,0
2026-04-13,2026-04-13,2026-04-19,овсянников купить,Республика Мордовия,11117,campaign,DEVICE_ALL,0,,0
2026-04-20,2026-04-20,2026-04-26,овсянников купить,Республика Мордовия,11117,campaign,DEVICE_ALL,0,,0
2026-04-27,2026-04-27,2026-05-03,овсянников купить,Республика Мордовия,11117,campaign,DEVICE_ALL,0,,0
2026-05-04,2026-05-04,2026-05-10,овсянников купить,Республика Мордовия,11117,campaign,DEVICE_ALL,0,,0
2026-05-11,2026-05-11,2026-05-17,овсянников купить,Республика Мордовия,11117,campaign,DEVICE_ALL,0,,0
2026-05-18,2026-05-18,2026-05-24,овсянников купить,Республика Мордовия,11117,campaign,DEVICE_ALL,0,,0
2026-05-25,2026-05-25,2026-05-31,овсянников купить,Республика Мордовия,11117,campaign,DEVICE_ALL,0,,0
2026-06-01,2026-06-01,2026-06-07,овсянников купить,Республика Мордовия,11117,campaign,DEVICE_ALL,0,,0
2026-06-08,2026-06-08,2026-06-14,овсянников купить,Республика Мордовия,11117,campaign,DEVICE_ALL,0,,0
2026-06-15,2026-06-15,2026-06-21,овсянников купить,Республика Мордовия,11117,campaign,DEVICE_ALL,0,,0
2026-06-22,2026-06-22,2026-06-28,овсянников купить,Республика Мордовия,11117,campaign,DEVICE_ALL,0,,0
2026-06-29,2026-06-29,2026-07-05,овсянников купить,Республика Мордовия,11117,campaign,DEVICE_ALL,0,,0
2026-07-06,2026-07-06,2026-07-12,овсянников купить,Республика Мордовия,11117,campaign,DEVICE_ALL,0,,0
2026-07-13,2026-07-13,2026-07-19,овсянников купить,Республика Мордовия,11117,campaign,DEVICE_ALL,0,,0
2026-07-20,2026-07-20,2026-07-26,овсянников купить,Республика Мордовия,11117,campaign,DEVICE_ALL,1,9.238713387209815e-06,0
2026-07-27,2026-07-27,2026-08-02,овсянников купить,Республика Мордовия,11117,campaign,DEVICE_ALL,0,,0
2026-08-03,2026-08-03,2026-08-09,овсянников купить,Республика Мордовия,11117,campaign,DEVICE_ALL,0,,0
2026-08-10,2026-08-10,2026-08-16,овсянников купить,Республика Мордовия,11117,campaign,DEVICE_ALL,0,,0
2026-08-17,2026-08-17,2026-08-23,овсянников купить,Республика Мордовия,11117,campaign,DEVICE_ALL,0,,0
2026-08-24,2026-08-24,2026-08-30,овсянников купить,Республика Мордовия,11117,campaign,DEVICE_ALL,0,,0
2026-08-31,2026-08-31,2026-09-06,овсянников купить,Республика Мордовия,11117,campaign,DEVICE_ALL,0,,0
2026-09-07,2026-09-07,2026-09-13,овсянников купить,Республика Мордовия,11117,campaign,DEVICE_ALL,0,,0
2026-03-30,2026-03-30,2026-04-05,овсянников купить,Орловская область,10772,campaign,DEVICE_ALL,25,0.00021129723486296192,0
2026-04-06,2026-04-06,2026-04-12,овсянников купить,Орловская область,10772,campaign,DEVICE_ALL,13,0.00010171711000721096,0
2026-04-13,2026-04-13,2026-04-19,овсянников купить,Орловская область,10772,campaign,DEVICE_ALL,14,0.0001072861224327772,0
2026-04-20,2026-04-20,2026-04-26,овсянников купить,Орловская область,10772,campaign,DEVICE_ALL,25,0.00018873523911131673,0
2026-04-27,2026-04-27,2026-05-03,овсянников купить,Орловская область,10772,campaign,DEVICE_ALL,31,0.0002558537691717006,0
2026-05-04,2026-05-04,2026-05-10,овсянников купить,Орловская область,10772,campaign,DEVICE_ALL,4,3.749487023306624e-05,0
2026-05-11,2026-05-11,2026-05-17,овсянников купить,Орловская область,10772,campaign,DEVICE_ALL,12,0.00010417085339454181,0
2026-05-18,2026-05-18,2026-05-24,овсянников купить,Орловская область,10772,campaign,DEVICE_ALL,9,7.93142664774287e-05,0
2026-05-25,2026-05-25,2026-05-31,овсянников купить,Орловская область,10772,campaign,DEVICE_ALL,30,0.00025350950102907957,0
2026-06-01,2026-06-01,2026-06-07,овсянников купить,Орловская область,10772,campaign,DEVICE_ALL,18,0.00015655944953697542,0
2026-06-08,2026-06-08,2026-06-14,овсянников купить,Орловская область,10772,campaign,DEVICE_ALL,27,0.00023283656072114485,0
2026-06-15,2026-06-15,2026-06-21,овсянников купить,Орловская область,10772,campaign,DEVICE_ALL,11,9.257604111857442e-05,0
2026-06-22,2026-06-22,2026-06-28,овсянников купить,Орловская область,10772,campaign,DEVICE_ALL,21,0.00017731385717926075,0
2026-06-29,2026-06-29,2026-07-05,овсянников купить,Орловская область,10772,campaign,DEVICE_ALL,13,0.00011220538211240788,0
2026-07-06,2026-07-06,2026-07-12,овсянников купить,Орловская область,10772,campaign,DEVICE_ALL,22,0.0001818754650741651,0
2026-07-13,2026-07-13,2026-07-19,овсянников купить,Орловская область,10772,campaign,DEVICE_ALL,30,0.00023907436145031115,0
2026-07-20,2026-07-20,2026-07-26,овсянников купить,Орловская область,10772,campaign,DEVICE_ALL,14,0.00010576826098469495,0
2026-07-27,2026-07-27,2026-08-02,овсянников купить,Орловская область,10772,campaign,DEVICE_ALL,22,0.00017196046972721912,0
2026-08-03,2026-08-03,2026-08-09,овсянников купить,Орловская область,10772,campaign,DEVICE_ALL,44,0.00035663196448529214,0
2026-08-10,2026-08-10,2026-08-16,овсянников купить,Орловская область,10772,campaign,DEVICE_ALL,46,0.0003719581705544651,0
2026-08-17,2026-08-17,2026-08-23,овсянников купить,Орловская область,10772,campaign,DEVICE_ALL,38,0.0003065022104858762,0
2026-08-24,2026-08-24,2026-08-30,овсянников купить,Орловская область,10772,campaign,DEVICE_ALL,27,0.00022587007033343025,0
2026-08-31,2026-08-31,2026-09-06,овсянников купить,Орловская область,10772,campaign,DEVICE_ALL,36,0.0002803656653614606,0
2026-09-07,2026-09-07,2026-09-13,овсянников купить,Орловская область,10772,campaign,DEVICE_ALL,13,9.605813615738343e-05,0
2026-03-30,2026-03-30,2026-04-05,овсянников купить,Рязанская область,10776,campaign,DEVICE_ALL,3,1.4177457247523232e-05,0
2026-04-06,2026-04-06,2026-04-12,овсянников купить,Рязанская область,10776,campaign,DEVICE_ALL,1,4.693210904356398e-06,0
2026-04-13,2026-04-13,2026-04-19,овсянников купить,Рязанская область,10776,campaign,DEVICE_ALL,0,,0
2026-04-20,2026-04-20,2026-04-26,овсянников купить,Рязанская область,10776,campaign,DEVICE_ALL,2,9.233090287619996e-06,0
2026-04-27,2026-04-27,2026-05-03,овсянников купить,Рязанская область,10776,campaign,DEVICE_ALL,0,,0
2026-05-04,2026-05-04,2026-05-10,овсянников купить,Рязанская область,10776,campaign,DEVICE_ALL,1,5.561479767392221e-06,0
2026-05-11,2026-05-11,2026-05-17,овсянников купить,Рязанская область,10776,campaign,DEVICE_ALL,0,,0
2026-05-18,2026-05-18,2026-05-24,овсянников купить,Рязанская область,10776,campaign,DEVICE_ALL,0,,0
2026-05-25,2026-05-25,2026-05-31,овсянников купить,Рязанская область,10776,campaign,DEVICE_ALL,0,,0
2026-06-01,2026-06-01,2026-06-07,овсянников купить,Рязанская область,10776,campaign,DEVICE_ALL,0,,0
2026-06-08,2026-06-08,2026-06-14,овсянников купить,Рязанская область,10776,campaign,DEVICE_ALL,1,5.069048551752553e-06,0
2026-06-15,2026-06-15,2026-06-21,овсянников купить,Рязанская область,10776,campaign,DEVICE_ALL,0,,0
2026-06-22,2026-06-22,2026-06-28,овсянников купить,Рязанская область,10776,campaign,DEVICE_ALL,0,,0
2026-06-29,2026-06-29,2026-07-05,овсянников купить,Рязанская область,10776,campaign,DEVICE_ALL,0,,0
2026-07-06,2026-07-06,2026-07-12,овсянников купить,Рязанская область,10776,campaign,DEVICE_ALL,3,1.460832096779542e-05,0
2026-07-13,2026-07-13,2026-07-19,овсянников купить,Рязанская область,10776,campaign,DEVICE_ALL,0,,0
2026-07-20,2026-07-20,2026-07-26,овсянников купить,Рязанская область,10776,campaign,DEVICE_ALL,0,,0
2026-07-27,2026-07-27,2026-08-02,овсянников купить,Рязанская область,10776,campaign,DEVICE_ALL,0,,0
2026-08-03,2026-08-03,2026-08-09,овсянников купить,Рязанская область,10776,campaign,DEVICE_ALL,0,,0
2026-08-10,2026-08-10,2026-08-16,овсянников купить,Рязанская область,10776,campaign,DEVICE_ALL,0,,0
2026-08-17,2026-08-17,2026-08-23,овсянников купить,Рязанская область,10776,campaign,DEVICE_ALL,0,,0
2026-08-24,2026-08-24,2026-08-30,овсянников купить,Рязанская область,10776,campaign,DEVICE_ALL,0,,0
2026-08-31,2026-08-31,2026-09-06,овсянников купить,Рязанская область,10776,campaign,DEVICE_ALL,0,,0
2026-09-07,2026-09-07,2026-09-13,овсянников купить,Рязанская область,10776,campaign,DEVICE_ALL,0,,0
2026-03-30,2026-03-30,2026-04-05,овсянников купить,Ярославская область,10841,campaign,DEVICE_ALL,1,4.315886649279398e-06,0
2026-04-06,2026-04-06,2026-04-12,овсянников купить,Ярославская область,10841,campaign,DEVICE_ALL,4,1.6973945291022323e-05,0
2026-04-13,2026-04-13,2026-04-19,овсянников купить,Ярославская область,10841,campaign,DEVICE_ALL,2,8.457967117453758e-06,0
2026-04-20,2026-04-20,2026-04-26,овсянников купить,Ярославская область,10841,campaign,DEVICE_ALL,0,,0
2026-04-27,2026-04-27,2026-05-03,овсянников купить,Ярославская область,10841,campaign,DEVICE_ALL,4,1.7883684160546126e-05,0
2026-05-04,2026-05-04,2026-05-10,овсянников купить,Ярославская область,10841,campaign,DEVICE_ALL,0,,0
2026-05-11,2026-05-11,2026-05-17,овсянников купить,Ярославская область,10841,campaign,DEVICE_ALL,0,,0
2026-05-18,2026-05-18,2026-05-24,овсянников купить,Ярославская область,10841,campaign,DEVICE_ALL,0,,0
2026-05-25,2026-05-25,2026-05-31,овсянников купить,Ярославская область,10841,campaign,DEVICE_ALL,0,,0
2026-06-01,2026-06-01,2026-06-07,овсянников купить,Ярославская область,10841,campaign,DEVICE_ALL,0,,0
2026-06-08,2026-06-08,2026-06-14,овсянников купить,Ярославская область,10841,campaign,DEVICE_ALL,0,,0
2026-06-15,2026-06-15,2026-06-21,овсянников купить,Ярославская область,10841,campaign,DEVICE_ALL,1,4.377123698347368e-06,0
2026-06-22,2026-06-22,2026-06-28,овсянников купить,Ярославская область,10841,campaign,DEVICE_ALL,0,,0
2026-06-29,2026-06-29,2026-07-05,овсянников купить,Ярославская область,10841,campaign,DEVICE_ALL,10,4.601791983816418e-05,0
2026-07-06,2026-07-06,2026-07-12,овсянников купить,Ярославская область,10841,campaign,DEVICE_ALL,3,1.3396395824736383e-05,0
2026-07-13,2026-07-13,2026-07-19,овсянников купить,Ярославская область,10841,campaign,DEVICE_ALL,0,,0
2026-07-20,2026-07-20,2026-07-26,овсянников купить,Ярославская область,10841,campaign,DEVICE_ALL,0,,0
2026-07-27,2026-07-27,2026-08-02,овсянников купить,Ярославская область,10841,campaign,DEVICE_ALL,2,8.422781163595426e-06,0
2026-08-03,2026-08-03,2026-08-09,овсянников купить,Ярославская область,10841,campaign,DEVICE_ALL,3,1.2857001430127127e-05,0
2026-08-10,2026-08-10,2026-08-16,овсянников купить,Ярославская область,10841,campaign,DEVICE_ALL,0,,0
2026-08-17,2026-08-17,2026-08-23,овсянников купить,Ярославская область,10841,campaign,DEVICE_ALL,10,4.226996473839542e-05,0
2026-08-24,2026-08-24,2026-08-30,овсянников купить,Ярославская область,10841,campaign,DEVICE_ALL,3,1.2934588149347582e-05,0
2026-08-31,2026-08-31,2026-09-06,овсянников купить,Ярославская область,10841,campaign,DEVICE_ALL,0,,0
2026-09-07,2026-09-07,2026-09-13,овсянников купить,Ярославская область,10841,campaign,DEVICE_ALL,6,2.338196782641227e-05,0
2026-03-30,2026-03-30,2026-04-05,овсянников купить,Костромская область,10699,campaign,DEVICE_ALL,0,,0
2026-04-06,2026-04-06,2026-04-12,овсянников купить,Костромская область,10699,campaign,DEVICE_ALL,0,,0
2026-04-13,2026-04-13,2026-04-19,овсянников купить,Костромская область,10699,campaign,DEVICE_ALL,0,,0
2026-04-20,2026-04-20,2026-04-26,овсянников купить,Костромская область,10699,campaign,DEVICE_ALL,0,,0
2026-04-27,2026-04-27,2026-05-03,овсянников купить,Костромская область,10699,campaign,DEVICE_ALL,0,,0
2026-05-04,2026-05-04,2026-05-10,овсянников купить,Костромская область,10699,campaign,DEVICE_ALL,0,,0
2026-05-11,2026-05-11,2026-05-17,овсянников купить,Костромская область,10699,campaign,DEVICE_ALL,0,,0
2026-05-18,2026-05-18,2026-05-24,овсянников купить,Костромская область,10699,campaign,DEVICE_ALL,0,,0
2026-05-25,2026-05-25,2026-05-31,овсянников купить,Костромская область,10699,campaign,DEVICE_ALL,0,,0
2026-06-01,2026-06-01,2026-06-07,овсянников купить,Костромская область,10699,campaign,DEVICE_ALL,0,,0
2026-06-08,2026-06-08,2026-06-14,овсянников купить,Костромская область,10699,campaign,DEVICE_ALL,1,1.0899536573503967e-05,0
2026-06-15,2026-06-15,2026-06-21,овсянников купить,Костромская область,10699,campaign,DEVICE_ALL,2,2.0835673005781275e-05,0
2026-06-22,2026-06-22,2026-06-28,овсянников купить,Костромская область,10699,campaign,DEVICE_ALL,0,,0
2026-06-29,2026-06-29,2026-07-05,овсянников купить,Костромская область,10699,campaign,DEVICE_ALL,0,,0
2026-07-06,2026-07-06,2026-07-12,овсянников купить,Костромская область,10699,campaign,DEVICE_ALL,0,,0
2026-07-13,2026-07-13,2026-07-19,овсянников купить,Костромская область,10699,campaign,DEVICE_ALL,0,,0
2026-07-20,2026-07-20,2026-07-26,овсянников купить,Костромская область,10699,campaign,DEVICE_ALL,0,,0
2026-07-27,2026-07-27,2026-08-02,овсянников купить,Костромская область,10699,campaign,DEVICE_ALL,2,1.920787123196789e-05,0
2026-08-03,2026-08-03,2026-08-09,овсянников купить,Костромская область,10699,campaign,DEVICE_ALL,2,1.9870719114369998e-05,0
2026-08-10,2026-08-10,2026-08-16,овсянников купить,Костромская область,10699,campaign,DEVICE_ALL,2,1.8792954821924538e-05,0
2026-08-17,2026-08-17,2026-08-23,овсянников купить,Костромская область,10699,campaign,DEVICE_ALL,1,9.960110752447523e-06,0
2026-08-24,2026-08-24,2026-08-30,овсянников купить,Костромская область,10699,campaign,DEVICE_ALL,1,1.011778006596995e-05,0
2026-08-31,2026-08-31,2026-09-06,овсянников купить,Костромская область,10699,campaign,DEVICE_ALL,15,0.00014333540532624812,0
2026-09-07,2026-09-07,2026-09-13,овсянников купить,Костромская область,10699,campaign,DEVICE_ALL,9,8.09745958400471e-05,0
2026-03-30,2026-03-30,2026-04-05,овсянников купить,Липецкая область,10712,campaign,DEVICE_ALL,0,,0
2026-04-06,2026-04-06,2026-04-12,овсянников купить,Липецкая область,10712,campaign,DEVICE_ALL,1,5.17880256037927e-06,0
2026-04-13,2026-04-13,2026-04-19,овсянников купить,Липецкая область,10712,campaign,DEVICE_ALL,0,,0
2026-04-20,2026-04-20,2026-04-26,овсянников купить,Липецкая область,10712,campaign,DEVICE_ALL,0,,0
2026-04-27,2026-04-27,2026-05-03,овсянников купить,Липецкая область,10712,campaign,DEVICE_ALL,0,,0
2026-05-04,2026-05-04,2026-05-10,овсянников купить,Липецкая область,10712,campaign,DEVICE_ALL,1,6.296107972711157e-06,0
2026-05-11,2026-05-11,2026-05-17,овсянников купить,Липецкая область,10712,campaign,DEVICE_ALL,0,,0
2026-05-18,2026-05-18,2026-05-24,овсянников купить,Липецкая область,10712,campaign,DEVICE_ALL,0,,0
2026-05-25,2026-05-25,2026-05-31,овсянников купить,Липецкая область,10712,campaign,DEVICE_ALL,0,,0
2026-06-01,2026-06-01,2026-06-07,овсянников купить,Липецкая область,10712,campaign,DEVICE_ALL,0,,0
2026-06-08,2026-06-08,2026-06-14,овсянников купить,Липецкая область,10712,campaign,DEVICE_ALL,0,,0
2026-06-15,2026-06-15,2026-06-21,овсянников купить,Липецкая область,10712,campaign,DEVICE_ALL,0,,0
2026-06-22,2026-06-22,2026-06-28,овсянников купить,Липецкая область,10712,campaign,DEVICE_ALL,0,,0
2026-06-29,2026-06-29,2026-07-05,овсянников купить,Липецкая область,10712,campaign,DEVICE_ALL,0,,0
2026-07-06,2026-07-06,2026-07-12,овсянников купить,Липецкая область,10712,campaign,DEVICE_ALL,0,,0
2026-07-13,2026-07-13,2026-07-19,овсянников купить,Липецкая область,10712,campaign,DEVICE_ALL,2,1.0204937077123352e-05,0
2026-07-20,2026-07-20,2026-07-26,овсянников купить,Липецкая область,10712,campaign,DEVICE_ALL,0,,0
2026-07-27,2026-07-27,2026-08-02,овсянников купить,Липецкая область,10712,campaign,DEVICE_ALL,0,,0
2026-08-03,2026-08-03,2026-08-09,овсянников купить,Липецкая область,10712,campaign,DEVICE_ALL,0,,0
2026-08-10,2026-08-10,2026-08-16,овсянников купить,Липецкая область,10712,campaign,DEVICE_ALL,0,,0
2026-08-17,2026-08-17,2026-08-23,овсянников купить,Липецкая область,10712,campaign,DEVICE_ALL,0,,0
2026-08-24,2026-08-24,2026-08-30,овсянников купить,Липецкая область,10712,campaign,DEVICE_ALL,0,,0
2026-08-31,2026-08-31,2026-09-06,овсянников купить,Липецкая область,10712,campaign,DEVICE_ALL,0,,0
2026-09-07,2026-09-07,2026-09-13,овсянников купить,Липецкая область,10712,campaign,DEVICE_ALL,0,,0
2026-03-30,2026-03-30,2026-04-05,овсянников купить,Республика Башкортостан,11111,campaign,DEVICE_ALL,0,,0
2026-04-06,2026-04-06,2026-04-12,овсянников купить,Республика Башкортостан,11111,campaign,DEVICE_ALL,0,,0
2026-04-13,2026-04-13,2026-04-19,овсянников купить,Республика Башкортостан,11111,campaign,DEVICE_ALL,10,1.747269245314575e-05,0
2026-04-20,2026-04-20,2026-04-26,овсянников купить,Республика Башкортостан,11111,campaign,DEVICE_ALL,0,,0
2026-04-27,2026-04-27,2026-05-03,овсянников купить,Республика Башкортостан,11111,campaign,DEVICE_ALL,0,,0
2026-05-04,2026-05-04,2026-05-10,овсянников купить,Республика Башкортостан,11111,campaign,DEVICE_ALL,0,,0
2026-05-11,2026-05-11,2026-05-17,овсянников купить,Республика Башкортостан,11111,campaign,DEVICE_ALL,0,,0
2026-05-18,2026-05-18,2026-05-24,овсянников купить,Республика Башкортостан,11111,campaign,DEVICE_ALL,0,,0
2026-05-25,2026-05-25,2026-05-31,овсянников купить,Республика Башкортостан,11111,campaign,DEVICE_ALL,0,,0
2026-06-01,2026-06-01,2026-06-07,овсянников купить,Республика Башкортостан,11111,campaign,DEVICE_ALL,2,3.6894763314097943e-06,0
2026-06-08,2026-06-08,2026-06-14,овсянников купить,Республика Башкортостан,11111,campaign,DEVICE_ALL,0,,0
2026-06-15,2026-06-15,2026-06-21,овсянников купить,Республика Башкортостан,11111,campaign,DEVICE_ALL,0,,0
2026-06-22,2026-06-22,2026-06-28,овсянников купить,Республика Башкортостан,11111,campaign,DEVICE_ALL,0,,0
2026-06-29,2026-06-29,2026-07-05,овсянников купить,Республика Башкортостан,11111,campaign,DEVICE_ALL,0,,0
2026-07-06,2026-07-06,2026-07-12,овсянников купить,Республика Башкортостан,11111,campaign,DEVICE_ALL,0,,0
2026-07-13,2026-07-13,2026-07-19,овсянников купить,Республика Башкортостан,11111,campaign,DEVICE_ALL,0,,0
2026-07-20,2026-07-20,2026-07-26,овсянников купить,Республика Башкортостан,11111,campaign,DEVICE_ALL,0,,0
2026-07-27,2026-07-27,2026-08-02,овсянников купить,Республика Башкортостан,11111,campaign,DEVICE_ALL,0,,0
2026-08-03,2026-08-03,2026-08-09,овсянников купить,Республика Башкортостан,11111,campaign,DEVICE_ALL,0,,0
2026-08-10,2026-08-10,2026-08-16,овсянников купить,Республика Башкортостан,11111,campaign,DEVICE_ALL,1,1.739664738770203e-06,0
2026-08-17,2026-08-17,2026-08-23,овсянников купить,Республика Башкортостан,11111,campaign,DEVICE_ALL,0,,0
2026-08-24,2026-08-24,2026-08-30,овсянников купить,Республика Башкортостан,11111,campaign,DEVICE_ALL,1,1.8113715551448977e-06,0
2026-08-31,2026-08-31,2026-09-06,овсянников купить,Республика Башкортостан,11111,campaign,DEVICE_ALL,0,,0
2026-09-07,2026-09-07,2026-09-13,овсянников купить,Республика Башкортостан,11111,campaign,DEVICE_ALL,3,4.710338222067765e-06,0
2026-03-30,2026-03-30,2026-04-05,овсянников купить,Новосибирская область,11316,campaign,DEVICE_ALL,0,,0
2026-04-06,2026-04-06,2026-04-12,овсянников купить,Новосибирская область,11316,campaign,DEVICE_ALL,0,,0
2026-04-13,2026-04-13,2026-04-19,овсянников купить,Новосибирская область,11316,campaign,DEVICE_ALL,0,,0
2026-04-20,2026-04-20,2026-04-26,овсянников купить,Новосибирская область,11316,campaign,DEVICE_ALL,0,,0
2026-04-27,2026-04-27,2026-05-03,овсянников купить,Новосибирская область,11316,campaign,DEVICE_ALL,0,,0
2026-05-04,2026-05-04,2026-05-10,овсянников купить,Новосибирская область,11316,campaign,DEVICE_ALL,1,2.0218204568440806e-06,0
2026-05-11,2026-05-11,2026-05-17,овсянников купить,Новосибирская область,11316,campaign,DEVICE_ALL,1,1.9007882797090547e-06,0
2026-05-18,2026-05-18,2026-05-24,овсянников купить,Новосибирская область,11316,campaign,DEVICE_ALL,5,9.196730179837094e-06,0
2026-05-25,2026-05-25,2026-05-31,овсянников купить,Новосибирская область,11316,campaign,DEVICE_ALL,0,,0
2026-06-01,2026-06-01,2026-06-07,овсянников купить,Новосибирская область,11316,campaign,DEVICE_ALL,0,,0
2026-06-08,2026-06-08,2026-06-14,овсянников купить,Новосибирская область,11316,campaign,DEVICE_ALL,2,4.070511351475711e-06,0
2026-06-15,2026-06-15,2026-06-21,овсянников купить,Новосибирская область,11316,campaign,DEVICE_ALL,0,,0
2026-06-22,2026-06-22,2026-06-28,овсянников купить,Новосибирская область,11316,campaign,DEVICE_ALL,1,1.950298933044112e-06,0
2026-06-29,2026-06-29,2026-07-05,овсянников купить,Новосибирская область,11316,campaign,DEVICE_ALL,2,4.067645018002278e-06,0
2026-07-06,2026-07-06,2026-07-12,овсянников купить,Новосибирская область,11316,campaign,DEVICE_ALL,0,,0
2026-07-13,2026-07-13,2026-07-19,овсянников купить,Новосибирская область,11316,campaign,DEVICE_ALL,2,3.77176385537179e-06,0
2026-07-20,2026-07-20,2026-07-26,овсянников купить,Новосибирская область,11316,campaign,DEVICE_ALL,3,5.32757245165561e-06,0
2026-07-27,2026-07-27,2026-08-02,овсянников купить,Новосибирская область,11316,campaign,DEVICE_ALL,0,,0
2026-08-03,2026-08-03,2026-08-09,овсянников купить,Новосибирская область,11316,campaign,DEVICE_ALL,0,,0
2026-08-10,2026-08-10,2026-08-16,овсянников купить,Новосибирская область,11316,campaign,DEVICE_ALL,2,3.874467936269109e-06,0
2026-08-17,2026-08-17,2026-08-23,овсянников купить,Новосибирская область,11316,campaign,DEVICE_ALL,0,,0
2026-08-24,2026-08-24,2026-08-30,овсянников купить,Новосибирская область,11316,campaign,DEVICE_ALL,2,3.865098328294726e-06,0
2026-08-31,2026-08-31,2026-09-06,овсянников купить,Новосибирская область,11316,campaign,DEVICE_ALL,0,,0
2026-09-07,2026-09-07,2026-09-13,овсянников купить,Новосибирская область,11316,campaign,DEVICE_ALL,1,1.7491576406634093e-06,0
2026-03-30,2026-03-30,2026-04-05,овсянников купить,Саратовская область,11146,campaign,DEVICE_ALL,1,2.890280166995764e-06,0
2026-04-06,2026-04-06,2026-04-12,овсянников купить,Саратовская область,11146,campaign,DEVICE_ALL,2,5.451359184659832e-06,0
2026-04-13,2026-04-13,2026-04-19,овсянников купить,Саратовская область,11146,campaign,DEVICE_ALL,0,,0
2026-04-20,2026-04-20,2026-04-26,овсянников купить,Саратовская область,11146,campaign,DEVICE_ALL,0,,0
2026-04-27,2026-04-27,2026-05-03,овсянников купить,Саратовская область,11146,campaign,DEVICE_ALL,0,,0
2026-05-04,2026-05-04,2026-05-10,овсянников купить,Саратовская область,11146,campaign,DEVICE_ALL,5,1.6001372277686534e-05,0
2026-05-11,2026-05-11,2026-05-17,овсянников купить,Саратовская область,11146,campaign,DEVICE_ALL,2,5.932349737882093e-06,0
2026-05-18,2026-05-18,2026-05-24,овсянников купить,Саратовская область,11146,campaign,DEVICE_ALL,0,,0
2026-05-25,2026-05-25,2026-05-31,овсянников купить,Саратовская область,11146,campaign,DEVICE_ALL,6,1.7999077367294152e-05,0
2026-06-01,2026-06-01,2026-06-07,овсянников купить,Саратовская область,11146,campaign,DEVICE_ALL,5,1.4921085660580037e-05,0
2026-06-08,2026-06-08,2026-06-14,овсянников купить,Саратовская область,11146,campaign,DEVICE_ALL,7,2.14714962360007e-05,0
2026-06-15,2026-06-15,2026-06-21,овсянников купить,Саратовская область,11146,campaign,DEVICE_ALL,2,5.857961423566637e-06,0
2026-06-22,2026-06-22,2026-06-28,овсянников купить,Саратовская область,11146,campaign,DEVICE_ALL,2,5.86584644926823e-06,0
2026-06-29,2026-06-29,2026-07-05,овсянников купить,Саратовская область,11146,campaign,DEVICE_ALL,0,,0
2026-07-06,2026-07-06,2026-07-12,овсянников купить,Саратовская область,11146,campaign,DEVICE_ALL,1,3.046076073739531e-06,0
2026-07-13,2026-07-13,2026-07-19,овсянников купить,Саратовская область,11146,campaign,DEVICE_ALL,4,1.1057633324787625e-05,0
2026-07-20,2026-07-20,2026-07-26,овсянников купить,Саратовская область,11146,campaign,DEVICE_ALL,2,5.4782366367045474e-06,0
2026-07-27,2026-07-27,2026-08-02,овсянников купить,Саратовская область,11146,campaign,DEVICE_ALL,0,,0
2026-08-03,2026-08-03,2026-08-09,овсянников купить,Саратовская область,11146,campaign,DEVICE_ALL,1,2.884817321827913e-06,0
2026-08-10,2026-08-10,2026-08-16,овсянников купить,Саратовская область,11146,campaign,DEVICE_ALL,0,,0
2026-08-17,2026-08-17,2026-08-23,овсянников купить,Саратовская область,11146,campaign,DEVICE_ALL,0,,0
2026-08-24,2026-08-24,2026-08-30,овсянников купить,Саратовская область,11146,campaign,DEVICE_ALL,0,,0
2026-08-31,2026-08-31,2026-09-06,овсянников купить,Саратовская область,11146,campaign,DEVICE_ALL,0,,0
2026-09-07,2026-09-07,2026-09-13,овсянников купить,Саратовская область,11146,campaign,DEVICE_ALL,10,2.477852581944691e-05,0
2026-03-30,2026-03-30,2026-04-05,овсянников купить,Томская область,11353,campaign,DEVICE_ALL,0,,0
2026-04-06,2026-04-06,2026-04-12,овсянников купить,Томская область,11353,campaign,DEVICE_ALL,0,,0
2026-04-13,2026-04-13,2026-04-19,овсянников купить,Томская область,11353,campaign,DEVICE_ALL,0,,0
2026-04-20,2026-04-20,2026-04-26,овсянников купить,Томская область,11353,campaign,DEVICE_ALL,0,,0
2026-04-27,2026-04-27,2026-05-03,овсянников купить,Томская область,11353,campaign,DEVICE_ALL,0,,0
2026-05-04,2026-05-04,2026-05-10,овсянников купить,Томская область,11353,campaign,DEVICE_ALL,0,,0
2026-05-11,2026-05-11,2026-05-17,овсянников купить,Томская область,11353,campaign,DEVICE_ALL,0,,0
2026-05-18,2026-05-18,2026-05-24,овсянников купить,Томская область,11353,campaign,DEVICE_ALL,0,,0
2026-05-25,2026-05-25,2026-05-31,овсянников купить,Томская область,11353,campaign,DEVICE_ALL,0,,0
2026-06-01,2026-06-01,2026-06-07,овсянников купить,Томская область,11353,campaign,DEVICE_ALL,0,,0
2026-06-08,2026-06-08,2026-06-14,овсянников купить,Томская область,11353,campaign,DEVICE_ALL,0,,0
2026-06-15,2026-06-15,2026-06-21,овсянников купить,Томская область,11353,campaign,DEVICE_ALL,0,,0
2026-06-22,2026-06-22,2026-06-28,овсянников купить,Томская область,11353,campaign,DEVICE_ALL,0,,0
2026-06-29,2026-06-29,2026-07-05,овсянников купить,Томская область,11353,campaign,DEVICE_ALL,0,,0
2026-07-06,2026-07-06,2026-07-12,овсянников купить,Томская область,11353,campaign,DEVICE_ALL,0,,0
2026-07-13,2026-07-13,2026-07-19,овсянников купить,Томская область,11353,campaign,DEVICE_ALL,0,,0
2026-07-20,2026-07-20,2026-07-26,овсянников купить,Томская область,11353,campaign,DEVICE_ALL,0,,0
2026-07-27,2026-07-27,2026-08-02,овсянников купить,Томская область,11353,campaign,DEVICE_ALL,0,,0
2026-08-03,2026-08-03,2026-08-09,овсянников купить,Томская область,11353,campaign,DEVICE_ALL,0,,0
2026-08-10,2026-08-10,2026-08-16,овсянников купить,Томская область,11353,campaign,DEVICE_ALL,0,,0
2026-08-17,2026-08-17,2026-08-23,овсянников купить,Томская область,11353,campaign,DEVICE_ALL,0,,0
2026-08-24,2026-08-24,2026-08-30,овсянников купить,Томская область,11353,campaign,DEVICE_ALL,0,,0
2026-08-31,2026-08-31,2026-09-06,овсянников купить,Томская область,11353,campaign,DEVICE_ALL,0,,0
2026-09-07,2026-09-07,2026-09-13,овсянников купить,Томская область,11353,campaign,DEVICE_ALL,0,,0
2026-03-30,2026-03-30,2026-04-05,овсянников купить,Вологодская область,10853,campaign,DEVICE_ALL,0,,0
2026-04-06,2026-04-06,2026-04-12,овсянников купить,Вологодская область,10853,campaign,DEVICE_ALL,1,4.937612037503139e-06,0
2026-04-13,2026-04-13,2026-04-19,овсянников купить,Вологодская область,10853,campaign,DEVICE_ALL,0,,0
2026-04-20,2026-04-20,2026-04-26,овсянников купить,Вологодская область,10853,campaign,DEVICE_ALL,0,,0
2026-04-27,2026-04-27,2026-05-03,овсянников купить,Вологодская область,10853,campaign,DEVICE_ALL,0,,0
2026-05-04,2026-05-04,2026-05-10,овсянников купить,Вологодская область,10853,campaign,DEVICE_ALL,0,,0
2026-05-11,2026-05-11,2026-05-17,овсянников купить,Вологодская область,10853,campaign,DEVICE_ALL,0,,0
2026-05-18,2026-05-18,2026-05-24,овсянников купить,Вологодская область,10853,campaign,DEVICE_ALL,1,5.5033165461999845e-06,0
2026-05-25,2026-05-25,2026-05-31,овсянников купить,Вологодская область,10853,campaign,DEVICE_ALL,0,,0
2026-06-01,2026-06-01,2026-06-07,овсянников купить,Вологодская область,10853,campaign,DEVICE_ALL,0,,0
2026-06-08,2026-06-08,2026-06-14,овсянников купить,Вологодская область,10853,campaign,DEVICE_ALL,0,,0
2026-06-15,2026-06-15,2026-06-21,овсянников купить,Вологодская область,10853,campaign,DEVICE_ALL,0,,0
2026-06-22,2026-06-22,2026-06-28,овсянников купить,Вологодская область,10853,campaign,DEVICE_ALL,0,,0
2026-06-29,2026-06-29,2026-07-05,овсянников купить,Вологодская область,10853,campaign,DEVICE_ALL,0,,0
2026-07-06,2026-07-06,2026-07-12,овсянников купить,Вологодская область,10853,campaign,DEVICE_ALL,0,,0
2026-07-13,2026-07-13,2026-07-19,овсянников купить,Вологодская область,10853,campaign,DEVICE_ALL,4,2.02711232325671e-05,0
2026-07-20,2026-07-20,2026-07-26,овсянников купить,Вологодская область,10853,campaign,DEVICE_ALL,0,,0
2026-07-27,2026-07-27,2026-08-02,овсянников купить,Вологодская область,10853,campaign,DEVICE_ALL,0,,0
2026-08-03,2026-08-03,2026-08-09,овсянников купить,Вологодская область,10853,campaign,DEVICE_ALL,1,5.116512977702594e-06,0
2026-08-10,2026-08-10,2026-08-16,овсянников купить,Вологодская область,10853,campaign,DEVICE_ALL,0,,0
2026-08-17,2026-08-17,2026-08-23,овсянников купить,Вологодская область,10853,campaign,DEVICE_ALL,10,5.038671806111909e-05,0
2026-08-24,2026-08-24,2026-08-30,овсянников купить,Вологодская область,10853,campaign,DEVICE_ALL,1,5.16286116472599e-06,0
2026-08-31,2026-08-31,2026-09-06,овсянников купить,Вологодская область,10853,campaign,DEVICE_ALL,0,,0
2026-09-07,2026-09-07,2026-09-13,овсянников купить,Вологодская область,10853,campaign,DEVICE_ALL,0,,0
2026-03-30,2026-03-30,2026-04-05,овсянников купить,Алтайский край,11235,campaign,DEVICE_ALL,0,,0
2026-04-06,2026-04-06,2026-04-12,овсянников купить,Алтайский край,11235,campaign,DEVICE_ALL,2,6.247944621467807e-06,0
2026-04-13,2026-04-13,2026-04-19,овсянников купить,Алтайский край,11235,campaign,DEVICE_ALL,3,9.277221850566407e-06,0
2026-04-20,2026-04-20,2026-04-26,овсянников купить,Алтайский край,11235,campaign,DEVICE_ALL,0,,0
2026-04-27,2026-04-27,2026-05-03,овсянников купить,Алтайский край,11235,campaign,DEVICE_ALL,0,,0
2026-05-04,2026-05-04,2026-05-10,овсянников купить,Алтайский край,11235,campaign,DEVICE_ALL,1,3.6456617973506393e-06,0
2026-05-11,2026-05-11,2026-05-17,овсянников купить,Алтайский край,11235,campaign,DEVICE_ALL,3,1.0350426453095507e-05,0
2026-05-18,2026-05-18,2026-05-24,овсянников купить,Алтайский край,11235,campaign,DEVICE_ALL,0,,0
2026-05-25,2026-05-25,2026-05-31,овсянников купить,Алтайский край,11235,campaign,DEVICE_ALL,1,3.610353729100068e-06,0
2026-06-01,2026-06-01,2026-06-07,овсянников купить,Алтайский край,11235,campaign,DEVICE_ALL,0,,0
2026-06-08,2026-06-08,2026-06-14,овсянников купить,Алтайский край,11235,campaign,DEVICE_ALL,0,,0
2026-06-15,2026-06-15,2026-06-21,овсянников купить,Алтайский край,11235,campaign,DEVICE_ALL,0,,0
2026-06-22,2026-06-22,2026-06-28,овсянников купить,Алтайский край,11235,campaign,DEVICE_ALL,0,,0
2026-06-29,2026-06-29,2026-07-05,овсянников купить,Алтайский край,11235,campaign,DEVICE_ALL,0,,0
2026-07-06,2026-07-06,2026-07-12,овсянников купить,Алтайский край,11235,campaign,DEVICE_ALL,0,,0
2026-07-13,2026-07-13,2026-07-19,овсянников купить,Алтайский край,11235,campaign,DEVICE_ALL,0,,0
2026-07-20,2026-07-20,2026-07-26,овсянников купить,Алтайский край,11235,campaign,DEVICE_ALL,1,3.0852236575813923e-06,0
2026-07-27,2026-07-27,2026-08-02,овсянников купить,Алтайский край,11235,campaign,DEVICE_ALL,2,6.590929417934592e-06,0
2026-08-03,2026-08-03,2026-08-09,овсянников купить,Алтайский край,11235,campaign,DEVICE_ALL,0,,0
2026-08-10,2026-08-10,2026-08-16,овсянников купить,Алтайский край,11235,campaign,DEVICE_ALL,1,3.380852225620091e-06,0
2026-08-17,2026-08-17,2026-08-23,овсянников купить,Алтайский край,11235,campaign,DEVICE_ALL,3,9.995049785009811e-06,0
2026-08-24,2026-08-24,2026-08-30,овсянников купить,Алтайский край,11235,campaign,DEVICE_ALL,0,,0
2026-08-31,2026-08-31,2026-09-06,овсянников купить,Алтайский край,11235,campaign,DEVICE_ALL,0,,0
2026-09-07,2026-09-07,2026-09-13,овсянников купить,Алтайский край,11235,campaign,DEVICE_ALL,1,3.108240754382464e-06,0
2026-03-30,2026-03-30,2026-04-05,овсянников купить,Ивановская область,10687,campaign,DEVICE_ALL,3,1.987591334790812e-05,0
2026-04-06,2026-04-06,2026-04-12,овсянников купить,Ивановская область,10687,campaign,DEVICE_ALL,2,1.2416033469653104e-05,0
2026-04-13,2026-04-13,2026-04-19,овсянников купить,Ивановская область,10687,campaign,DEVICE_ALL,4,2.4569879686213154e-05,0
2026-04-20,2026-04-20,2026-04-26,овсянников купить,Ивановская область,10687,campaign,DEVICE_ALL,1,6.077043542624687e-06,0
2026-04-27,2026-04-27,2026-05-03,овсянников купить,Ивановская область,10687,campaign,DEVICE_ALL,0,,0
2026-05-04,2026-05-04,2026-05-10,овсянников купить,Ивановская область,10687,campaign,DEVICE_ALL,0,,0
2026-05-11,2026-05-11,2026-05-17,овсянников купить,Ивановская область,10687,campaign,DEVICE_ALL,0,,0
2026-05-18,2026-05-18,2026-05-24,овсянников купить,Ивановская область,10687,campaign,DEVICE_ALL,0,,0
2026-05-25,2026-05-25,2026-05-31,овсянников купить,Ивановская область,10687,campaign,DEVICE_ALL,0,,0
2026-06-01,2026-06-01,2026-06-07,овсянников купить,Ивановская область,10687,campaign,DEVICE_ALL,0,,0
2026-06-08,2026-06-08,2026-06-14,овсянников купить,Ивановская область,10687,campaign,DEVICE_ALL,1,6.958849262417649e-06,0
2026-06-15,2026-06-15,2026-06-21,овсянников купить,Ивановская область,10687,campaign,DEVICE_ALL,0,,0
2026-06-22,2026-06-22,2026-06-28,овсянников купить,Ивановская область,10687,campaign,DEVICE_ALL,1,6.809824151953871e-06,0
2026-06-29,2026-06-29,2026-07-05,овсянников купить,Ивановская область,10687,campaign,DEVICE_ALL,1,6.928128701352758e-06,0
2026-07-06,2026-07-06,2026-07-12,овсянников купить,Ивановская область,10687,campaign,DEVICE_ALL,1,6.675469831248796e-06,0
2026-07-13,2026-07-13,2026-07-19,овсянников купить,Ивановская область,10687,campaign,DEVICE_ALL,3,1.870143587754524e-05,0
2026-07-20,2026-07-20,2026-07-26,овсянников купить,Ивановская область,10687,campaign,DEVICE_ALL,2,1.174745164000005e-05,0
2026-07-27,2026-07-27,2026-08-02,овсянников купить,Ивановская область,10687,campaign,DEVICE_ALL,6,3.69471141471239e-05,0
2026-08-03,2026-08-03,2026-08-09,овсянников купить,Ивановская область,10687,campaign,DEVICE_ALL,4,2.5195931436579414e-05,0
2026-08-10,2026-08-10,2026-08-16,овсянников купить,Ивановская область,10687,campaign,DEVICE_ALL,0,,0
2026-08-17,2026-08-17,2026-08-23,овсянников купить,Ивановская область,10687,campaign,DEVICE_ALL,0,,0
2026-08-24,2026-08-24,2026-08-30,овсянников купить,Ивановская область,10687,campaign,DEVICE_ALL,3,1.924356990544287e-05,0
2026-08-31,2026-08-31,2026-09-06,овсянников купить,Ивановская область,10687,campaign,DEVICE_ALL,7,4.244948314418956e-05,0
2026-09-07,2026-09-07,2026-09-13,овсянников купить,Ивановская область,10687,campaign,DEVICE_ALL,1,5.656609629563342e-06,0
2026-03-30,2026-03-30,2026-04-05,овсянников купить,Омская область,11318,campaign,DEVICE_ALL,0,,0
2026-04-06,2026-04-06,2026-04-12,овсянников купить,Омская область,11318,campaign,DEVICE_ALL,0,,0
2026-04-13,2026-04-13,2026-04-19,овсянников купить,Омская область,11318,campaign,DEVICE_ALL,0,,0
2026-04-20,2026-04-20,2026-04-26,овсянников купить,Омская область,11318,campaign,DEVICE_ALL,0,,0
2026-04-27,2026-04-27,2026-05-03,овсянников купить,Омская область,11318,campaign,DEVICE_ALL,0,,0
2026-05-04,2026-05-04,2026-05-10,овсянников купить,Омская область,11318,campaign,DEVICE_ALL,0,,0
2026-05-11,2026-05-11,2026-05-17,овсянников купить,Омская область,11318,campaign,DEVICE_ALL,0,,0
2026-05-18,2026-05-18,2026-05-24,овсянников купить,Омская область,11318,campaign,DEVICE_ALL,0,,0
2026-05-25,2026-05-25,2026-05-31,овсянников купить,Омская область,11318,campaign,DEVICE_ALL,0,,0
2026-06-01,2026-06-01,2026-06-07,овсянников купить,Омская область,11318,campaign,DEVICE_ALL,0,,0
2026-06-08,2026-06-08,2026-06-14,овсянников купить,Омская область,11318,campaign,DEVICE_ALL,0,,0
2026-06-15,2026-06-15,2026-06-21,овсянников купить,Омская область,11318,campaign,DEVICE_ALL,0,,0
2026-06-22,2026-06-22,2026-06-28,овсянников купить,Омская область,11318,campaign,DEVICE_ALL,0,,0
2026-06-29,2026-06-29,2026-07-05,овсянников купить,Омская область,11318,campaign,DEVICE_ALL,0,,0
2026-07-06,2026-07-06,2026-07-12,овсянников купить,Омская область,11318,campaign,DEVICE_ALL,0,,0
2026-07-13,2026-07-13,2026-07-19,овсянников купить,Омская область,11318,campaign,DEVICE_ALL,0,,0
2026-07-20,2026-07-20,2026-07-26,овсянников купить,Омская область,11318,campaign,DEVICE_ALL,0,,0
2026-07-27,2026-07-27,2026-08-02,овсянников купить,Омская область,11318,campaign,DEVICE_ALL,0,,0
2026-08-03,2026-08-03,2026-08-09,овсянников купить,Омская область,11318,campaign,DEVICE_ALL,0,,0
2026-08-10,2026-08-10,2026-08-16,овсянников купить,Омская область,11318,campaign,DEVICE_ALL,0,,0
2026-08-17,2026-08-17,2026-08-23,овсянников купить,Омская область,11318,campaign,DEVICE_ALL,2,7.796861201992192e-06,0
2026-08-24,2026-08-24,2026-08-30,овсянников купить,Омская область,11318,campaign,DEVICE_ALL,0,,0
2026-08-31,2026-08-31,2026-09-06,овсянников купить,Омская область,11318,campaign,DEVICE_ALL,0,,0
2026-09-07,2026-09-07,2026-09-13,овсянников купить,Омская область,11318,campaign,DEVICE_ALL,0,,0
2026-03-30,2026-03-30,2026-04-05,овсянников купить,Астраханская область,10946,control,DEVICE_ALL,1,9.25583203034358e-06,0
2026-04-06,2026-04-06,2026-04-12,овсянников купить,Астраханская область,10946,control,DEVICE_ALL,0,,0
2026-04-13,2026-04-13,2026-04-19,овсянников купить,Астраханская область,10946,control,DEVICE_ALL,0,,0
2026-04-20,2026-04-20,2026-04-26,овсянников купить,Астраханская область,10946,control,DEVICE_ALL,0,,0
2026-04-27,2026-04-27,2026-05-03,овсянников купить,Астраханская область,10946,control,DEVICE_ALL,0,,0
2026-05-04,2026-05-04,2026-05-10,овсянников купить,Астраханская область,10946,control,DEVICE_ALL,0,,0
2026-05-11,2026-05-11,2026-05-17,овсянников купить,Астраханская область,10946,control,DEVICE_ALL,3,2.7408556604196777e-05,0
2026-05-18,2026-05-18,2026-05-24,овсянников купить,Астраханская область,10946,control,DEVICE_ALL,0,,0
2026-05-25,2026-05-25,2026-05-31,овсянников купить,Астраханская область,10946,control,DEVICE_ALL,0,,0
2026-06-01,2026-06-01,2026-06-07,овсянников купить,Астраханская область,10946,control,DEVICE_ALL,0,,0
2026-06-08,2026-06-08,2026-06-14,овсянников купить,Астраханская область,10946,control,DEVICE_ALL,0,,0
2026-06-15,2026-06-15,2026-06-21,овсянников купить,Астраханская область,10946,control,DEVICE_ALL,2,1.844954285261481e-05,0
2026-06-22,2026-06-22,2026-06-28,овсянников купить,Астраханская область,10946,control,DEVICE_ALL,0,,0
2026-06-29,2026-06-29,2026-07-05,овсянников купить,Астраханская область,10946,control,DEVICE_ALL,0,,0
2026-07-06,2026-07-06,2026-07-12,овсянников купить,Астраханская область,10946,control,DEVICE_ALL,0,,0
2026-07-13,2026-07-13,2026-07-19,овсянников купить,Астраханская область,10946,control,DEVICE_ALL,0,,0
2026-07-20,2026-07-20,2026-07-26,овсянников купить,Астраханская область,10946,control,DEVICE_ALL,0,,0
2026-07-27,2026-07-27,2026-08-02,овсянников купить,Астраханская область,10946,control,DEVICE_ALL,0,,0
2026-08-03,2026-08-03,2026-08-09,овсянников купить,Астраханская область,10946,control,DEVICE_ALL,0,,0
2026-08-10,2026-08-10,2026-08-16,овсянников купить,Астраханская область,10946,control,DEVICE_ALL,2,1.710465267933694e-05,0
2026-08-17,2026-08-17,2026-08-23,овсянников купить,Астраханская область,10946,control,DEVICE_ALL,0,,0
2026-08-24,2026-08-24,2026-08-30,овсянников купить,Астраханская область,10946,control,DEVICE_ALL,0,,0
2026-08-31,2026-08-31,2026-09-06,овсянников купить,Астраханская область,10946,control,DEVICE_ALL,0,,0
2026-09-07,2026-09-07,2026-09-13,овсянников купить,Астраханская область,10946,control,DEVICE_ALL,0,,0
2026-03-30,2026-03-30,2026-04-05,овсянников купить,Кемеровская область,11282,control,DEVICE_ALL,0,,0
2026-04-06,2026-04-06,2026-04-12,овсянников купить,Кемеровская область,11282,control,DEVICE_ALL,1,2.7571139744046085e-06,0
2026-04-13,2026-04-13,2026-04-19,овсянников купить,Кемеровская область,11282,control,DEVICE_ALL,5,1.3408855583675415e-05,0
2026-04-20,2026-04-20,2026-04-26,овсянников купить,Кемеровская область,11282,control,DEVICE_ALL,0,,0
2026-04-27,2026-04-27,2026-05-03,овсянников купить,Кемеровская область,11282,control,DEVICE_ALL,0,,0
2026-05-04,2026-05-04,2026-05-10,овсянников купить,Кемеровская область,11282,control,DEVICE_ALL,0,,0
2026-05-11,2026-05-11,2026-05-17,овсянников купить,Кемеровская область,11282,control,DEVICE_ALL,0,,0
2026-05-18,2026-05-18,2026-05-24,овсянников купить,Кемеровская область,11282,control,DEVICE_ALL,0,,0
2026-05-25,2026-05-25,2026-05-31,овсянников купить,Кемеровская область,11282,control,DEVICE_ALL,0,,0
2026-06-01,2026-06-01,2026-06-07,овсянников купить,Кемеровская область,11282,control,DEVICE_ALL,0,,0
2026-06-08,2026-06-08,2026-06-14,овсянников купить,Кемеровская область,11282,control,DEVICE_ALL,0,,0
2026-06-15,2026-06-15,2026-06-21,овсянников купить,Кемеровская область,11282,control,DEVICE_ALL,0,,0
2026-06-22,2026-06-22,2026-06-28,овсянников купить,Кемеровская область,11282,control,DEVICE_ALL,2,6.114380181459517e-06,0
2026-06-29,2026-06-29,2026-07-05,овсянников купить,Кемеровская область,11282,control,DEVICE_ALL,0,,0
2026-07-06,2026-07-06,2026-07-12,овсянников купить,Кемеровская область,11282,control,DEVICE_ALL,0,,0
2026-07-13,2026-07-13,2026-07-19,овсянников купить,Кемеровская область,11282,control,DEVICE_ALL,0,,0
2026-07-20,2026-07-20,2026-07-26,овсянников купить,Кемеровская область,11282,control,DEVICE_ALL,0,,0
2026-07-27,2026-07-27,2026-08-02,овсянников купить,Кемеровская область,11282,control,DEVICE_ALL,0,,0
2026-08-03,2026-08-03,2026-08-09,овсянников купить,Кемеровская область,11282,control,DEVICE_ALL,1,2.9912245846116333e-06,0
2026-08-10,2026-08-10,2026-08-16,овсянников купить,Кемеровская область,11282,control,DEVICE_ALL,0,,0
2026-08-17,2026-08-17,2026-08-23,овсянников купить,Кемеровская область,11282,control,DEVICE_ALL,0,,0
2026-08-24,2026-08-24,2026-08-30,овсянников купить,Кемеровская область,11282,control,DEVICE_ALL,0,,0
2026-08-31,2026-08-31,2026-09-06,овсянников купить,Кемеровская область,11282,control,DEVICE_ALL,2,5.987201339312991e-06,0
2026-09-07,2026-09-07,2026-09-13,овсянников купить,Кемеровская область,11282,control,DEVICE_ALL,0,,0
2026-03-30,2026-03-30,2026-04-05,овсянников купить,Кировская область,11070,control,DEVICE_ALL,0,,0
2026-04-06,2026-04-06,2026-04-12,овсянников купить,Кировская область,11070,control,DEVICE_ALL,1,5.0616140150828e-06,0
2026-04-13,2026-04-13,2026-04-19,овсянников купить,Кировская область,11070,control,DEVICE_ALL,0,,0
2026-04-20,2026-04-20,2026-04-26,овсянников купить,Кировская область,11070,control,DEVICE_ALL,0,,0
2026-04-27,2026-04-27,2026-05-03,овсянников купить,Кировская область,11070,control,DEVICE_ALL,0,,0
2026-05-04,2026-05-04,2026-05-10,овсянников купить,Кировская область,11070,control,DEVICE_ALL,2,1.1501822923915211e-05,0
2026-05-11,2026-05-11,2026-05-17,овсянников купить,Кировская область,11070,control,DEVICE_ALL,2,1.185394236044235e-05,0
2026-05-18,2026-05-18,2026-05-24,овсянников купить,Кировская область,11070,control,DEVICE_ALL,3,1.7552556889738405e-05,0
2026-05-25,2026-05-25,2026-05-31,овсянников купить,Кировская область,11070,control,DEVICE_ALL,0,,0
2026-06-01,2026-06-01,2026-06-07,овсянников купить,Кировская область,11070,control,DEVICE_ALL,0,,0
2026-06-08,2026-06-08,2026-06-14,овсянников купить,Кировская область,11070,control,DEVICE_ALL,5,2.9291313655077325e-05,0
2026-06-15,2026-06-15,2026-06-21,овсянников купить,Кировская область,11070,control,DEVICE_ALL,0,,0
2026-06-22,2026-06-22,2026-06-28,овсянников купить,Кировская область,11070,control,DEVICE_ALL,1,5.486252302100044e-06,0
2026-06-29,2026-06-29,2026-07-05,овсянников купить,Кировская область,11070,control,DEVICE_ALL,2,1.1984608646499646e-05,0
2026-07-06,2026-07-06,2026-07-12,овсянников купить,Кировская область,11070,control,DEVICE_ALL,0,,0
2026-07-13,2026-07-13,2026-07-19,овсянников купить,Кировская область,11070,control,DEVICE_ALL,5,2.63581775850585e-05,0
2026-07-20,2026-07-20,2026-07-26,овсянников купить,Кировская область,11070,control,DEVICE_ALL,6,3.1327215058616355e-05,0
2026-07-27,2026-07-27,2026-08-02,овсянников купить,Кировская область,11070,control,DEVICE_ALL,3,1.6220189724315167e-05,0
2026-08-03,2026-08-03,2026-08-09,овсянников купить,Кировская область,11070,control,DEVICE_ALL,0,,0
2026-08-10,2026-08-10,2026-08-16,овсянников купить,Кировская область,11070,control,DEVICE_ALL,8,4.213112723516162e-05,0
2026-08-17,2026-08-17,2026-08-23,овсянников купить,Кировская область,11070,control,DEVICE_ALL,4,2.164977803565069e-05,0
2026-08-24,2026-08-24,2026-08-30,овсянников купить,Кировская область,11070,control,DEVICE_ALL,2,1.0934168922522392e-05,0
2026-08-31,2026-08-31,2026-09-06,овсянников купить,Кировская область,11070,control,DEVICE_ALL,0,,0
2026-09-07,2026-09-07,2026-09-13,овсянников купить,Кировская область,11070,control,DEVICE_ALL,1,4.852936844510787e-06,0
2026-03-30,2026-03-30,2026-04-05,овсянников купить,Курганская область,11158,control,DEVICE_ALL,0,,0
2026-04-06,2026-04-06,2026-04-12,овсянников купить,Курганская область,11158,control,DEVICE_ALL,0,,0
2026-04-13,2026-04-13,2026-04-19,овсянников купить,Курганская область,11158,control,DEVICE_ALL,0,,0
2026-04-20,2026-04-20,2026-04-26,овсянников купить,Курганская область,11158,control,DEVICE_ALL,0,,0
2026-04-27,2026-04-27,2026-05-03,овсянников купить,Курганская область,11158,control,DEVICE_ALL,0,,0
2026-05-04,2026-05-04,2026-05-10,овсянников купить,Курганская область,11158,control,DEVICE_ALL,0,,0
2026-05-11,2026-05-11,2026-05-17,овсянников купить,Курганская область,11158,control,DEVICE_ALL,0,,0
2026-05-18,2026-05-18,2026-05-24,овсянников купить,Курганская область,11158,control,DEVICE_ALL,2,2.145576277650444e-05,0
2026-05-25,2026-05-25,2026-05-31,овсянников купить,Курганская область,11158,control,DEVICE_ALL,0,,0
2026-06-01,2026-06-01,2026-06-07,овсянников купить,Курганская область,11158,control,DEVICE_ALL,0,,0
2026-06-08,2026-06-08,2026-06-14,овсянников купить,Курганская область,11158,control,DEVICE_ALL,0,,0
2026-06-15,2026-06-15,2026-06-21,овсянников купить,Курганская область,11158,control,DEVICE_ALL,0,,0
2026-06-22,2026-06-22,2026-06-28,овсянников купить,Курганская область,11158,control,DEVICE_ALL,0,,0
2026-06-29,2026-06-29,2026-07-05,овсянников купить,Курганская область,11158,control,DEVICE_ALL,0,,0
2026-07-06,2026-07-06,2026-07-12,овсянников купить,Курганская область,11158,control,DEVICE_ALL,0,,0
2026-07-13,2026-07-13,2026-07-19,овсянников купить,Курганская область,11158,control,DEVICE_ALL,0,,0
2026-07-20,2026-07-20,2026-07-26,овсянников купить,Курганская область,11158,control,DEVICE_ALL,0,,0
2026-07-27,2026-07-27,2026-08-02,овсянников купить,Курганская область,11158,control,DEVICE_ALL,0,,0
2026-08-03,2026-08-03,2026-08-09,овсянников купить,Курганская область,11158,control,DEVICE_ALL,0,,0
2026-08-10,2026-08-10,2026-08-16,овсянников купить,Курганская область,11158,control,DEVICE_ALL,0,,0
2026-08-17,2026-08-17,2026-08-23,овсянников купить,Курганская область,11158,control,DEVICE_ALL,0,,0
2026-08-24,2026-08-24,2026-08-30,овсянников купить,Курганская область,11158,control,DEVICE_ALL,0,,0
2026-08-31,2026-08-31,2026-09-06,овсянников купить,Курганская область,11158,control,DEVICE_ALL,0,,0
2026-09-07,2026-09-07,2026-09-13,овсянников купить,Курганская область,11158,control,DEVICE_ALL,0,,0
2026-03-30,2026-03-30,2026-04-05,овсянников купить,Пензенская область,11095,control,DEVICE_ALL,0,,0
2026-04-06,2026-04-06,2026-04-12,овсянников купить,Пензенская область,11095,control,DEVICE_ALL,0,,0
2026-04-13,2026-04-13,2026-04-19,овсянников купить,Пензенская область,11095,control,DEVICE_ALL,0,,0
2026-04-20,2026-04-20,2026-04-26,овсянников купить,Пензенская область,11095,control,DEVICE_ALL,0,,0
2026-04-27,2026-04-27,2026-05-03,овсянников купить,Пензенская область,11095,control,DEVICE_ALL,0,,0
2026-05-04,2026-05-04,2026-05-10,овсянников купить,Пензенская область,11095,control,DEVICE_ALL,0,,0
2026-05-11,2026-05-11,2026-05-17,овсянников купить,Пензенская область,11095,control,DEVICE_ALL,0,,0
2026-05-18,2026-05-18,2026-05-24,овсянников купить,Пензенская область,11095,control,DEVICE_ALL,0,,0
2026-05-25,2026-05-25,2026-05-31,овсянников купить,Пензенская область,11095,control,DEVICE_ALL,0,,0
2026-06-01,2026-06-01,2026-06-07,овсянников купить,Пензенская область,11095,control,DEVICE_ALL,0,,0
2026-06-08,2026-06-08,2026-06-14,овсянников купить,Пензенская область,11095,control,DEVICE_ALL,0,,0
2026-06-15,2026-06-15,2026-06-21,овсянников купить,Пензенская область,11095,control,DEVICE_ALL,2,1.0631829422078206e-05,0
2026-06-22,2026-06-22,2026-06-28,овсянников купить,Пензенская область,11095,control,DEVICE_ALL,0,,0
2026-06-29,2026-06-29,2026-07-05,овсянников купить,Пензенская область,11095,control,DEVICE_ALL,0,,0
2026-07-06,2026-07-06,2026-07-12,овсянников купить,Пензенская область,11095,control,DEVICE_ALL,0,,0
2026-07-13,2026-07-13,2026-07-19,овсянников купить,Пензенская область,11095,control,DEVICE_ALL,0,,0
2026-07-20,2026-07-20,2026-07-26,овсянников купить,Пензенская область,11095,control,DEVICE_ALL,0,,0
2026-07-27,2026-07-27,2026-08-02,овсянников купить,Пензенская область,11095,control,DEVICE_ALL,0,,0
2026-08-03,2026-08-03,2026-08-09,овсянников купить,Пензенская область,11095,control,DEVICE_ALL,4,2.0432895408707968e-05,0
2026-08-10,2026-08-10,2026-08-16,овсянников купить,Пензенская область,11095,control,DEVICE_ALL,0,,0
2026-08-17,2026-08-17,2026-08-23,овсянников купить,Пензенская область,11095,control,DEVICE_ALL,0,,0
2026-08-24,2026-08-24,2026-08-30,овсянников купить,Пензенская область,11095,control,DEVICE_ALL,0,,0
2026-08-31,2026-08-31,2026-09-06,овсянников купить,Пензенская область,11095,control,DEVICE_ALL,0,,0
2026-09-07,2026-09-07,2026-09-13,овсянников купить,Пензенская область,11095,control,DEVICE_ALL,0,,0
2026-03-30,2026-03-30,2026-04-05,овсянников купить,Ростовская область,11029,control,DEVICE_ALL,2,3.0147947434280036e-06,0
2026-04-06,2026-04-06,2026-04-12,овсянников купить,Ростовская область,11029,control,DEVICE_ALL,1,1.4658133697980794e-06,0
2026-04-13,2026-04-13,2026-04-19,овсянников купить,Ростовская область,11029,control,DEVICE_ALL,3,4.366835618566341e-06,0
2026-04-20,2026-04-20,2026-04-26,овсянников купить,Ростовская область,11029,control,DEVICE_ALL,3,4.293514067376828e-06,0
2026-04-27,2026-04-27,2026-05-03,овсянников купить,Ростовская область,11029,control,DEVICE_ALL,4,6.125204696684457e-06,0
2026-05-04,2026-05-04,2026-05-10,овсянников купить,Ростовская область,11029,control,DEVICE_ALL,0,,0
2026-05-11,2026-05-11,2026-05-17,овсянников купить,Ростовская область,11029,control,DEVICE_ALL,7,1.0563807456982628e-05,0
2026-05-18,2026-05-18,2026-05-24,овсянников купить,Ростовская область,11029,control,DEVICE_ALL,2,3.0882926977581663e-06,0
2026-05-25,2026-05-25,2026-05-31,овсянников купить,Ростовская область,11029,control,DEVICE_ALL,2,3.041848828417475e-06,0
2026-06-01,2026-06-01,2026-06-07,овсянников купить,Ростовская область,11029,control,DEVICE_ALL,0,,0
2026-06-08,2026-06-08,2026-06-14,овсянников купить,Ростовская область,11029,control,DEVICE_ALL,7,1.088752540779032e-05,0
2026-06-15,2026-06-15,2026-06-21,овсянников купить,Ростовская область,11029,control,DEVICE_ALL,0,,0
2026-06-22,2026-06-22,2026-06-28,овсянников купить,Ростовская область,11029,control,DEVICE_ALL,0,,0
2026-06-29,2026-06-29,2026-07-05,овсянников купить,Ростовская область,11029,control,DEVICE_ALL,1,1.5644068897793526e-06,0
2026-07-06,2026-07-06,2026-07-12,овсянников купить,Ростовская область,11029,control,DEVICE_ALL,0,,0
2026-07-13,2026-07-13,2026-07-19,овсянников купить,Ростовская область,11029,control,DEVICE_ALL,0,,0
2026-07-20,2026-07-20,2026-07-26,овсянников купить,Ростовская область,11029,control,DEVICE_ALL,0,,0
2026-07-27,2026-07-27,2026-08-02,овсянников купить,Ростовская область,11029,control,DEVICE_ALL,7,1.0089989008398403e-05,0
2026-08-03,2026-08-03,2026-08-09,овсянников купить,Ростовская область,11029,control,DEVICE_ALL,6,8.65519802919987e-06,0
2026-08-10,2026-08-10,2026-08-16,овсянников купить,Ростовская область,11029,control,DEVICE_ALL,3,4.274269136308979e-06,0
2026-08-17,2026-08-17,2026-08-23,овсянников купить,Ростовская область,11029,control,DEVICE_ALL,3,4.3124943829760665e-06,0
2026-08-24,2026-08-24,2026-08-30,овсянников купить,Ростовская область,11029,control,DEVICE_ALL,3,4.355195456381367e-06,0
2026-08-31,2026-08-31,2026-09-06,овсянников купить,Ростовская область,11029,control,DEVICE_ALL,0,,0
2026-09-07,2026-09-07,2026-09-13,овсянников купить,Ростовская область,11029,control,DEVICE_ALL,6,7.978508981826432e-06,0
2026-03-30,2026-03-30,2026-04-05,овсянников купить,Тульская область,10832,control,DEVICE_ALL,3,1.2110562166240475e-05,0
2026-04-06,2026-04-06,2026-04-12,овсянников купить,Тульская область,10832,control,DEVICE_ALL,4,1.5259035866974166e-05,0
2026-04-13,2026-04-13,2026-04-19,овсянников купить,Тульская область,10832,control,DEVICE_ALL,0,,0
2026-04-20,2026-04-20,2026-04-26,овсянников купить,Тульская область,10832,control,DEVICE_ALL,5,1.890789081494749e-05,0
2026-04-27,2026-04-27,2026-05-03,овсянников купить,Тульская область,10832,control,DEVICE_ALL,1,4.039479285267462e-06,0
2026-05-04,2026-05-04,2026-05-10,овсянников купить,Тульская область,10832,control,DEVICE_ALL,1,4.489280585603308e-06,0
2026-05-11,2026-05-11,2026-05-17,овсянников купить,Тульская область,10832,control,DEVICE_ALL,4,1.7185648917643536e-05,0
2026-05-18,2026-05-18,2026-05-24,овсянников купить,Тульская область,10832,control,DEVICE_ALL,0,,0
2026-05-25,2026-05-25,2026-05-31,овсянников купить,Тульская область,10832,control,DEVICE_ALL,0,,0
2026-06-01,2026-06-01,2026-06-07,овсянников купить,Тульская область,10832,control,DEVICE_ALL,2,8.414354097140436e-06,0
2026-06-08,2026-06-08,2026-06-14,овсянников купить,Тульская область,10832,control,DEVICE_ALL,1,4.123812862526966e-06,0
2026-06-15,2026-06-15,2026-06-21,овсянников купить,Тульская область,10832,control,DEVICE_ALL,0,,0
2026-06-22,2026-06-22,2026-06-28,овсянников купить,Тульская область,10832,control,DEVICE_ALL,8,3.246065697367104e-05,0
2026-06-29,2026-06-29,2026-07-05,овсянников купить,Тульская область,10832,control,DEVICE_ALL,2,8.242856987420411e-06,0
2026-07-06,2026-07-06,2026-07-12,овсянников купить,Тульская область,10832,control,DEVICE_ALL,2,7.730641565170429e-06,0
2026-07-13,2026-07-13,2026-07-19,овсянников купить,Тульская область,10832,control,DEVICE_ALL,2,7.542879762875998e-06,0
2026-07-20,2026-07-20,2026-07-26,овсянников купить,Тульская область,10832,control,DEVICE_ALL,3,1.0578840661325646e-05,0
2026-07-27,2026-07-27,2026-08-02,овсянников купить,Тульская область,10832,control,DEVICE_ALL,0,,0
2026-08-03,2026-08-03,2026-08-09,овсянников купить,Тульская область,10832,control,DEVICE_ALL,0,,0
2026-08-10,2026-08-10,2026-08-16,овсянников купить,Тульская область,10832,control,DEVICE_ALL,2,7.51580423314145e-06,0
2026-08-17,2026-08-17,2026-08-23,овсянников купить,Тульская область,10832,control,DEVICE_ALL,0,,0
2026-08-24,2026-08-24,2026-08-30,овсянников купить,Тульская область,10832,control,DEVICE_ALL,0,,0
2026-08-31,2026-08-31,2026-09-06,овсянников купить,Тульская область,10832,control,DEVICE_ALL,0,,0
2026-09-07,2026-09-07,2026-09-13,овсянников купить,Тульская область,10832,control,DEVICE_ALL,1,3.515334627867028e-06,0
2026-03-30,2026-03-30,2026-04-05,овсянников мыло,Тюменская область,11176,campaign,DEVICE_ALL,0,,0
2026-04-06,2026-04-06,2026-04-12,овсянников мыло,Тюменская область,11176,campaign,DEVICE_ALL,0,,0
2026-04-13,2026-04-13,2026-04-19,овсянников мыло,Тюменская область,11176,campaign,DEVICE_ALL,0,,0
2026-04-20,2026-04-20,2026-04-26,овсянников мыло,Тюменская область,11176,campaign,DEVICE_ALL,2,6.832751729506118e-06,0
2026-04-27,2026-04-27,2026-05-03,овсянников мыло,Тюменская область,11176,campaign,DEVICE_ALL,0,,0
2026-05-04,2026-05-04,2026-05-10,овсянников мыло,Тюменская область,11176,campaign,DEVICE_ALL,0,,0
2026-05-11,2026-05-11,2026-05-17,овсянников мыло,Тюменская область,11176,campaign,DEVICE_ALL,1,3.851126094302294e-06,0
2026-05-18,2026-05-18,2026-05-24,овсянников мыло,Тюменская область,11176,campaign,DEVICE_ALL,0,,0
2026-05-25,2026-05-25,2026-05-31,овсянников мыло,Тюменская область,11176,campaign,DEVICE_ALL,0,,0
2026-06-01,2026-06-01,2026-06-07,овсянников мыло,Тюменская область,11176,campaign,DEVICE_ALL,0,,0
2026-06-08,2026-06-08,2026-06-14,овсянников мыло,Тюменская область,11176,campaign,DEVICE_ALL,0,,0
2026-06-15,2026-06-15,2026-06-21,овсянников мыло,Тюменская область,11176,campaign,DEVICE_ALL,0,,0
2026-06-22,2026-06-22,2026-06-28,овсянников мыло,Тюменская область,11176,campaign,DEVICE_ALL,1,3.684217060953419e-06,0
2026-06-29,2026-06-29,2026-07-05,овсянников мыло,Тюменская область,11176,campaign,DEVICE_ALL,0,,0
2026-07-06,2026-07-06,2026-07-12,овсянников мыло,Тюменская область,11176,campaign,DEVICE_ALL,0,,0
2026-07-13,2026-07-13,2026-07-19,овсянников мыло,Тюменская область,11176,campaign,DEVICE_ALL,0,,0
2026-07-20,2026-07-20,2026-07-26,овсянников мыло,Тюменская область,11176,campaign,DEVICE_ALL,0,,0
2026-07-27,2026-07-27,2026-08-02,овсянников мыло,Тюменская область,11176,campaign,DEVICE_ALL,0,,0
2026-08-03,2026-08-03,2026-08-09,овсянников мыло,Тюменская область,11176,campaign,DEVICE_ALL,2,7.3643179647381734e-06,0
2026-08-10,2026-08-10,2026-08-16,овсянников мыло,Тюменская область,11176,campaign,DEVICE_ALL,0,,0
2026-08-17,2026-08-17,2026-08-23,овсянников мыло,Тюменская область,11176,campaign,DEVICE_ALL,5,1.8065261117090712e-05,0
2026-08-24,2026-08-24,2026-08-30,овсянников мыло,Тюменская область,11176,campaign,DEVICE_ALL,0,,0
2026-08-31,2026-08-31,2026-09-06,овсянников мыло,Тюменская область,11176,campaign,DEVICE_ALL,7,2.4898724438347026e-05,0
2026-09-07,2026-09-07,2026-09-13,овсянников мыло,Тюменская область,11176,campaign,DEVICE_ALL,0,,0
2026-03-30,2026-03-30,2026-04-05,овсянников мыло,Волгоградская область,10950,campaign,DEVICE_ALL,0,,0
2026-04-06,2026-04-06,2026-04-12,овсянников мыло,Волгоградская область,10950,campaign,DEVICE_ALL,1,2.7972061616745443e-06,0
2026-04-13,2026-04-13,2026-04-19,овсянников мыло,Волгоградская область,10950,campaign,DEVICE_ALL,0,,0
2026-04-20,2026-04-20,2026-04-26,овсянников мыло,Волгоградская область,10950,campaign,DEVICE_ALL,0,,0
2026-04-27,2026-04-27,2026-05-03,овсянников мыло,Волгоградская область,10950,campaign,DEVICE_ALL,3,8.537468959185774e-06,0
2026-05-04,2026-05-04,2026-05-10,овсянников мыло,Волгоградская область,10950,campaign,DEVICE_ALL,7,2.229111734321216e-05,0
2026-05-11,2026-05-11,2026-05-17,овсянников мыло,Волгоградская область,10950,campaign,DEVICE_ALL,0,,0
2026-05-18,2026-05-18,2026-05-24,овсянников мыло,Волгоградская область,10950,campaign,DEVICE_ALL,0,,0
2026-05-25,2026-05-25,2026-05-31,овсянников мыло,Волгоградская область,10950,campaign,DEVICE_ALL,0,,0
2026-06-01,2026-06-01,2026-06-07,овсянников мыло,Волгоградская область,10950,campaign,DEVICE_ALL,2,5.865999225453462e-06,0
2026-06-08,2026-06-08,2026-06-14,овсянников мыло,Волгоградская область,10950,campaign,DEVICE_ALL,0,,0
2026-06-15,2026-06-15,2026-06-21,овсянников мыло,Волгоградская область,10950,campaign,DEVICE_ALL,1,2.8849374989830596e-06,0
2026-06-22,2026-06-22,2026-06-28,овсянников мыло,Волгоградская область,10950,campaign,DEVICE_ALL,2,5.8170796613866294e-06,0
2026-06-29,2026-06-29,2026-07-05,овсянников мыло,Волгоградская область,10950,campaign,DEVICE_ALL,0,,0
2026-07-06,2026-07-06,2026-07-12,овсянников мыло,Волгоградская область,10950,campaign,DEVICE_ALL,1,2.9510875244457024e-06,0
2026-07-13,2026-07-13,2026-07-19,овсянников мыло,Волгоградская область,10950,campaign,DEVICE_ALL,5,1.3605204132074641e-05,0
2026-07-20,2026-07-20,2026-07-26,овсянников мыло,Волгоградская область,10950,campaign,DEVICE_ALL,10,2.5655292615031663e-05,0
2026-07-27,2026-07-27,2026-08-02,овсянников мыло,Волгоградская область,10950,campaign,DEVICE_ALL,11,2.911185962113085e-05,0
2026-08-03,2026-08-03,2026-08-09,овсянников мыло,Волгоградская область,10950,campaign,DEVICE_ALL,0,,0
2026-08-10,2026-08-10,2026-08-16,овсянников мыло,Волгоградская область,10950,campaign,DEVICE_ALL,10,2.7383544494234424e-05,0
2026-08-17,2026-08-17,2026-08-23,овсянников мыло,Волгоградская область,10950,campaign,DEVICE_ALL,7,1.9108769710525342e-05,0
2026-08-24,2026-08-24,2026-08-30,овсянников мыло,Волгоградская область,10950,campaign,DEVICE_ALL,4,1.1021884972136537e-05,0
2026-08-31,2026-08-31,2026-09-06,овсянников мыло,Волгоградская область,10950,campaign,DEVICE_ALL,6,1.60277536582346e-05,0
2026-09-07,2026-09-07,2026-09-13,овсянников мыло,Волгоградская область,10950,campaign,DEVICE_ALL,0,,0
2026-03-30,2026-03-30,2026-04-05,овсянников мыло,Воронежская область,10672,campaign,DEVICE_ALL,0,,0
2026-04-06,2026-04-06,2026-04-12,овсянников мыло,Воронежская область,10672,campaign,DEVICE_ALL,0,,0
2026-04-13,2026-04-13,2026-04-19,овсянников мыло,Воронежская область,10672,campaign,DEVICE_ALL,1,2.3098636861663974e-06,0
2026-04-20,2026-04-20,2026-04-26,овсянников мыло,Воронежская область,10672,campaign,DEVICE_ALL,1,2.325579286102508e-06,0
2026-04-27,2026-04-27,2026-05-03,овсянников мыло,Воронежская область,10672,campaign,DEVICE_ALL,1,2.505741656431547e-06,0
2026-05-04,2026-05-04,2026-05-10,овсянников мыло,Воронежская область,10672,campaign,DEVICE_ALL,0,,0
2026-05-11,2026-05-11,2026-05-17,овсянников мыло,Воронежская область,10672,campaign,DEVICE_ALL,0,,0
2026-05-18,2026-05-18,2026-05-24,овсянников мыло,Воронежская область,10672,campaign,DEVICE_ALL,3,7.817247756567152e-06,0
2026-05-25,2026-05-25,2026-05-31,овсянников мыло,Воронежская область,10672,campaign,DEVICE_ALL,1,2.566086807175487e-06,0
2026-06-01,2026-06-01,2026-06-07,овсянников мыло,Воронежская область,10672,campaign,DEVICE_ALL,1,2.6098297253133337e-06,0
2026-06-08,2026-06-08,2026-06-14,овсянников мыло,Воронежская область,10672,campaign,DEVICE_ALL,2,5.2174888033342466e-06,0
2026-06-15,2026-06-15,2026-06-21,овсянников мыло,Воронежская область,10672,campaign,DEVICE_ALL,0,,0
2026-06-22,2026-06-22,2026-06-28,овсянников мыло,Воронежская область,10672,campaign,DEVICE_ALL,1,2.5803498360897275e-06,0
2026-06-29,2026-06-29,2026-07-05,овсянников мыло,Воронежская область,10672,campaign,DEVICE_ALL,1,2.662683150663506e-06,0
2026-07-06,2026-07-06,2026-07-12,овсянников мыло,Воронежская область,10672,campaign,DEVICE_ALL,0,,0
2026-07-13,2026-07-13,2026-07-19,овсянников мыло,Воронежская область,10672,campaign,DEVICE_ALL,4,9.559964398692579e-06,0
2026-07-20,2026-07-20,2026-07-26,овсянников мыло,Воронежская область,10672,campaign,DEVICE_ALL,2,4.54025636466758e-06,0
2026-07-27,2026-07-27,2026-08-02,овсянников мыло,Воронежская область,10672,campaign,DEVICE_ALL,16,3.776599326674827e-05,0
2026-08-03,2026-08-03,2026-08-09,овсянников мыло,Воронежская область,10672,campaign,DEVICE_ALL,0,,0
2026-08-10,2026-08-10,2026-08-16,овсянников мыло,Воронежская область,10672,campaign,DEVICE_ALL,4,9.70843977727383e-06,0
2026-08-17,2026-08-17,2026-08-23,овсянников мыло,Воронежская область,10672,campaign,DEVICE_ALL,3,7.374739677834989e-06,0
2026-08-24,2026-08-24,2026-08-30,овсянников мыло,Воронежская область,10672,campaign,DEVICE_ALL,4,1.0009947134716446e-05,0
2026-08-31,2026-08-31,2026-09-06,овсянников мыло,Воронежская область,10672,campaign,DEVICE_ALL,4,9.46866738661679e-06,0
2026-09-07,2026-09-07,2026-09-13,овсянников мыло,Воронежская область,10672,campaign,DEVICE_ALL,2,4.431219028133078e-06,0
2026-03-30,2026-03-30,2026-04-05,овсянников мыло,Республика Мордовия,11117,campaign,DEVICE_ALL,0,,0
2026-04-06,2026-04-06,2026-04-12,овсянников мыло,Республика Мордовия,11117,campaign,DEVICE_ALL,0,,0
2026-04-13,2026-04-13,2026-04-19,овсянников мыло,Республика Мордовия,11117,campaign,DEVICE_ALL,0,,0
2026-04-20,2026-04-20,2026-04-26,овсянников мыло,Республика Мордовия,11117,campaign,DEVICE_ALL,0,,0
2026-04-27,2026-04-27,2026-05-03,овсянников мыло,Республика Мордовия,11117,campaign,DEVICE_ALL,0,,0
2026-05-04,2026-05-04,2026-05-10,овсянников мыло,Республика Мордовия,11117,campaign,DEVICE_ALL,0,,0
2026-05-11,2026-05-11,2026-05-17,овсянников мыло,Республика Мордовия,11117,campaign,DEVICE_ALL,0,,0
2026-05-18,2026-05-18,2026-05-24,овсянников мыло,Республика Мордовия,11117,campaign,DEVICE_ALL,0,,0
2026-05-25,2026-05-25,2026-05-31,овсянников мыло,Республика Мордовия,11117,campaign,DEVICE_ALL,0,,0
2026-06-01,2026-06-01,2026-06-07,овсянников мыло,Республика Мордовия,11117,campaign,DEVICE_ALL,0,,0
2026-06-08,2026-06-08,2026-06-14,овсянников мыло,Республика Мордовия,11117,campaign,DEVICE_ALL,0,,0
2026-06-15,2026-06-15,2026-06-21,овсянников мыло,Республика Мордовия,11117,campaign,DEVICE_ALL,0,,0
2026-06-22,2026-06-22,2026-06-28,овсянников мыло,Республика Мордовия,11117,campaign,DEVICE_ALL,0,,0
2026-06-29,2026-06-29,2026-07-05,овсянников мыло,Республика Мордовия,11117,campaign,DEVICE_ALL,0,,0
2026-07-06,2026-07-06,2026-07-12,овсянников мыло,Республика Мордовия,11117,campaign,DEVICE_ALL,0,,0
2026-07-13,2026-07-13,2026-07-19,овсянников мыло,Республика Мордовия,11117,campaign,DEVICE_ALL,3,2.759566174120899e-05,0
2026-07-20,2026-07-20,2026-07-26,овсянников мыло,Республика Мордовия,11117,campaign,DEVICE_ALL,0,,0
2026-07-27,2026-07-27,2026-08-02,овсянников мыло,Республика Мордовия,11117,campaign,DEVICE_ALL,0,,0
2026-08-03,2026-08-03,2026-08-09,овсянников мыло,Республика Мордовия,11117,campaign,DEVICE_ALL,0,,0
2026-08-10,2026-08-10,2026-08-16,овсянников мыло,Республика Мордовия,11117,campaign,DEVICE_ALL,0,,0
2026-08-17,2026-08-17,2026-08-23,овсянников мыло,Республика Мордовия,11117,campaign,DEVICE_ALL,0,,0
2026-08-24,2026-08-24,2026-08-30,овсянников мыло,Республика Мордовия,11117,campaign,DEVICE_ALL,0,,0
2026-08-31,2026-08-31,2026-09-06,овсянников мыло,Республика Мордовия,11117,campaign,DEVICE_ALL,0,,0
2026-09-07,2026-09-07,2026-09-13,овсянников мыло,Республика Мордовия,11117,campaign,DEVICE_ALL,0,,0
2026-03-30,2026-03-30,2026-04-05,овсянников мыло,Орловская область,10772,campaign,DEVICE_ALL,0,,0
2026-04-06,2026-04-06,2026-04-12,овсянников мыло,Орловская область,10772,campaign,DEVICE_ALL,0,,0
2026-04-13,2026-04-13,2026-04-19,овсянников мыло,Орловская область,10772,campaign,DEVICE_ALL,1,7.663294459484086e-06,0
2026-04-20,2026-04-20,2026-04-26,овсянников мыло,Орловская область,10772,campaign,DEVICE_ALL,0,,0
2026-04-27,2026-04-27,2026-05-03,овсянников мыло,Орловская область,10772,campaign,DEVICE_ALL,0,,0
2026-05-04,2026-05-04,2026-05-10,овсянников мыло,Орловская область,10772,campaign,DEVICE_ALL,0,,0
2026-05-11,2026-05-11,2026-05-17,овсянников мыло,Орловская область,10772,campaign,DEVICE_ALL,0,,0
2026-05-18,2026-05-18,2026-05-24,овсянников мыло,Орловская область,10772,campaign,DEVICE_ALL,0,,0
2026-05-25,2026-05-25,2026-05-31,овсянников мыло,Орловская область,10772,campaign,DEVICE_ALL,0,,0
2026-06-01,2026-06-01,2026-06-07,овсянников мыло,Орловская область,10772,campaign,DEVICE_ALL,0,,0
2026-06-08,2026-06-08,2026-06-14,овсянников мыло,Орловская область,10772,campaign,DEVICE_ALL,0,,0
2026-06-15,2026-06-15,2026-06-21,овсянников мыло,Орловская область,10772,campaign,DEVICE_ALL,0,,0
2026-06-22,2026-06-22,2026-06-28,овсянников мыло,Орловская область,10772,campaign,DEVICE_ALL,0,,0
2026-06-29,2026-06-29,2026-07-05,овсянников мыло,Орловская область,10772,campaign,DEVICE_ALL,1,8.63118323941599e-06,0
2026-07-06,2026-07-06,2026-07-12,овсянников мыло,Орловская область,10772,campaign,DEVICE_ALL,0,,0
2026-07-13,2026-07-13,2026-07-19,овсянников мыло,Орловская область,10772,campaign,DEVICE_ALL,0,,0
2026-07-20,2026-07-20,2026-07-26,овсянников мыло,Орловская область,10772,campaign,DEVICE_ALL,0,,0
2026-07-27,2026-07-27,2026-08-02,овсянников мыло,Орловская область,10772,campaign,DEVICE_ALL,2,1.5632769975201737e-05,0
2026-08-03,2026-08-03,2026-08-09,овсянников мыло,Орловская область,10772,campaign,DEVICE_ALL,0,,0
2026-08-10,2026-08-10,2026-08-16,овсянников мыло,Орловская область,10772,campaign,DEVICE_ALL,0,,0
2026-08-17,2026-08-17,2026-08-23,овсянников мыло,Орловская область,10772,campaign,DEVICE_ALL,2,1.6131695288730326e-05,0
2026-08-24,2026-08-24,2026-08-30,овсянников мыло,Орловская область,10772,campaign,DEVICE_ALL,2,1.673111632099483e-05,0
2026-08-31,2026-08-31,2026-09-06,овсянников мыло,Орловская область,10772,campaign,DEVICE_ALL,0,,0
2026-09-07,2026-09-07,2026-09-13,овсянников мыло,Орловская область,10772,campaign,DEVICE_ALL,0,,0
2026-03-30,2026-03-30,2026-04-05,овсянников мыло,Рязанская область,10776,campaign,DEVICE_ALL,0,,0
2026-04-06,2026-04-06,2026-04-12,овсянников мыло,Рязанская область,10776,campaign,DEVICE_ALL,0,,0
2026-04-13,2026-04-13,2026-04-19,овсянников мыло,Рязанская область,10776,campaign,DEVICE_ALL,0,,0
2026-04-20,2026-04-20,2026-04-26,овсянников мыло,Рязанская область,10776,campaign,DEVICE_ALL,0,,0
2026-04-27,2026-04-27,2026-05-03,овсянников мыло,Рязанская область,10776,campaign,DEVICE_ALL,0,,0
2026-05-04,2026-05-04,2026-05-10,овсянников мыло,Рязанская область,10776,campaign,DEVICE_ALL,0,,0
2026-05-11,2026-05-11,2026-05-17,овсянников мыло,Рязанская область,10776,campaign,DEVICE_ALL,1,5.279197764660965e-06,0
2026-05-18,2026-05-18,2026-05-24,овсянников мыло,Рязанская область,10776,campaign,DEVICE_ALL,1,5.25497203119961e-06,0
2026-05-25,2026-05-25,2026-05-31,овсянников мыло,Рязанская область,10776,campaign,DEVICE_ALL,0,,0
2026-06-01,2026-06-01,2026-06-07,овсянников мыло,Рязанская область,10776,campaign,DEVICE_ALL,0,,0
2026-06-08,2026-06-08,2026-06-14,овсянников мыло,Рязанская область,10776,campaign,DEVICE_ALL,1,5.069048551752553e-06,0
2026-06-15,2026-06-15,2026-06-21,овсянников мыло,Рязанская область,10776,campaign,DEVICE_ALL,0,,0
2026-06-22,2026-06-22,2026-06-28,овсянников мыло,Рязанская область,10776,campaign,DEVICE_ALL,0,,0
2026-06-29,2026-06-29,2026-07-05,овсянников мыло,Рязанская область,10776,campaign,DEVICE_ALL,0,,0
2026-07-06,2026-07-06,2026-07-12,овсянников мыло,Рязанская область,10776,campaign,DEVICE_ALL,1,4.8694403225984735e-06,0
2026-07-13,2026-07-13,2026-07-19,овсянников мыло,Рязанская область,10776,campaign,DEVICE_ALL,0,,0
2026-07-20,2026-07-20,2026-07-26,овсянников мыло,Рязанская область,10776,campaign,DEVICE_ALL,6,2.542182109978103e-05,0
2026-07-27,2026-07-27,2026-08-02,овсянников мыло,Рязанская область,10776,campaign,DEVICE_ALL,0,,0
2026-08-03,2026-08-03,2026-08-09,овсянников мыло,Рязанская область,10776,campaign,DEVICE_ALL,0,,0
2026-08-10,2026-08-10,2026-08-16,овсянников мыло,Рязанская область,10776,campaign,DEVICE_ALL,2,9.262738789932479e-06,0
2026-08-17,2026-08-17,2026-08-23,овсянников мыло,Рязанская область,10776,campaign,DEVICE_ALL,6,2.8404606962139594e-05,0
2026-08-24,2026-08-24,2026-08-30,овсянников мыло,Рязанская область,10776,campaign,DEVICE_ALL,0,,0
2026-08-31,2026-08-31,2026-09-06,овсянников мыло,Рязанская область,10776,campaign,DEVICE_ALL,0,,0
2026-09-07,2026-09-07,2026-09-13,овсянников мыло,Рязанская область,10776,campaign,DEVICE_ALL,2,8.780651553321408e-06,0
2026-03-30,2026-03-30,2026-04-05,овсянников мыло,Ярославская область,10841,campaign,DEVICE_ALL,0,,0
2026-04-06,2026-04-06,2026-04-12,овсянников мыло,Ярославская область,10841,campaign,DEVICE_ALL,0,,0
2026-04-13,2026-04-13,2026-04-19,овсянников мыло,Ярославская область,10841,campaign,DEVICE_ALL,1,4.228983558726879e-06,0
2026-04-20,2026-04-20,2026-04-26,овсянников мыло,Ярославская область,10841,campaign,DEVICE_ALL,3,1.2706973837145643e-05,0
2026-04-27,2026-04-27,2026-05-03,овсянников мыло,Ярославская область,10841,campaign,DEVICE_ALL,0,,0
2026-05-04,2026-05-04,2026-05-10,овсянников мыло,Ярославская область,10841,campaign,DEVICE_ALL,0,,0
2026-05-11,2026-05-11,2026-05-17,овсянников мыло,Ярославская область,10841,campaign,DEVICE_ALL,1,4.6942366697057155e-06,0
2026-05-18,2026-05-18,2026-05-24,овсянников мыло,Ярославская область,10841,campaign,DEVICE_ALL,0,,0
2026-05-25,2026-05-25,2026-05-31,овсянников мыло,Ярославская область,10841,campaign,DEVICE_ALL,0,,0
2026-06-01,2026-06-01,2026-06-07,овсянников мыло,Ярославская область,10841,campaign,DEVICE_ALL,3,1.3894484635270474e-05,0
2026-06-08,2026-06-08,2026-06-14,овсянников мыло,Ярославская область,10841,campaign,DEVICE_ALL,2,9.028544827898782e-06,0
2026-06-15,2026-06-15,2026-06-21,овсянников мыло,Ярославская область,10841,campaign,DEVICE_ALL,7,3.063986588843158e-05,0
2026-06-22,2026-06-22,2026-06-28,овсянников мыло,Ярославская область,10841,campaign,DEVICE_ALL,1,4.531955498009792e-06,0
2026-06-29,2026-06-29,2026-07-05,овсянников мыло,Ярославская область,10841,campaign,DEVICE_ALL,6,2.761075190289851e-05,0
2026-07-06,2026-07-06,2026-07-12,овсянников мыло,Ярославская область,10841,campaign,DEVICE_ALL,5,2.232732637456064e-05,0
2026-07-13,2026-07-13,2026-07-19,овсянников мыло,Ярославская область,10841,campaign,DEVICE_ALL,5,2.112047945177994e-05,0
2026-07-20,2026-07-20,2026-07-26,овсянников мыло,Ярославская область,10841,campaign,DEVICE_ALL,4,1.56679816803691e-05,0
2026-07-27,2026-07-27,2026-08-02,овсянников мыло,Ярославская область,10841,campaign,DEVICE_ALL,17,7.159363989056112e-05,0
2026-08-03,2026-08-03,2026-08-09,овсянников мыло,Ярославская область,10841,campaign,DEVICE_ALL,11,4.71423385771328e-05,0
2026-08-10,2026-08-10,2026-08-16,овсянников мыло,Ярославская область,10841,campaign,DEVICE_ALL,8,3.2870950006202335e-05,0
2026-08-17,2026-08-17,2026-08-23,овсянников мыло,Ярославская область,10841,campaign,DEVICE_ALL,3,1.2680989421518625e-05,0
2026-08-24,2026-08-24,2026-08-30,овсянников мыло,Ярославская область,10841,campaign,DEVICE_ALL,2,8.623058766231722e-06,0
2026-08-31,2026-08-31,2026-09-06,овсянников мыло,Ярославская область,10841,campaign,DEVICE_ALL,5,2.0466176103340762e-05,0
2026-09-07,2026-09-07,2026-09-13,овсянников мыло,Ярославская область,10841,campaign,DEVICE_ALL,19,7.40428981169722e-05,0
2026-03-30,2026-03-30,2026-04-05,овсянников мыло,Костромская область,10699,campaign,DEVICE_ALL,0,,0
2026-04-06,2026-04-06,2026-04-12,овсянников мыло,Костромская область,10699,campaign,DEVICE_ALL,0,,0
2026-04-13,2026-04-13,2026-04-19,овсянников мыло,Костромская область,10699,campaign,DEVICE_ALL,0,,0
2026-04-20,2026-04-20,2026-04-26,овсянников мыло,Костромская область,10699,campaign,DEVICE_ALL,0,,0
2026-04-27,2026-04-27,2026-05-03,овсянников мыло,Костромская область,10699,campaign,DEVICE_ALL,0,,0
2026-05-04,2026-05-04,2026-05-10,овсянников мыло,Костромская область,10699,campaign,DEVICE_ALL,0,,0
2026-05-11,2026-05-11,2026-05-17,овсянников мыло,Костромская область,10699,campaign,DEVICE_ALL,0,,0
2026-05-18,2026-05-18,2026-05-24,овсянников мыло,Костромская область,10699,campaign,DEVICE_ALL,1,1.1030005032991296e-05,0
2026-05-25,2026-05-25,2026-05-31,овсянников мыло,Костромская область,10699,campaign,DEVICE_ALL,0,,0
2026-06-01,2026-06-01,2026-06-07,овсянников мыло,Костромская область,10699,campaign,DEVICE_ALL,0,,0
2026-06-08,2026-06-08,2026-06-14,овсянников мыло,Костромская область,10699,campaign,DEVICE_ALL,0,,0
2026-06-15,2026-06-15,2026-06-21,овсянников мыло,Костромская область,10699,campaign,DEVICE_ALL,0,,0
2026-06-22,2026-06-22,2026-06-28,овсянников мыло,Костромская область,10699,campaign,DEVICE_ALL,0,,0
2026-06-29,2026-06-29,2026-07-05,овсянников мыло,Костромская область,10699,campaign,DEVICE_ALL,0,,0
2026-07-06,2026-07-06,2026-07-12,овсянников мыло,Костромская область,10699,campaign,DEVICE_ALL,0,,0
2026-07-13,2026-07-13,2026-07-19,овсянников мыло,Костромская область,10699,campaign,DEVICE_ALL,0,,0
2026-07-20,2026-07-20,2026-07-26,овсянников мыло,Костромская область,10699,campaign,DEVICE_ALL,0,,0
2026-07-27,2026-07-27,2026-08-02,овсянников мыло,Костромская область,10699,campaign,DEVICE_ALL,2,1.920787123196789e-05,0
2026-08-03,2026-08-03,2026-08-09,овсянников мыло,Костромская область,10699,campaign,DEVICE_ALL,2,1.9870719114369998e-05,0
2026-08-10,2026-08-10,2026-08-16,овсянников мыло,Костромская область,10699,campaign,DEVICE_ALL,0,,0
2026-08-17,2026-08-17,2026-08-23,овсянников мыло,Костромская область,10699,campaign,DEVICE_ALL,5,4.980055376223761e-05,0
2026-08-24,2026-08-24,2026-08-30,овсянников мыло,Костромская область,10699,campaign,DEVICE_ALL,0,,0
2026-08-31,2026-08-31,2026-09-06,овсянников мыло,Костромская область,10699,campaign,DEVICE_ALL,0,,0
2026-09-07,2026-09-07,2026-09-13,овсянников мыло,Костромская область,10699,campaign,DEVICE_ALL,0,,0
2026-03-30,2026-03-30,2026-04-05,овсянников мыло,Липецкая область,10712,campaign,DEVICE_ALL,0,,0
2026-04-06,2026-04-06,2026-04-12,овсянников мыло,Липецкая область,10712,campaign,DEVICE_ALL,2,1.035760512075854e-05,0
2026-04-13,2026-04-13,2026-04-19,овсянников мыло,Липецкая область,10712,campaign,DEVICE_ALL,2,9.993953158641364e-06,0
2026-04-20,2026-04-20,2026-04-26,овсянников мыло,Липецкая область,10712,campaign,DEVICE_ALL,1,5.041648808726449e-06,0
2026-04-27,2026-04-27,2026-05-03,овсянников мыло,Липецкая область,10712,campaign,DEVICE_ALL,0,,0
2026-05-04,2026-05-04,2026-05-10,овсянников мыло,Липецкая область,10712,campaign,DEVICE_ALL,0,,0
2026-05-11,2026-05-11,2026-05-17,овсянников мыло,Липецкая область,10712,campaign,DEVICE_ALL,0,,0
2026-05-18,2026-05-18,2026-05-24,овсянников мыло,Липецкая область,10712,campaign,DEVICE_ALL,0,,0
2026-05-25,2026-05-25,2026-05-31,овсянников мыло,Липецкая область,10712,campaign,DEVICE_ALL,0,,0
2026-06-01,2026-06-01,2026-06-07,овсянников мыло,Липецкая область,10712,campaign,DEVICE_ALL,0,,0
2026-06-08,2026-06-08,2026-06-14,овсянников мыло,Липецкая область,10712,campaign,DEVICE_ALL,0,,0
2026-06-15,2026-06-15,2026-06-21,овсянников мыло,Липецкая область,10712,campaign,DEVICE_ALL,0,,0
2026-06-22,2026-06-22,2026-06-28,овсянников мыло,Липецкая область,10712,campaign,DEVICE_ALL,0,,0
2026-06-29,2026-06-29,2026-07-05,овсянников мыло,Липецкая область,10712,campaign,DEVICE_ALL,0,,0
2026-07-06,2026-07-06,2026-07-12,овсянников мыло,Липецкая область,10712,campaign,DEVICE_ALL,0,,0
2026-07-13,2026-07-13,2026-07-19,овсянников мыло,Липецкая область,10712,campaign,DEVICE_ALL,0,,0
2026-07-20,2026-07-20,2026-07-26,овсянников мыло,Липецкая область,10712,campaign,DEVICE_ALL,0,,0
2026-07-27,2026-07-27,2026-08-02,овсянников мыло,Липецкая область,10712,campaign,DEVICE_ALL,0,,0
2026-08-03,2026-08-03,2026-08-09,овсянников мыло,Липецкая область,10712,campaign,DEVICE_ALL,0,,0
2026-08-10,2026-08-10,2026-08-16,овсянников мыло,Липецкая область,10712,campaign,DEVICE_ALL,0,,0
2026-08-17,2026-08-17,2026-08-23,овсянников мыло,Липецкая область,10712,campaign,DEVICE_ALL,0,,0
2026-08-24,2026-08-24,2026-08-30,овсянников мыло,Липецкая область,10712,campaign,DEVICE_ALL,1,5.401301584050518e-06,0
2026-08-31,2026-08-31,2026-09-06,овсянников мыло,Липецкая область,10712,campaign,DEVICE_ALL,0,,0
2026-09-07,2026-09-07,2026-09-13,овсянников мыло,Липецкая область,10712,campaign,DEVICE_ALL,2,9.824427653405982e-06,0
2026-03-30,2026-03-30,2026-04-05,овсянников мыло,Республика Башкортостан,11111,campaign,DEVICE_ALL,0,,0
2026-04-06,2026-04-06,2026-04-12,овсянников мыло,Республика Башкортостан,11111,campaign,DEVICE_ALL,0,,0
2026-04-13,2026-04-13,2026-04-19,овсянников мыло,Республика Башкортостан,11111,campaign,DEVICE_ALL,1,1.7472692453145755e-06,0
2026-04-20,2026-04-20,2026-04-26,овсянников мыло,Республика Башкортостан,11111,campaign,DEVICE_ALL,0,,0
2026-04-27,2026-04-27,2026-05-03,овсянников мыло,Республика Башкортостан,11111,campaign,DEVICE_ALL,3,5.590332392219509e-06,0
2026-05-04,2026-05-04,2026-05-10,овсянников мыло,Республика Башкортостан,11111,campaign,DEVICE_ALL,0,,0
2026-05-11,2026-05-11,2026-05-17,овсянников мыло,Республика Башкортостан,11111,campaign,DEVICE_ALL,0,,0
2026-05-18,2026-05-18,2026-05-24,овсянников мыло,Республика Башкортостан,11111,campaign,DEVICE_ALL,0,,0
2026-05-25,2026-05-25,2026-05-31,овсянников мыло,Республика Башкортостан,11111,campaign,DEVICE_ALL,0,,0
2026-06-01,2026-06-01,2026-06-07,овсянников мыло,Республика Башкортостан,11111,campaign,DEVICE_ALL,1,1.8447381657048972e-06,0
2026-06-08,2026-06-08,2026-06-14,овсянников мыло,Республика Башкортостан,11111,campaign,DEVICE_ALL,0,,0
2026-06-15,2026-06-15,2026-06-21,овсянников мыло,Республика Башкортостан,11111,campaign,DEVICE_ALL,5,9.562722701467633e-06,0
2026-06-22,2026-06-22,2026-06-28,овсянников мыло,Республика Башкортостан,11111,campaign,DEVICE_ALL,0,,0
2026-06-29,2026-06-29,2026-07-05,овсянников мыло,Республика Башкортостан,11111,campaign,DEVICE_ALL,1,1.9832094742993603e-06,0
2026-07-06,2026-07-06,2026-07-12,овсянников мыло,Республика Башкортостан,11111,campaign,DEVICE_ALL,0,,0
2026-07-13,2026-07-13,2026-07-19,овсянников мыло,Республика Башкортостан,11111,campaign,DEVICE_ALL,0,,0
2026-07-20,2026-07-20,2026-07-26,овсянников мыло,Республика Башкортостан,11111,campaign,DEVICE_ALL,0,,0
2026-07-27,2026-07-27,2026-08-02,овсянников мыло,Республика Башкортостан,11111,campaign,DEVICE_ALL,1,1.7154124560009571e-06,0
2026-08-03,2026-08-03,2026-08-09,овсянников мыло,Республика Башкортостан,11111,campaign,DEVICE_ALL,6,1.0944433070341038e-05,0
2026-08-10,2026-08-10,2026-08-16,овсянников мыло,Республика Башкортостан,11111,campaign,DEVICE_ALL,4,6.958658955080812e-06,0
2026-08-17,2026-08-17,2026-08-23,овсянников мыло,Республика Башкортостан,11111,campaign,DEVICE_ALL,2,3.5672198889631464e-06,0
2026-08-24,2026-08-24,2026-08-30,овсянников мыло,Республика Башкортостан,11111,campaign,DEVICE_ALL,2,3.6227431102897953e-06,0
2026-08-31,2026-08-31,2026-09-06,овсянников мыло,Республика Башкортостан,11111,campaign,DEVICE_ALL,0,,0
2026-09-07,2026-09-07,2026-09-13,овсянников мыло,Республика Башкортостан,11111,campaign,DEVICE_ALL,2,3.14022548137851e-06,0
2026-03-30,2026-03-30,2026-04-05,овсянников мыло,Новосибирская область,11316,campaign,DEVICE_ALL,0,,0
2026-04-06,2026-04-06,2026-04-12,овсянников мыло,Новосибирская область,11316,campaign,DEVICE_ALL,0,,0
2026-04-13,2026-04-13,2026-04-19,овсянников мыло,Новосибирская область,11316,campaign,DEVICE_ALL,0,,0
2026-04-20,2026-04-20,2026-04-26,овсянников мыло,Новосибирская область,11316,campaign,DEVICE_ALL,0,,0
2026-04-27,2026-04-27,2026-05-03,овсянников мыло,Новосибирская область,11316,campaign,DEVICE_ALL,0,,0
2026-05-04,2026-05-04,2026-05-10,овсянников мыло,Новосибирская область,11316,campaign,DEVICE_ALL,0,,0
2026-05-11,2026-05-11,2026-05-17,овсянников мыло,Новосибирская область,11316,campaign,DEVICE_ALL,0,,0
2026-05-18,2026-05-18,2026-05-24,овсянников мыло,Новосибирская область,11316,campaign,DEVICE_ALL,0,,0
2026-05-25,2026-05-25,2026-05-31,овсянников мыло,Новосибирская область,11316,campaign,DEVICE_ALL,0,,0
2026-06-01,2026-06-01,2026-06-07,овсянников мыло,Новосибирская область,11316,campaign,DEVICE_ALL,0,,0
2026-06-08,2026-06-08,2026-06-14,овсянников мыло,Новосибирская область,11316,campaign,DEVICE_ALL,0,,0
2026-06-15,2026-06-15,2026-06-21,овсянников мыло,Новосибирская область,11316,campaign,DEVICE_ALL,0,,0
2026-06-22,2026-06-22,2026-06-28,овсянников мыло,Новосибирская область,11316,campaign,DEVICE_ALL,0,,0
2026-06-29,2026-06-29,2026-07-05,овсянников мыло,Новосибирская область,11316,campaign,DEVICE_ALL,1,2.033822509001139e-06,0
2026-07-06,2026-07-06,2026-07-12,овсянников мыло,Новосибирская область,11316,campaign,DEVICE_ALL,0,,0
2026-07-13,2026-07-13,2026-07-19,овсянников мыло,Новосибирская область,11316,campaign,DEVICE_ALL,0,,0
2026-07-20,2026-07-20,2026-07-26,овсянников мыло,Новосибирская область,11316,campaign,DEVICE_ALL,0,,0
2026-07-27,2026-07-27,2026-08-02,овсянников мыло,Новосибирская область,11316,campaign,DEVICE_ALL,0,,0
2026-08-03,2026-08-03,2026-08-09,овсянников мыло,Новосибирская область,11316,campaign,DEVICE_ALL,1,1.8976203101239125e-06,0
2026-08-10,2026-08-10,2026-08-16,овсянников мыло,Новосибирская область,11316,campaign,DEVICE_ALL,9,1.7435105713210993e-05,0
2026-08-17,2026-08-17,2026-08-23,овсянников мыло,Новосибирская область,11316,campaign,DEVICE_ALL,2,3.8116440274387294e-06,0
2026-08-24,2026-08-24,2026-08-30,овсянников мыло,Новосибирская область,11316,campaign,DEVICE_ALL,3,5.79764749244209e-06,0
2026-08-31,2026-08-31,2026-09-06,овсянников мыло,Новосибирская область,11316,campaign,DEVICE_ALL,2,3.77278507522443e-06,0
2026-09-07,2026-09-07,2026-09-13,овсянников мыло,Новосибирская область,11316,campaign,DEVICE_ALL,1,1.7491576406634093e-06,0
2026-03-30,2026-03-30,2026-04-05,овсянников мыло,Саратовская область,11146,campaign,DEVICE_ALL,1,2.890280166995764e-06,0
2026-04-06,2026-04-06,2026-04-12,овсянников мыло,Саратовская область,11146,campaign,DEVICE_ALL,1,2.725679592329916e-06,0
2026-04-13,2026-04-13,2026-04-19,овсянников мыло,Саратовская область,11146,campaign,DEVICE_ALL,0,,0
2026-04-20,2026-04-20,2026-04-26,овсянников мыло,Саратовская область,11146,campaign,DEVICE_ALL,2,5.411934978090728e-06,0
2026-04-27,2026-04-27,2026-05-03,овсянников мыло,Саратовская область,11146,campaign,DEVICE_ALL,1,2.847781304976418e-06,0
2026-05-04,2026-05-04,2026-05-10,овсянников мыло,Саратовская область,11146,campaign,DEVICE_ALL,1,3.200274455537307e-06,0
2026-05-11,2026-05-11,2026-05-17,овсянников мыло,Саратовская область,11146,campaign,DEVICE_ALL,0,,0
2026-05-18,2026-05-18,2026-05-24,овсянников мыло,Саратовская область,11146,campaign,DEVICE_ALL,0,,0
2026-05-25,2026-05-25,2026-05-31,овсянников мыло,Саратовская область,11146,campaign,DEVICE_ALL,0,,0
2026-06-01,2026-06-01,2026-06-07,овсянников мыло,Саратовская область,11146,campaign,DEVICE_ALL,0,,0
2026-06-08,2026-06-08,2026-06-14,овсянников мыло,Саратовская область,11146,campaign,DEVICE_ALL,3,9.20206981542887e-06,0
2026-06-15,2026-06-15,2026-06-21,овсянников мыло,Саратовская область,11146,campaign,DEVICE_ALL,0,,0
2026-06-22,2026-06-22,2026-06-28,овсянников мыло,Саратовская область,11146,campaign,DEVICE_ALL,0,,0
2026-06-29,2026-06-29,2026-07-05,овсянников мыло,Саратовская область,11146,campaign,DEVICE_ALL,0,,0
2026-07-06,2026-07-06,2026-07-12,овсянников мыло,Саратовская область,11146,campaign,DEVICE_ALL,0,,0
2026-07-13,2026-07-13,2026-07-19,овсянников мыло,Саратовская область,11146,campaign,DEVICE_ALL,1,2.7644083311969064e-06,0
2026-07-20,2026-07-20,2026-07-26,овсянников мыло,Саратовская область,11146,campaign,DEVICE_ALL,2,5.4782366367045474e-06,0
2026-07-27,2026-07-27,2026-08-02,овсянников мыло,Саратовская область,11146,campaign,DEVICE_ALL,2,5.520315852599948e-06,0
2026-08-03,2026-08-03,2026-08-09,овсянников мыло,Саратовская область,11146,campaign,DEVICE_ALL,7,2.0193721252795388e-05,0
2026-08-10,2026-08-10,2026-08-16,овсянников мыло,Саратовская область,11146,campaign,DEVICE_ALL,4,1.1364687597239109e-05,0
2026-08-17,2026-08-17,2026-08-23,овсянников мыло,Саратовская область,11146,campaign,DEVICE_ALL,2,5.74286434030698e-06,0
2026-08-24,2026-08-24,2026-08-30,овсянников мыло,Саратовская область,11146,campaign,DEVICE_ALL,0,,0
2026-08-31,2026-08-31,2026-09-06,овсянников мыло,Саратовская область,11146,campaign,DEVICE_ALL,0,,0
2026-09-07,2026-09-07,2026-09-13,овсянников мыло,Саратовская область,11146,campaign,DEVICE_ALL,0,,0
2026-03-30,2026-03-30,2026-04-05,овсянников мыло,Томская область,11353,campaign,DEVICE_ALL,0,,0
2026-04-06,2026-04-06,2026-04-12,овсянников мыло,Томская область,11353,campaign,DEVICE_ALL,0,,0
2026-04-13,2026-04-13,2026-04-19,овсянников мыло,Томская область,11353,campaign,DEVICE_ALL,0,,0
2026-04-20,2026-04-20,2026-04-26,овсянников мыло,Томская область,11353,campaign,DEVICE_ALL,0,,0
2026-04-27,2026-04-27,2026-05-03,овсянников мыло,Томская область,11353,campaign,DEVICE_ALL,0,,0
2026-05-04,2026-05-04,2026-05-10,овсянников мыло,Томская область,11353,campaign,DEVICE_ALL,0,,0
2026-05-11,2026-05-11,2026-05-17,овсянников мыло,Томская область,11353,campaign,DEVICE_ALL,0,,0
2026-05-18,2026-05-18,2026-05-24,овсянников мыло,Томская область,11353,campaign,DEVICE_ALL,0,,0
2026-05-25,2026-05-25,2026-05-31,овсянников мыло,Томская область,11353,campaign,DEVICE_ALL,0,,0
2026-06-01,2026-06-01,2026-06-07,овсянников мыло,Томская область,11353,campaign,DEVICE_ALL,0,,0
2026-06-08,2026-06-08,2026-06-14,овсянников мыло,Томская область,11353,campaign,DEVICE_ALL,0,,0
2026-06-15,2026-06-15,2026-06-21,овсянников мыло,Томская область,11353,campaign,DEVICE_ALL,0,,0
2026-06-22,2026-06-22,2026-06-28,овсянников мыло,Томская область,11353,campaign,DEVICE_ALL,0,,0
2026-06-29,2026-06-29,2026-07-05,овсянников мыло,Томская область,11353,campaign,DEVICE_ALL,0,,0
2026-07-06,2026-07-06,2026-07-12,овсянников мыло,Томская область,11353,campaign,DEVICE_ALL,0,,0
2026-07-13,2026-07-13,2026-07-19,овсянников мыло,Томская область,11353,campaign,DEVICE_ALL,0,,0
2026-07-20,2026-07-20,2026-07-26,овсянников мыло,Томская область,11353,campaign,DEVICE_ALL,0,,0
2026-07-27,2026-07-27,2026-08-02,овсянников мыло,Томская область,11353,campaign,DEVICE_ALL,0,,0
2026-08-03,2026-08-03,2026-08-09,овсянников мыло,Томская область,11353,campaign,DEVICE_ALL,0,,0
2026-08-10,2026-08-10,2026-08-16,овсянников мыло,Томская область,11353,campaign,DEVICE_ALL,0,,0
2026-08-17,2026-08-17,2026-08-23,овсянников мыло,Томская область,11353,campaign,DEVICE_ALL,0,,0
2026-08-24,2026-08-24,2026-08-30,овсянников мыло,Томская область,11353,campaign,DEVICE_ALL,0,,0
2026-08-31,2026-08-31,2026-09-06,овсянников мыло,Томская область,11353,campaign,DEVICE_ALL,0,,0
2026-09-07,2026-09-07,2026-09-13,овсянников мыло,Томская область,11353,campaign,DEVICE_ALL,0,,0
2026-03-30,2026-03-30,2026-04-05,овсянников мыло,Вологодская область,10853,campaign,DEVICE_ALL,0,,0
2026-04-06,2026-04-06,2026-04-12,овсянников мыло,Вологодская область,10853,campaign,DEVICE_ALL,0,,0
2026-04-13,2026-04-13,2026-04-19,овсянников мыло,Вологодская область,10853,campaign,DEVICE_ALL,0,,0
2026-04-20,2026-04-20,2026-04-26,овсянников мыло,Вологодская область,10853,campaign,DEVICE_ALL,0,,0
2026-04-27,2026-04-27,2026-05-03,овсянников мыло,Вологодская область,10853,campaign,DEVICE_ALL,0,,0
2026-05-04,2026-05-04,2026-05-10,овсянников мыло,Вологодская область,10853,campaign,DEVICE_ALL,0,,0
2026-05-11,2026-05-11,2026-05-17,овсянников мыло,Вологодская область,10853,campaign,DEVICE_ALL,0,,0
2026-05-18,2026-05-18,2026-05-24,овсянников мыло,Вологодская область,10853,campaign,DEVICE_ALL,2,1.1006633092399969e-05,0
2026-05-25,2026-05-25,2026-05-31,овсянников мыло,Вологодская область,10853,campaign,DEVICE_ALL,0,,0
2026-06-01,2026-06-01,2026-06-07,овсянников мыло,Вологодская область,10853,campaign,DEVICE_ALL,1,5.555351242082097e-06,0
2026-06-08,2026-06-08,2026-06-14,овсянников мыло,Вологодская область,10853,campaign,DEVICE_ALL,0,,0
2026-06-15,2026-06-15,2026-06-21,овсянников мыло,Вологодская область,10853,campaign,DEVICE_ALL,1,5.3220401061491545e-06,0
2026-06-22,2026-06-22,2026-06-28,овсянников мыло,Вологодская область,10853,campaign,DEVICE_ALL,0,,0
2026-06-29,2026-06-29,2026-07-05,овсянников мыло,Вологодская область,10853,campaign,DEVICE_ALL,0,,0
2026-07-06,2026-07-06,2026-07-12,овсянников мыло,Вологодская область,10853,campaign,DEVICE_ALL,0,,0
2026-07-13,2026-07-13,2026-07-19,овсянников мыло,Вологодская область,10853,campaign,DEVICE_ALL,0,,0
2026-07-20,2026-07-20,2026-07-26,овсянников мыло,Вологодская область,10853,campaign,DEVICE_ALL,0,,0
2026-07-27,2026-07-27,2026-08-02,овсянников мыло,Вологодская область,10853,campaign,DEVICE_ALL,3,1.5031014996343455e-05,0
2026-08-03,2026-08-03,2026-08-09,овсянников мыло,Вологодская область,10853,campaign,DEVICE_ALL,0,,0
2026-08-10,2026-08-10,2026-08-16,овсянников мыло,Вологодская область,10853,campaign,DEVICE_ALL,0,,0
2026-08-17,2026-08-17,2026-08-23,овсянников мыло,Вологодская область,10853,campaign,DEVICE_ALL,0,,0
2026-08-24,2026-08-24,2026-08-30,овсянников мыло,Вологодская область,10853,campaign,DEVICE_ALL,1,5.16286116472599e-06,0
2026-08-31,2026-08-31,2026-09-06,овсянников мыло,Вологодская область,10853,campaign,DEVICE_ALL,0,,0
2026-09-07,2026-09-07,2026-09-13,овсянников мыло,Вологодская область,10853,campaign,DEVICE_ALL,0,,0
2026-03-30,2026-03-30,2026-04-05,овсянников мыло,Алтайский край,11235,campaign,DEVICE_ALL,0,,0
2026-04-06,2026-04-06,2026-04-12,овсянников мыло,Алтайский край,11235,campaign,DEVICE_ALL,0,,0
2026-04-13,2026-04-13,2026-04-19,овсянников мыло,Алтайский край,11235,campaign,DEVICE_ALL,0,,0
2026-04-20,2026-04-20,2026-04-26,овсянников мыло,Алтайский край,11235,campaign,DEVICE_ALL,0,,0
2026-04-27,2026-04-27,2026-05-03,овсянников мыло,Алтайский край,11235,campaign,DEVICE_ALL,0,,0
2026-05-04,2026-05-04,2026-05-10,овсянников мыло,Алтайский край,11235,campaign,DEVICE_ALL,0,,0
2026-05-11,2026-05-11,2026-05-17,овсянников мыло,Алтайский край,11235,campaign,DEVICE_ALL,0,,0
2026-05-18,2026-05-18,2026-05-24,овсянников мыло,Алтайский край,11235,campaign,DEVICE_ALL,0,,0
2026-05-25,2026-05-25,2026-05-31,овсянников мыло,Алтайский край,11235,campaign,DEVICE_ALL,0,,0
2026-06-01,2026-06-01,2026-06-07,овсянников мыло,Алтайский край,11235,campaign,DEVICE_ALL,0,,0
2026-06-08,2026-06-08,2026-06-14,овсянников мыло,Алтайский край,11235,campaign,DEVICE_ALL,0,,0
2026-06-15,2026-06-15,2026-06-21,овсянников мыло,Алтайский край,11235,campaign,DEVICE_ALL,0,,0
2026-06-22,2026-06-22,2026-06-28,овсянников мыло,Алтайский край,11235,campaign,DEVICE_ALL,0,,0
2026-06-29,2026-06-29,2026-07-05,овсянников мыло,Алтайский край,11235,campaign,DEVICE_ALL,0,,0
2026-07-06,2026-07-06,2026-07-12,овсянников мыло,Алтайский край,11235,campaign,DEVICE_ALL,0,,0
2026-07-13,2026-07-13,2026-07-19,овсянников мыло,Алтайский край,11235,campaign,DEVICE_ALL,0,,0
2026-07-20,2026-07-20,2026-07-26,овсянников мыло,Алтайский край,11235,campaign,DEVICE_ALL,2,6.1704473151627845e-06,0
2026-07-27,2026-07-27,2026-08-02,овсянников мыло,Алтайский край,11235,campaign,DEVICE_ALL,0,,0
2026-08-03,2026-08-03,2026-08-09,овсянников мыло,Алтайский край,11235,campaign,DEVICE_ALL,0,,0
2026-08-10,2026-08-10,2026-08-16,овсянников мыло,Алтайский край,11235,campaign,DEVICE_ALL,0,,0
2026-08-17,2026-08-17,2026-08-23,овсянников мыло,Алтайский край,11235,campaign,DEVICE_ALL,0,,0
2026-08-24,2026-08-24,2026-08-30,овсянников мыло,Алтайский край,11235,campaign,DEVICE_ALL,0,,0
2026-08-31,2026-08-31,2026-09-06,овсянников мыло,Алтайский край,11235,campaign,DEVICE_ALL,0,,0
2026-09-07,2026-09-07,2026-09-13,овсянников мыло,Алтайский край,11235,campaign,DEVICE_ALL,0,,0
2026-03-30,2026-03-30,2026-04-05,овсянников мыло,Ивановская область,10687,campaign,DEVICE_ALL,1,6.625304449302706e-06,0
2026-04-06,2026-04-06,2026-04-12,овсянников мыло,Ивановская область,10687,campaign,DEVICE_ALL,1,6.208016734826552e-06,0
2026-04-13,2026-04-13,2026-04-19,овсянников мыло,Ивановская область,10687,campaign,DEVICE_ALL,10,6.142469921553287e-05,0
2026-04-20,2026-04-20,2026-04-26,овсянников мыло,Ивановская область,10687,campaign,DEVICE_ALL,1,6.077043542624687e-06,0
2026-04-27,2026-04-27,2026-05-03,овсянников мыло,Ивановская область,10687,campaign,DEVICE_ALL,4,2.592526627192856e-05,0
2026-05-04,2026-05-04,2026-05-10,овсянников мыло,Ивановская область,10687,campaign,DEVICE_ALL,2,1.4422977765104786e-05,0
2026-05-11,2026-05-11,2026-05-17,овсянников мыло,Ивановская область,10687,campaign,DEVICE_ALL,3,2.0853933833943602e-05,0
2026-05-18,2026-05-18,2026-05-24,овсянников мыло,Ивановская область,10687,campaign,DEVICE_ALL,0,,0
2026-05-25,2026-05-25,2026-05-31,овсянников мыло,Ивановская область,10687,campaign,DEVICE_ALL,1,6.678945685678263e-06,0
2026-06-01,2026-06-01,2026-06-07,овсянников мыло,Ивановская область,10687,campaign,DEVICE_ALL,1,6.922432071904686e-06,0
2026-06-08,2026-06-08,2026-06-14,овсянников мыло,Ивановская область,10687,campaign,DEVICE_ALL,0,,0
2026-06-15,2026-06-15,2026-06-21,овсянников мыло,Ивановская область,10687,campaign,DEVICE_ALL,1,6.5932586435807665e-06,0
2026-06-22,2026-06-22,2026-06-28,овсянников мыло,Ивановская область,10687,campaign,DEVICE_ALL,2,1.3619648303907743e-05,0
2026-06-29,2026-06-29,2026-07-05,овсянников мыло,Ивановская область,10687,campaign,DEVICE_ALL,2,1.3856257402705517e-05,0
2026-07-06,2026-07-06,2026-07-12,овсянников мыло,Ивановская область,10687,campaign,DEVICE_ALL,3,2.0026409493746387e-05,0
2026-07-13,2026-07-13,2026-07-19,овсянников мыло,Ивановская область,10687,campaign,DEVICE_ALL,2,1.2467623918363493e-05,0
2026-07-20,2026-07-20,2026-07-26,овсянников мыло,Ивановская область,10687,campaign,DEVICE_ALL,8,4.69898065600002e-05,0
2026-07-27,2026-07-27,2026-08-02,овсянников мыло,Ивановская область,10687,campaign,DEVICE_ALL,0,,0
2026-08-03,2026-08-03,2026-08-09,овсянников мыло,Ивановская область,10687,campaign,DEVICE_ALL,0,,0
2026-08-10,2026-08-10,2026-08-16,овсянников мыло,Ивановская область,10687,campaign,DEVICE_ALL,8,4.9045624262821275e-05,0
2026-08-17,2026-08-17,2026-08-23,овсянников мыло,Ивановская область,10687,campaign,DEVICE_ALL,2,1.2777176895542107e-05,0
2026-08-24,2026-08-24,2026-08-30,овсянников мыло,Ивановская область,10687,campaign,DEVICE_ALL,0,,0
2026-08-31,2026-08-31,2026-09-06,овсянников мыло,Ивановская область,10687,campaign,DEVICE_ALL,0,,0
2026-09-07,2026-09-07,2026-09-13,овсянников мыло,Ивановская область,10687,campaign,DEVICE_ALL,0,,0
2026-03-30,2026-03-30,2026-04-05,овсянников мыло,Омская область,11318,campaign,DEVICE_ALL,3,1.0985605853599518e-05,0
2026-04-06,2026-04-06,2026-04-12,овсянников мыло,Омская область,11318,campaign,DEVICE_ALL,0,,0
2026-04-13,2026-04-13,2026-04-19,овсянников мыло,Омская область,11318,campaign,DEVICE_ALL,0,,0
2026-04-20,2026-04-20,2026-04-26,овсянников мыло,Омская область,11318,campaign,DEVICE_ALL,0,,0
2026-04-27,2026-04-27,2026-05-03,овсянников мыло,Омская область,11318,campaign,DEVICE_ALL,3,1.1728239795278102e-05,0
2026-05-04,2026-05-04,2026-05-10,овсянников мыло,Омская область,11318,campaign,DEVICE_ALL,0,,0
2026-05-11,2026-05-11,2026-05-17,овсянников мыло,Омская область,11318,campaign,DEVICE_ALL,2,7.997826190841328e-06,0
2026-05-18,2026-05-18,2026-05-24,овсянников мыло,Омская область,11318,campaign,DEVICE_ALL,0,,0
2026-05-25,2026-05-25,2026-05-31,овсянников мыло,Омская область,11318,campaign,DEVICE_ALL,0,,0
2026-06-01,2026-06-01,2026-06-07,овсянников мыло,Омская область,11318,campaign,DEVICE_ALL,0,,0
2026-06-08,2026-06-08,2026-06-14,овсянников мыло,Омская область,11318,campaign,DEVICE_ALL,0,,0
2026-06-15,2026-06-15,2026-06-21,овсянников мыло,Омская область,11318,campaign,DEVICE_ALL,0,,0
2026-06-22,2026-06-22,2026-06-28,овсянников мыло,Омская область,11318,campaign,DEVICE_ALL,0,,0
2026-06-29,2026-06-29,2026-07-05,овсянников мыло,Омская область,11318,campaign,DEVICE_ALL,0,,0
2026-07-06,2026-07-06,2026-07-12,овсянников мыло,Омская область,11318,campaign,DEVICE_ALL,2,8.361480515513703e-06,0
2026-07-13,2026-07-13,2026-07-19,овсянников мыло,Омская область,11318,campaign,DEVICE_ALL,4,1.548499507848144e-05,0
2026-07-20,2026-07-20,2026-07-26,овсянников мыло,Омская область,11318,campaign,DEVICE_ALL,10,3.713259984566206e-05,0
2026-07-27,2026-07-27,2026-08-02,овсянников мыло,Омская область,11318,campaign,DEVICE_ALL,0,,0
2026-08-03,2026-08-03,2026-08-09,овсянников мыло,Омская область,11318,campaign,DEVICE_ALL,0,,0
2026-08-10,2026-08-10,2026-08-16,овсянников мыло,Омская область,11318,campaign,DEVICE_ALL,0,,0
2026-08-17,2026-08-17,2026-08-23,овсянников мыло,Омская область,11318,campaign,DEVICE_ALL,1,3.898430600996096e-06,0
2026-08-24,2026-08-24,2026-08-30,овсянников мыло,Омская область,11318,campaign,DEVICE_ALL,0,,0
2026-08-31,2026-08-31,2026-09-06,овсянников мыло,Омская область,11318,campaign,DEVICE_ALL,2,7.583358743904591e-06,0
2026-09-07,2026-09-07,2026-09-13,овсянников мыло,Омская область,11318,campaign,DEVICE_ALL,0,,0
2026-03-30,2026-03-30,2026-04-05,овсянников мыло,Астраханская область,10946,control,DEVICE_ALL,1,9.25583203034358e-06,0
2026-04-06,2026-04-06,2026-04-12,овсянников мыло,Астраханская область,10946,control,DEVICE_ALL,0,,0
2026-04-13,2026-04-13,2026-04-19,овсянников мыло,Астраханская область,10946,control,DEVICE_ALL,0,,0
2026-04-20,2026-04-20,2026-04-26,овсянников мыло,Астраханская область,10946,control,DEVICE_ALL,1,8.39110117008032e-06,0
2026-04-27,2026-04-27,2026-05-03,овсянников мыло,Астраханская область,10946,control,DEVICE_ALL,0,,0
2026-05-04,2026-05-04,2026-05-10,овсянников мыло,Астраханская область,10946,control,DEVICE_ALL,0,,0
2026-05-11,2026-05-11,2026-05-17,овсянников мыло,Астраханская область,10946,control,DEVICE_ALL,4,3.654474213892904e-05,0
2026-05-18,2026-05-18,2026-05-24,овсянников мыло,Астраханская область,10946,control,DEVICE_ALL,0,,0
2026-05-25,2026-05-25,2026-05-31,овсянников мыло,Астраханская область,10946,control,DEVICE_ALL,0,,0
2026-06-01,2026-06-01,2026-06-07,овсянников мыло,Астраханская область,10946,control,DEVICE_ALL,0,,0
2026-06-08,2026-06-08,2026-06-14,овсянников мыло,Астраханская область,10946,control,DEVICE_ALL,0,,0
2026-06-15,2026-06-15,2026-06-21,овсянников мыло,Астраханская область,10946,control,DEVICE_ALL,0,,0
2026-06-22,2026-06-22,2026-06-28,овсянников мыло,Астраханская область,10946,control,DEVICE_ALL,2,1.797273805228539e-05,0
2026-06-29,2026-06-29,2026-07-05,овсянников мыло,Астраханская область,10946,control,DEVICE_ALL,0,,0
2026-07-06,2026-07-06,2026-07-12,овсянников мыло,Астраханская область,10946,control,DEVICE_ALL,3,2.7996759095167147e-05,0
2026-07-13,2026-07-13,2026-07-19,овсянников мыло,Астраханская область,10946,control,DEVICE_ALL,1,8.621635062051633e-06,0
2026-07-20,2026-07-20,2026-07-26,овсянников мыло,Астраханская область,10946,control,DEVICE_ALL,0,,0
2026-07-27,2026-07-27,2026-08-02,овсянников мыло,Астраханская область,10946,control,DEVICE_ALL,0,,0
2026-08-03,2026-08-03,2026-08-09,овсянников мыло,Астраханская область,10946,control,DEVICE_ALL,0,,0
2026-08-10,2026-08-10,2026-08-16,овсянников мыло,Астраханская область,10946,control,DEVICE_ALL,0,,0
2026-08-17,2026-08-17,2026-08-23,овсянников мыло,Астраханская область,10946,control,DEVICE_ALL,4,3.457119531463504e-05,0
2026-08-24,2026-08-24,2026-08-30,овсянников мыло,Астраханская область,10946,control,DEVICE_ALL,0,,0
2026-08-31,2026-08-31,2026-09-06,овсянников мыло,Астраханская область,10946,control,DEVICE_ALL,0,,0
2026-09-07,2026-09-07,2026-09-13,овсянников мыло,Астраханская область,10946,control,DEVICE_ALL,0,,0
2026-03-30,2026-03-30,2026-04-05,овсянников мыло,Кемеровская область,11282,control,DEVICE_ALL,0,,0
2026-04-06,2026-04-06,2026-04-12,овсянников мыло,Кемеровская область,11282,control,DEVICE_ALL,0,,0
2026-04-13,2026-04-13,2026-04-19,овсянников мыло,Кемеровская область,11282,control,DEVICE_ALL,0,,0
2026-04-20,2026-04-20,2026-04-26,овсянников мыло,Кемеровская область,11282,control,DEVICE_ALL,0,,0
2026-04-27,2026-04-27,2026-05-03,овсянников мыло,Кемеровская область,11282,control,DEVICE_ALL,0,,0
2026-05-04,2026-05-04,2026-05-10,овсянников мыло,Кемеровская область,11282,control,DEVICE_ALL,0,,0
2026-05-11,2026-05-11,2026-05-17,овсянников мыло,Кемеровская область,11282,control,DEVICE_ALL,0,,0
2026-05-18,2026-05-18,2026-05-24,овсянников мыло,Кемеровская область,11282,control,DEVICE_ALL,0,,0
2026-05-25,2026-05-25,2026-05-31,овсянников мыло,Кемеровская область,11282,control,DEVICE_ALL,0,,0
2026-06-01,2026-06-01,2026-06-07,овсянников мыло,Кемеровская область,11282,control,DEVICE_ALL,0,,0
2026-06-08,2026-06-08,2026-06-14,овсянников мыло,Кемеровская область,11282,control,DEVICE_ALL,1,3.1538163211697683e-06,0
2026-06-15,2026-06-15,2026-06-21,овсянников мыло,Кемеровская область,11282,control,DEVICE_ALL,0,,0
2026-06-22,2026-06-22,2026-06-28,овсянников мыло,Кемеровская область,11282,control,DEVICE_ALL,0,,0
2026-06-29,2026-06-29,2026-07-05,овсянников мыло,Кемеровская область,11282,control,DEVICE_ALL,0,,0
2026-07-06,2026-07-06,2026-07-12,овсянников мыло,Кемеровская область,11282,control,DEVICE_ALL,0,,0
2026-07-13,2026-07-13,2026-07-19,овсянников мыло,Кемеровская область,11282,control,DEVICE_ALL,0,,0
2026-07-20,2026-07-20,2026-07-26,овсянников мыло,Кемеровская область,11282,control,DEVICE_ALL,4,1.1463124561177264e-05,0
2026-07-27,2026-07-27,2026-08-02,овсянников мыло,Кемеровская область,11282,control,DEVICE_ALL,0,,0
2026-08-03,2026-08-03,2026-08-09,овсянников мыло,Кемеровская область,11282,control,DEVICE_ALL,0,,0
2026-08-10,2026-08-10,2026-08-16,овсянников мыло,Кемеровская область,11282,control,DEVICE_ALL,0,,0
2026-08-17,2026-08-17,2026-08-23,овсянников мыло,Кемеровская область,11282,control,DEVICE_ALL,0,,0
2026-08-24,2026-08-24,2026-08-30,овсянников мыло,Кемеровская область,11282,control,DEVICE_ALL,0,,0
2026-08-31,2026-08-31,2026-09-06,овсянников мыло,Кемеровская область,11282,control,DEVICE_ALL,0,,0
2026-09-07,2026-09-07,2026-09-13,овсянников мыло,Кемеровская область,11282,control,DEVICE_ALL,1,2.79860264650419e-06,0
2026-03-30,2026-03-30,2026-04-05,овсянников мыло,Кировская область,11070,control,DEVICE_ALL,0,,0
2026-04-06,2026-04-06,2026-04-12,овсянников мыло,Кировская область,11070,control,DEVICE_ALL,0,,0
2026-04-13,2026-04-13,2026-04-19,овсянников мыло,Кировская область,11070,control,DEVICE_ALL,0,,0
2026-04-20,2026-04-20,2026-04-26,овсянников мыло,Кировская область,11070,control,DEVICE_ALL,0,,0
2026-04-27,2026-04-27,2026-05-03,овсянников мыло,Кировская область,11070,control,DEVICE_ALL,1,5.498110381933385e-06,0
2026-05-04,2026-05-04,2026-05-10,овсянников мыло,Кировская область,11070,control,DEVICE_ALL,0,,0
2026-05-11,2026-05-11,2026-05-17,овсянников мыло,Кировская область,11070,control,DEVICE_ALL,3,1.778091354066353e-05,0
2026-05-18,2026-05-18,2026-05-24,овсянников мыло,Кировская область,11070,control,DEVICE_ALL,4,2.3403409186317875e-05,0
2026-05-25,2026-05-25,2026-05-31,овсянников мыло,Кировская область,11070,control,DEVICE_ALL,1,5.677705716336826e-06,0
2026-06-01,2026-06-01,2026-06-07,овсянников мыло,Кировская область,11070,control,DEVICE_ALL,0,,0
2026-06-08,2026-06-08,2026-06-14,овсянников мыло,Кировская область,11070,control,DEVICE_ALL,0,,0
2026-06-15,2026-06-15,2026-06-21,овсянников мыло,Кировская область,11070,control,DEVICE_ALL,1,5.47903804967285e-06,0
2026-06-22,2026-06-22,2026-06-28,овсянников мыло,Кировская область,11070,control,DEVICE_ALL,1,5.486252302100044e-06,0
2026-06-29,2026-06-29,2026-07-05,овсянников мыло,Кировская область,11070,control,DEVICE_ALL,0,,0
2026-07-06,2026-07-06,2026-07-12,овсянников мыло,Кировская область,11070,control,DEVICE_ALL,1,5.635729760220551e-06,0
2026-07-13,2026-07-13,2026-07-19,овсянников мыло,Кировская область,11070,control,DEVICE_ALL,0,,0
2026-07-20,2026-07-20,2026-07-26,овсянников мыло,Кировская область,11070,control,DEVICE_ALL,4,2.0884810039077568e-05,0
2026-07-27,2026-07-27,2026-08-02,овсянников мыло,Кировская область,11070,control,DEVICE_ALL,0,,0
2026-08-03,2026-08-03,2026-08-09,овсянников мыло,Кировская область,11070,control,DEVICE_ALL,6,3.309673032436616e-05,0
2026-08-10,2026-08-10,2026-08-16,овсянников мыло,Кировская область,11070,control,DEVICE_ALL,8,4.213112723516162e-05,0
2026-08-17,2026-08-17,2026-08-23,овсянников мыло,Кировская область,11070,control,DEVICE_ALL,9,4.871200058021405e-05,0
2026-08-24,2026-08-24,2026-08-30,овсянников мыло,Кировская область,11070,control,DEVICE_ALL,7,3.8269591228828376e-05,0
2026-08-31,2026-08-31,2026-09-06,овсянников мыло,Кировская область,11070,control,DEVICE_ALL,1,5.290728157625606e-06,0
2026-09-07,2026-09-07,2026-09-13,овсянников мыло,Кировская область,11070,control,DEVICE_ALL,0,,0
2026-03-30,2026-03-30,2026-04-05,овсянников мыло,Курганская область,11158,control,DEVICE_ALL,0,,0
2026-04-06,2026-04-06,2026-04-12,овсянников мыло,Курганская область,11158,control,DEVICE_ALL,0,,0
2026-04-13,2026-04-13,2026-04-19,овсянников мыло,Курганская область,11158,control,DEVICE_ALL,0,,0
2026-04-20,2026-04-20,2026-04-26,овсянников мыло,Курганская область,11158,control,DEVICE_ALL,0,,0
2026-04-27,2026-04-27,2026-05-03,овсянников мыло,Курганская область,11158,control,DEVICE_ALL,0,,0
2026-05-04,2026-05-04,2026-05-10,овсянников мыло,Курганская область,11158,control,DEVICE_ALL,0,,0
2026-05-11,2026-05-11,2026-05-17,овсянников мыло,Курганская область,11158,control,DEVICE_ALL,0,,0
2026-05-18,2026-05-18,2026-05-24,овсянников мыло,Курганская область,11158,control,DEVICE_ALL,0,,0
2026-05-25,2026-05-25,2026-05-31,овсянников мыло,Курганская область,11158,control,DEVICE_ALL,0,,0
2026-06-01,2026-06-01,2026-06-07,овсянников мыло,Курганская область,11158,control,DEVICE_ALL,0,,0
2026-06-08,2026-06-08,2026-06-14,овсянников мыло,Курганская область,11158,control,DEVICE_ALL,0,,0
2026-06-15,2026-06-15,2026-06-21,овсянников мыло,Курганская область,11158,control,DEVICE_ALL,0,,0
2026-06-22,2026-06-22,2026-06-28,овсянников мыло,Курганская область,11158,control,DEVICE_ALL,0,,0
2026-06-29,2026-06-29,2026-07-05,овсянников мыло,Курганская область,11158,control,DEVICE_ALL,0,,0
2026-07-06,2026-07-06,2026-07-12,овсянников мыло,Курганская область,11158,control,DEVICE_ALL,0,,0
2026-07-13,2026-07-13,2026-07-19,овсянников мыло,Курганская область,11158,control,DEVICE_ALL,0,,0
2026-07-20,2026-07-20,2026-07-26,овсянников мыло,Курганская область,11158,control,DEVICE_ALL,0,,0
2026-07-27,2026-07-27,2026-08-02,овсянников мыло,Курганская область,11158,control,DEVICE_ALL,0,,0
2026-08-03,2026-08-03,2026-08-09,овсянников мыло,Курганская область,11158,control,DEVICE_ALL,0,,0
2026-08-10,2026-08-10,2026-08-16,овсянников мыло,Курганская область,11158,control,DEVICE_ALL,0,,0
2026-08-17,2026-08-17,2026-08-23,овсянников мыло,Курганская область,11158,control,DEVICE_ALL,0,,0
2026-08-24,2026-08-24,2026-08-30,овсянников мыло,Курганская область,11158,control,DEVICE_ALL,0,,0
2026-08-31,2026-08-31,2026-09-06,овсянников мыло,Курганская область,11158,control,DEVICE_ALL,0,,0
2026-09-07,2026-09-07,2026-09-13,овсянников мыло,Курганская область,11158,control,DEVICE_ALL,0,,0
2026-03-30,2026-03-30,2026-04-05,овсянников мыло,Пензенская область,11095,control,DEVICE_ALL,3,1.5705678927444527e-05,0
2026-04-06,2026-04-06,2026-04-12,овсянников мыло,Пензенская область,11095,control,DEVICE_ALL,0,,0
2026-04-13,2026-04-13,2026-04-19,овсянников мыло,Пензенская область,11095,control,DEVICE_ALL,0,,0
2026-04-20,2026-04-20,2026-04-26,овсянников мыло,Пензенская область,11095,control,DEVICE_ALL,0,,0
2026-04-27,2026-04-27,2026-05-03,овсянников мыло,Пензенская область,11095,control,DEVICE_ALL,0,,0
2026-05-04,2026-05-04,2026-05-10,овсянников мыло,Пензенская область,11095,control,DEVICE_ALL,0,,0
2026-05-11,2026-05-11,2026-05-17,овсянников мыло,Пензенская область,11095,control,DEVICE_ALL,0,,0
2026-05-18,2026-05-18,2026-05-24,овсянников мыло,Пензенская область,11095,control,DEVICE_ALL,0,,0
2026-05-25,2026-05-25,2026-05-31,овсянников мыло,Пензенская область,11095,control,DEVICE_ALL,0,,0
2026-06-01,2026-06-01,2026-06-07,овсянников мыло,Пензенская область,11095,control,DEVICE_ALL,0,,0
2026-06-08,2026-06-08,2026-06-14,овсянников мыло,Пензенская область,11095,control,DEVICE_ALL,0,,0
2026-06-15,2026-06-15,2026-06-21,овсянников мыло,Пензенская область,11095,control,DEVICE_ALL,0,,0
2026-06-22,2026-06-22,2026-06-28,овсянников мыло,Пензенская область,11095,control,DEVICE_ALL,1,5.4182953836827705e-06,0
2026-06-29,2026-06-29,2026-07-05,овсянников мыло,Пензенская область,11095,control,DEVICE_ALL,0,,0
2026-07-06,2026-07-06,2026-07-12,овсянников мыло,Пензенская область,11095,control,DEVICE_ALL,0,,0
2026-07-13,2026-07-13,2026-07-19,овсянников мыло,Пензенская область,11095,control,DEVICE_ALL,2,9.677276380884437e-06,0
2026-07-20,2026-07-20,2026-07-26,овсянников мыло,Пензенская область,11095,control,DEVICE_ALL,0,,0
2026-07-27,2026-07-27,2026-08-02,овсянников мыло,Пензенская область,11095,control,DEVICE_ALL,1,4.887050966761309e-06,0
2026-08-03,2026-08-03,2026-08-09,овсянников мыло,Пензенская область,11095,control,DEVICE_ALL,0,,0
2026-08-10,2026-08-10,2026-08-16,овсянников мыло,Пензенская область,11095,control,DEVICE_ALL,0,,0
2026-08-17,2026-08-17,2026-08-23,овсянников мыло,Пензенская область,11095,control,DEVICE_ALL,0,,0
2026-08-24,2026-08-24,2026-08-30,овсянников мыло,Пензенская область,11095,control,DEVICE_ALL,0,,0
2026-08-31,2026-08-31,2026-09-06,овсянников мыло,Пензенская область,11095,control,DEVICE_ALL,0,,0
2026-09-07,2026-09-07,2026-09-13,овсянников мыло,Пензенская область,11095,control,DEVICE_ALL,0,,0
2026-03-30,2026-03-30,2026-04-05,овсянников мыло,Ростовская область,11029,control,DEVICE_ALL,4,6.029589486856007e-06,0
2026-04-06,2026-04-06,2026-04-12,овсянников мыло,Ростовская область,11029,control,DEVICE_ALL,7,1.0260693588586557e-05,0
2026-04-13,2026-04-13,2026-04-19,овсянников мыло,Ростовская область,11029,control,DEVICE_ALL,4,5.822447491421788e-06,0
2026-04-20,2026-04-20,2026-04-26,овсянников мыло,Ростовская область,11029,control,DEVICE_ALL,10,1.4311713557922762e-05,0
2026-04-27,2026-04-27,2026-05-03,овсянников мыло,Ростовская область,11029,control,DEVICE_ALL,0,,0
2026-05-04,2026-05-04,2026-05-10,овсянников мыло,Ростовская область,11029,control,DEVICE_ALL,3,4.9788978542427325e-06,0
2026-05-11,2026-05-11,2026-05-17,овсянников мыло,Ростовская область,11029,control,DEVICE_ALL,3,4.527346052992555e-06,0
2026-05-18,2026-05-18,2026-05-24,овсянников мыло,Ростовская область,11029,control,DEVICE_ALL,3,4.63243904663725e-06,0
2026-05-25,2026-05-25,2026-05-31,овсянников мыло,Ростовская область,11029,control,DEVICE_ALL,4,6.08369765683495e-06,0
2026-06-01,2026-06-01,2026-06-07,овсянников мыло,Ростовская область,11029,control,DEVICE_ALL,3,4.64991971216129e-06,0
2026-06-08,2026-06-08,2026-06-14,овсянников мыло,Ростовская область,11029,control,DEVICE_ALL,11,1.7108968497956217e-05,0
2026-06-15,2026-06-15,2026-06-21,овсянников мыло,Ростовская область,11029,control,DEVICE_ALL,2,3.0736121818807547e-06,0
2026-06-22,2026-06-22,2026-06-28,овсянников мыло,Ростовская область,11029,control,DEVICE_ALL,9,1.3745037316096364e-05,0
2026-06-29,2026-06-29,2026-07-05,овсянников мыло,Ростовская область,11029,control,DEVICE_ALL,2,3.128813779558705e-06,0
2026-07-06,2026-07-06,2026-07-12,овсянников мыло,Ростовская область,11029,control,DEVICE_ALL,2,3.072754153180605e-06,0
2026-07-13,2026-07-13,2026-07-19,овсянников мыло,Ростовская область,11029,control,DEVICE_ALL,18,2.5826773858874127e-05,0
2026-07-20,2026-07-20,2026-07-26,овсянников мыло,Ростовская область,11029,control,DEVICE_ALL,10,1.3732304758073317e-05,0
2026-07-27,2026-07-27,2026-08-02,овсянников мыло,Ростовская область,11029,control,DEVICE_ALL,4,5.765708004799087e-06,0
2026-08-03,2026-08-03,2026-08-09,овсянников мыло,Ростовская область,11029,control,DEVICE_ALL,13,1.8752929063266382e-05,0
2026-08-10,2026-08-10,2026-08-16,овсянников мыло,Ростовская область,11029,control,DEVICE_ALL,3,4.274269136308979e-06,0
2026-08-17,2026-08-17,2026-08-23,овсянников мыло,Ростовская область,11029,control,DEVICE_ALL,6,8.624988765952133e-06,0
2026-08-24,2026-08-24,2026-08-30,овсянников мыло,Ростовская область,11029,control,DEVICE_ALL,6,8.710390912762734e-06,0
2026-08-31,2026-08-31,2026-09-06,овсянников мыло,Ростовская область,11029,control,DEVICE_ALL,0,,0
2026-09-07,2026-09-07,2026-09-13,овсянников мыло,Ростовская область,11029,control,DEVICE_ALL,1,1.329751496971072e-06,0
2026-03-30,2026-03-30,2026-04-05,овсянников мыло,Тульская область,10832,control,DEVICE_ALL,0,,0
2026-04-06,2026-04-06,2026-04-12,овсянников мыло,Тульская область,10832,control,DEVICE_ALL,0,,0
2026-04-13,2026-04-13,2026-04-19,овсянников мыло,Тульская область,10832,control,DEVICE_ALL,1,3.8219672613341966e-06,0
2026-04-20,2026-04-20,2026-04-26,овсянников мыло,Тульская область,10832,control,DEVICE_ALL,3,1.1344734488968493e-05,0
2026-04-27,2026-04-27,2026-05-03,овсянников мыло,Тульская область,10832,control,DEVICE_ALL,0,,0
2026-05-04,2026-05-04,2026-05-10,овсянников мыло,Тульская область,10832,control,DEVICE_ALL,0,,0
2026-05-11,2026-05-11,2026-05-17,овсянников мыло,Тульская область,10832,control,DEVICE_ALL,0,,0
2026-05-18,2026-05-18,2026-05-24,овсянников мыло,Тульская область,10832,control,DEVICE_ALL,0,,0
2026-05-25,2026-05-25,2026-05-31,овсянников мыло,Тульская область,10832,control,DEVICE_ALL,0,,0
2026-06-01,2026-06-01,2026-06-07,овсянников мыло,Тульская область,10832,control,DEVICE_ALL,0,,0
2026-06-08,2026-06-08,2026-06-14,овсянников мыло,Тульская область,10832,control,DEVICE_ALL,1,4.123812862526966e-06,0
2026-06-15,2026-06-15,2026-06-21,овсянников мыло,Тульская область,10832,control,DEVICE_ALL,0,,0
2026-06-22,2026-06-22,2026-06-28,овсянников мыло,Тульская область,10832,control,DEVICE_ALL,0,,0
2026-06-29,2026-06-29,2026-07-05,овсянников мыло,Тульская область,10832,control,DEVICE_ALL,0,,0
2026-07-06,2026-07-06,2026-07-12,овсянников мыло,Тульская область,10832,control,DEVICE_ALL,0,,0
2026-07-13,2026-07-13,2026-07-19,овсянников мыло,Тульская область,10832,control,DEVICE_ALL,1,3.771439881437999e-06,0
2026-07-20,2026-07-20,2026-07-26,овсянников мыло,Тульская область,10832,control,DEVICE_ALL,0,,0
2026-07-27,2026-07-27,2026-08-02,овсянников мыло,Тульская область,10832,control,DEVICE_ALL,1,3.7057028617735033e-06,0
2026-08-03,2026-08-03,2026-08-09,овсянников мыло,Тульская область,10832,control,DEVICE_ALL,0,,0
2026-08-10,2026-08-10,2026-08-16,овсянников мыло,Тульская область,10832,control,DEVICE_ALL,2,7.51580423314145e-06,0
2026-08-17,2026-08-17,2026-08-23,овсянников мыло,Тульская область,10832,control,DEVICE_ALL,0,,0
2026-08-24,2026-08-24,2026-08-30,овсянников мыло,Тульская область,10832,control,DEVICE_ALL,0,,0
2026-08-31,2026-08-31,2026-09-06,овсянников мыло,Тульская область,10832,control,DEVICE_ALL,0,,0
2026-09-07,2026-09-07,2026-09-13,овсянников мыло,Тульская область,10832,control,DEVICE_ALL,0,,0
2026-03-30,2026-03-30,2026-04-05,овсянников сайт,Тюменская область,11176,campaign,DEVICE_ALL,0,,0
2026-04-06,2026-04-06,2026-04-12,овсянников сайт,Тюменская область,11176,campaign,DEVICE_ALL,0,,0
2026-04-13,2026-04-13,2026-04-19,овсянников сайт,Тюменская область,11176,campaign,DEVICE_ALL,0,,0
2026-04-20,2026-04-20,2026-04-26,овсянников сайт,Тюменская область,11176,campaign,DEVICE_ALL,0,,0
2026-04-27,2026-04-27,2026-05-03,овсянников сайт,Тюменская область,11176,campaign,DEVICE_ALL,1,3.6558906122432266e-06,0
2026-05-04,2026-05-04,2026-05-10,овсянников сайт,Тюменская область,11176,campaign,DEVICE_ALL,0,,0
2026-05-11,2026-05-11,2026-05-17,овсянников сайт,Тюменская область,11176,campaign,DEVICE_ALL,0,,0
2026-05-18,2026-05-18,2026-05-24,овсянников сайт,Тюменская область,11176,campaign,DEVICE_ALL,0,,0
2026-05-25,2026-05-25,2026-05-31,овсянников сайт,Тюменская область,11176,campaign,DEVICE_ALL,1,3.7954714560050963e-06,0
2026-06-01,2026-06-01,2026-06-07,овсянников сайт,Тюменская область,11176,campaign,DEVICE_ALL,0,,0
2026-06-08,2026-06-08,2026-06-14,овсянников сайт,Тюменская область,11176,campaign,DEVICE_ALL,0,,0
2026-06-15,2026-06-15,2026-06-21,овсянников сайт,Тюменская область,11176,campaign,DEVICE_ALL,0,,0
2026-06-22,2026-06-22,2026-06-28,овсянников сайт,Тюменская область,11176,campaign,DEVICE_ALL,0,,0
2026-06-29,2026-06-29,2026-07-05,овсянников сайт,Тюменская область,11176,campaign,DEVICE_ALL,3,1.1540458925583274e-05,0
2026-07-06,2026-07-06,2026-07-12,овсянников сайт,Тюменская область,11176,campaign,DEVICE_ALL,0,,0
2026-07-13,2026-07-13,2026-07-19,овсянников сайт,Тюменская область,11176,campaign,DEVICE_ALL,1,3.5427894209190235e-06,0
2026-07-20,2026-07-20,2026-07-26,овсянников сайт,Тюменская область,11176,campaign,DEVICE_ALL,7,2.431834126122839e-05,0
2026-07-27,2026-07-27,2026-08-02,овсянников сайт,Тюменская область,11176,campaign,DEVICE_ALL,2,7.16363424059567e-06,0
2026-08-03,2026-08-03,2026-08-09,овсянников сайт,Тюменская область,11176,campaign,DEVICE_ALL,0,,0
2026-08-10,2026-08-10,2026-08-16,овсянников сайт,Тюменская область,11176,campaign,DEVICE_ALL,0,,0
2026-08-17,2026-08-17,2026-08-23,овсянников сайт,Тюменская область,11176,campaign,DEVICE_ALL,1,3.6130522234181422e-06,0
2026-08-24,2026-08-24,2026-08-30,овсянников сайт,Тюменская область,11176,campaign,DEVICE_ALL,0,,0
2026-08-31,2026-08-31,2026-09-06,овсянников сайт,Тюменская область,11176,campaign,DEVICE_ALL,0,,0
2026-09-07,2026-09-07,2026-09-13,овсянников сайт,Тюменская область,11176,campaign,DEVICE_ALL,1,3.20659450268493e-06,0
2026-03-30,2026-03-30,2026-04-05,овсянников сайт,Волгоградская область,10950,campaign,DEVICE_ALL,0,,0
2026-04-06,2026-04-06,2026-04-12,овсянников сайт,Волгоградская область,10950,campaign,DEVICE_ALL,0,,0
2026-04-13,2026-04-13,2026-04-19,овсянников сайт,Волгоградская область,10950,campaign,DEVICE_ALL,0,,0
2026-04-20,2026-04-20,2026-04-26,овсянников сайт,Волгоградская область,10950,campaign,DEVICE_ALL,0,,0
2026-04-27,2026-04-27,2026-05-03,овсянников сайт,Волгоградская область,10950,campaign,DEVICE_ALL,0,,0
2026-05-04,2026-05-04,2026-05-10,овсянников сайт,Волгоградская область,10950,campaign,DEVICE_ALL,0,,0
2026-05-11,2026-05-11,2026-05-17,овсянников сайт,Волгоградская область,10950,campaign,DEVICE_ALL,0,,0
2026-05-18,2026-05-18,2026-05-24,овсянников сайт,Волгоградская область,10950,campaign,DEVICE_ALL,0,,0
2026-05-25,2026-05-25,2026-05-31,овсянников сайт,Волгоградская область,10950,campaign,DEVICE_ALL,0,,0
2026-06-01,2026-06-01,2026-06-07,овсянников сайт,Волгоградская область,10950,campaign,DEVICE_ALL,0,,0
2026-06-08,2026-06-08,2026-06-14,овсянников сайт,Волгоградская область,10950,campaign,DEVICE_ALL,3,9.009314459940698e-06,0
2026-06-15,2026-06-15,2026-06-21,овсянников сайт,Волгоградская область,10950,campaign,DEVICE_ALL,2,5.769874997966119e-06,0
2026-06-22,2026-06-22,2026-06-28,овсянников сайт,Волгоградская область,10950,campaign,DEVICE_ALL,0,,0
2026-06-29,2026-06-29,2026-07-05,овсянников сайт,Волгоградская область,10950,campaign,DEVICE_ALL,1,3.025115232689444e-06,0
2026-07-06,2026-07-06,2026-07-12,овсянников сайт,Волгоградская область,10950,campaign,DEVICE_ALL,0,,0
2026-07-13,2026-07-13,2026-07-19,овсянников сайт,Волгоградская область,10950,campaign,DEVICE_ALL,1,2.7210408264149284e-06,0
2026-07-20,2026-07-20,2026-07-26,овсянников сайт,Волгоградская область,10950,campaign,DEVICE_ALL,1,2.5655292615031664e-06,0
2026-07-27,2026-07-27,2026-08-02,овсянников сайт,Волгоградская область,10950,campaign,DEVICE_ALL,1,2.6465326928300775e-06,0
2026-08-03,2026-08-03,2026-08-09,овсянников сайт,Волгоградская область,10950,campaign,DEVICE_ALL,0,,0
2026-08-10,2026-08-10,2026-08-16,овсянников сайт,Волгоградская область,10950,campaign,DEVICE_ALL,5,1.3691772247117212e-05,0
2026-08-17,2026-08-17,2026-08-23,овсянников сайт,Волгоградская область,10950,campaign,DEVICE_ALL,3,8.18947273308229e-06,0
2026-08-24,2026-08-24,2026-08-30,овсянников сайт,Волгоградская область,10950,campaign,DEVICE_ALL,3,8.266413729102403e-06,0
2026-08-31,2026-08-31,2026-09-06,овсянников сайт,Волгоградская область,10950,campaign,DEVICE_ALL,3,8.0138768291173e-06,0
2026-09-07,2026-09-07,2026-09-13,овсянников сайт,Волгоградская область,10950,campaign,DEVICE_ALL,3,7.483666523628853e-06,0
2026-03-30,2026-03-30,2026-04-05,овсянников сайт,Воронежская область,10672,campaign,DEVICE_ALL,2,5.171857862968161e-06,0
2026-04-06,2026-04-06,2026-04-12,овсянников сайт,Воронежская область,10672,campaign,DEVICE_ALL,1,2.4148239668187734e-06,0
2026-04-13,2026-04-13,2026-04-19,овсянников сайт,Воронежская область,10672,campaign,DEVICE_ALL,0,,0
2026-04-20,2026-04-20,2026-04-26,овсянников сайт,Воронежская область,10672,campaign,DEVICE_ALL,0,,0
2026-04-27,2026-04-27,2026-05-03,овсянников сайт,Воронежская область,10672,campaign,DEVICE_ALL,0,,0
2026-05-04,2026-05-04,2026-05-10,овсянников сайт,Воронежская область,10672,campaign,DEVICE_ALL,1,2.813036375710939e-06,0
2026-05-11,2026-05-11,2026-05-17,овсянников сайт,Воронежская область,10672,campaign,DEVICE_ALL,0,,0
2026-05-18,2026-05-18,2026-05-24,овсянников сайт,Воронежская область,10672,campaign,DEVICE_ALL,0,,0
2026-05-25,2026-05-25,2026-05-31,овсянников сайт,Воронежская область,10672,campaign,DEVICE_ALL,3,7.69826042152646e-06,0
2026-06-01,2026-06-01,2026-06-07,овсянников сайт,Воронежская область,10672,campaign,DEVICE_ALL,0,,0
2026-06-08,2026-06-08,2026-06-14,овсянников сайт,Воронежская область,10672,campaign,DEVICE_ALL,0,,0
2026-06-15,2026-06-15,2026-06-21,овсянников сайт,Воронежская область,10672,campaign,DEVICE_ALL,0,,0
2026-06-22,2026-06-22,2026-06-28,овсянников сайт,Воронежская область,10672,campaign,DEVICE_ALL,0,,0
2026-06-29,2026-06-29,2026-07-05,овсянников сайт,Воронежская область,10672,campaign,DEVICE_ALL,0,,0
2026-07-06,2026-07-06,2026-07-12,овсянников сайт,Воронежская область,10672,campaign,DEVICE_ALL,1,2.552207314779297e-06,0
2026-07-13,2026-07-13,2026-07-19,овсянников сайт,Воронежская область,10672,campaign,DEVICE_ALL,0,,0
2026-07-20,2026-07-20,2026-07-26,овсянников сайт,Воронежская область,10672,campaign,DEVICE_ALL,2,4.54025636466758e-06,0
2026-07-27,2026-07-27,2026-08-02,овсянников сайт,Воронежская область,10672,campaign,DEVICE_ALL,0,,0
2026-08-03,2026-08-03,2026-08-09,овсянников сайт,Воронежская область,10672,campaign,DEVICE_ALL,0,,0
2026-08-10,2026-08-10,2026-08-16,овсянников сайт,Воронежская область,10672,campaign,DEVICE_ALL,6,1.4562659665910743e-05,0
2026-08-17,2026-08-17,2026-08-23,овсянников сайт,Воронежская область,10672,campaign,DEVICE_ALL,2,4.916493118556659e-06,0
2026-08-24,2026-08-24,2026-08-30,овсянников сайт,Воронежская область,10672,campaign,DEVICE_ALL,2,5.004973567358223e-06,0
2026-08-31,2026-08-31,2026-09-06,овсянников сайт,Воронежская область,10672,campaign,DEVICE_ALL,4,9.46866738661679e-06,0
2026-09-07,2026-09-07,2026-09-13,овсянников сайт,Воронежская область,10672,campaign,DEVICE_ALL,2,4.431219028133078e-06,0
2026-03-30,2026-03-30,2026-04-05,овсянников сайт,Республика Мордовия,11117,campaign,DEVICE_ALL,0,,0
2026-04-06,2026-04-06,2026-04-12,овсянников сайт,Республика Мордовия,11117,campaign,DEVICE_ALL,0,,0
2026-04-13,2026-04-13,2026-04-19,овсянников сайт,Республика Мордовия,11117,campaign,DEVICE_ALL,0,,0
2026-04-20,2026-04-20,2026-04-26,овсянников сайт,Республика Мордовия,11117,campaign,DEVICE_ALL,0,,0
2026-04-27,2026-04-27,2026-05-03,овсянников сайт,Республика Мордовия,11117,campaign,DEVICE_ALL,0,,0
2026-05-04,2026-05-04,2026-05-10,овсянников сайт,Республика Мордовия,11117,campaign,DEVICE_ALL,1,1.1223718680633912e-05,0
2026-05-11,2026-05-11,2026-05-17,овсянников сайт,Республика Мордовия,11117,campaign,DEVICE_ALL,0,,0
2026-05-18,2026-05-18,2026-05-24,овсянников сайт,Республика Мордовия,11117,campaign,DEVICE_ALL,0,,0
2026-05-25,2026-05-25,2026-05-31,овсянников сайт,Республика Мордовия,11117,campaign,DEVICE_ALL,0,,0
2026-06-01,2026-06-01,2026-06-07,овсянников сайт,Республика Мордовия,11117,campaign,DEVICE_ALL,0,,0
2026-06-08,2026-06-08,2026-06-14,овсянников сайт,Республика Мордовия,11117,campaign,DEVICE_ALL,0,,0
2026-06-15,2026-06-15,2026-06-21,овсянников сайт,Республика Мордовия,11117,campaign,DEVICE_ALL,0,,0
2026-06-22,2026-06-22,2026-06-28,овсянников сайт,Республика Мордовия,11117,campaign,DEVICE_ALL,0,,0
2026-06-29,2026-06-29,2026-07-05,овсянников сайт,Республика Мордовия,11117,campaign,DEVICE_ALL,0,,0
2026-07-06,2026-07-06,2026-07-12,овсянников сайт,Республика Мордовия,11117,campaign,DEVICE_ALL,0,,0
2026-07-13,2026-07-13,2026-07-19,овсянников сайт,Республика Мордовия,11117,campaign,DEVICE_ALL,0,,0
2026-07-20,2026-07-20,2026-07-26,овсянников сайт,Республика Мордовия,11117,campaign,DEVICE_ALL,0,,0
2026-07-27,2026-07-27,2026-08-02,овсянников сайт,Республика Мордовия,11117,campaign,DEVICE_ALL,0,,0
2026-08-03,2026-08-03,2026-08-09,овсянников сайт,Республика Мордовия,11117,campaign,DEVICE_ALL,0,,0
2026-08-10,2026-08-10,2026-08-16,овсянников сайт,Республика Мордовия,11117,campaign,DEVICE_ALL,0,,0
2026-08-17,2026-08-17,2026-08-23,овсянников сайт,Республика Мордовия,11117,campaign,DEVICE_ALL,0,,0
2026-08-24,2026-08-24,2026-08-30,овсянников сайт,Республика Мордовия,11117,campaign,DEVICE_ALL,0,,0
2026-08-31,2026-08-31,2026-09-06,овсянников сайт,Республика Мордовия,11117,campaign,DEVICE_ALL,1,9.311106604535515e-06,0
2026-09-07,2026-09-07,2026-09-13,овсянников сайт,Республика Мордовия,11117,campaign,DEVICE_ALL,0,,0
2026-03-30,2026-03-30,2026-04-05,овсянников сайт,Орловская область,10772,campaign,DEVICE_ALL,0,,0
2026-04-06,2026-04-06,2026-04-12,овсянников сайт,Орловская область,10772,campaign,DEVICE_ALL,0,,0
2026-04-13,2026-04-13,2026-04-19,овсянников сайт,Орловская область,10772,campaign,DEVICE_ALL,0,,0
2026-04-20,2026-04-20,2026-04-26,овсянников сайт,Орловская область,10772,campaign,DEVICE_ALL,2,1.5098819128905339e-05,0
2026-04-27,2026-04-27,2026-05-03,овсянников сайт,Орловская область,10772,campaign,DEVICE_ALL,1,8.253347392635505e-06,0
2026-05-04,2026-05-04,2026-05-10,овсянников сайт,Орловская область,10772,campaign,DEVICE_ALL,0,,0
2026-05-11,2026-05-11,2026-05-17,овсянников сайт,Орловская область,10772,campaign,DEVICE_ALL,3,2.6042713348635454e-05,0
2026-05-18,2026-05-18,2026-05-24,овсянников сайт,Орловская область,10772,campaign,DEVICE_ALL,0,,0
2026-05-25,2026-05-25,2026-05-31,овсянников сайт,Орловская область,10772,campaign,DEVICE_ALL,0,,0
2026-06-01,2026-06-01,2026-06-07,овсянников сайт,Орловская область,10772,campaign,DEVICE_ALL,9,7.827972476848771e-05,0
2026-06-08,2026-06-08,2026-06-14,овсянников сайт,Орловская область,10772,campaign,DEVICE_ALL,2,1.724715264601073e-05,0
2026-06-15,2026-06-15,2026-06-21,овсянников сайт,Орловская область,10772,campaign,DEVICE_ALL,0,,0
2026-06-22,2026-06-22,2026-06-28,овсянников сайт,Орловская область,10772,campaign,DEVICE_ALL,1,8.443517008536226e-06,0
2026-06-29,2026-06-29,2026-07-05,овсянников сайт,Орловская область,10772,campaign,DEVICE_ALL,1,8.63118323941599e-06,0
2026-07-06,2026-07-06,2026-07-12,овсянников сайт,Орловская область,10772,campaign,DEVICE_ALL,0,,0
2026-07-13,2026-07-13,2026-07-19,овсянников сайт,Орловская область,10772,campaign,DEVICE_ALL,0,,0
2026-07-20,2026-07-20,2026-07-26,овсянников сайт,Орловская область,10772,campaign,DEVICE_ALL,0,,0
2026-07-27,2026-07-27,2026-08-02,овсянников сайт,Орловская область,10772,campaign,DEVICE_ALL,1,7.816384987600868e-06,0
2026-08-03,2026-08-03,2026-08-09,овсянников сайт,Орловская область,10772,campaign,DEVICE_ALL,0,,0
2026-08-10,2026-08-10,2026-08-16,овсянников сайт,Орловская область,10772,campaign,DEVICE_ALL,1,8.086047185966633e-06,0
2026-08-17,2026-08-17,2026-08-23,овсянников сайт,Орловская область,10772,campaign,DEVICE_ALL,0,,0
2026-08-24,2026-08-24,2026-08-30,овсянников сайт,Орловская область,10772,campaign,DEVICE_ALL,2,1.673111632099483e-05,0
2026-08-31,2026-08-31,2026-09-06,овсянников сайт,Орловская область,10772,campaign,DEVICE_ALL,3,2.3363805446788387e-05,0
2026-09-07,2026-09-07,2026-09-13,овсянников сайт,Орловская область,10772,campaign,DEVICE_ALL,0,,0
2026-03-30,2026-03-30,2026-04-05,овсянников сайт,Рязанская область,10776,campaign,DEVICE_ALL,0,,0
2026-04-06,2026-04-06,2026-04-12,овсянников сайт,Рязанская область,10776,campaign,DEVICE_ALL,0,,0
2026-04-13,2026-04-13,2026-04-19,овсянников сайт,Рязанская область,10776,campaign,DEVICE_ALL,0,,0
2026-04-20,2026-04-20,2026-04-26,овсянников сайт,Рязанская область,10776,campaign,DEVICE_ALL,0,,0
2026-04-27,2026-04-27,2026-05-03,овсянников сайт,Рязанская область,10776,campaign,DEVICE_ALL,0,,0
2026-05-04,2026-05-04,2026-05-10,овсянников сайт,Рязанская область,10776,campaign,DEVICE_ALL,0,,0
2026-05-11,2026-05-11,2026-05-17,овсянников сайт,Рязанская область,10776,campaign,DEVICE_ALL,0,,0
2026-05-18,2026-05-18,2026-05-24,овсянников сайт,Рязанская область,10776,campaign,DEVICE_ALL,0,,0
2026-05-25,2026-05-25,2026-05-31,овсянников сайт,Рязанская область,10776,campaign,DEVICE_ALL,0,,0
2026-06-01,2026-06-01,2026-06-07,овсянников сайт,Рязанская область,10776,campaign,DEVICE_ALL,0,,0
2026-06-08,2026-06-08,2026-06-14,овсянников сайт,Рязанская область,10776,campaign,DEVICE_ALL,0,,0
2026-06-15,2026-06-15,2026-06-21,овсянников сайт,Рязанская область,10776,campaign,DEVICE_ALL,0,,0
2026-06-22,2026-06-22,2026-06-28,овсянников сайт,Рязанская область,10776,campaign,DEVICE_ALL,0,,0
2026-06-29,2026-06-29,2026-07-05,овсянников сайт,Рязанская область,10776,campaign,DEVICE_ALL,1,5.115488810021693e-06,0
2026-07-06,2026-07-06,2026-07-12,овсянников сайт,Рязанская область,10776,campaign,DEVICE_ALL,0,,0
2026-07-13,2026-07-13,2026-07-19,овсянников сайт,Рязанская область,10776,campaign,DEVICE_ALL,0,,0
2026-07-20,2026-07-20,2026-07-26,овсянников сайт,Рязанская область,10776,campaign,DEVICE_ALL,1,4.236970183296839e-06,0
2026-07-27,2026-07-27,2026-08-02,овсянников сайт,Рязанская область,10776,campaign,DEVICE_ALL,0,,0
2026-08-03,2026-08-03,2026-08-09,овсянников сайт,Рязанская область,10776,campaign,DEVICE_ALL,0,,0
2026-08-10,2026-08-10,2026-08-16,овсянников сайт,Рязанская область,10776,campaign,DEVICE_ALL,0,,0
2026-08-17,2026-08-17,2026-08-23,овсянников сайт,Рязанская область,10776,campaign,DEVICE_ALL,0,,0
2026-08-24,2026-08-24,2026-08-30,овсянников сайт,Рязанская область,10776,campaign,DEVICE_ALL,0,,0
2026-08-31,2026-08-31,2026-09-06,овсянников сайт,Рязанская область,10776,campaign,DEVICE_ALL,2,9.042069585054906e-06,0
2026-09-07,2026-09-07,2026-09-13,овсянников сайт,Рязанская область,10776,campaign,DEVICE_ALL,2,8.780651553321408e-06,0
2026-03-30,2026-03-30,2026-04-05,овсянников сайт,Ярославская область,10841,campaign,DEVICE_ALL,0,,0
2026-04-06,2026-04-06,2026-04-12,овсянников сайт,Ярославская область,10841,campaign,DEVICE_ALL,0,,0
2026-04-13,2026-04-13,2026-04-19,овсянников сайт,Ярославская область,10841,campaign,DEVICE_ALL,0,,0
2026-04-20,2026-04-20,2026-04-26,овсянников сайт,Ярославская область,10841,campaign,DEVICE_ALL,0,,0
2026-04-27,2026-04-27,2026-05-03,овсянников сайт,Ярославская область,10841,campaign,DEVICE_ALL,1,4.4709210401365315e-06,0
2026-05-04,2026-05-04,2026-05-10,овсянников сайт,Ярославская область,10841,campaign,DEVICE_ALL,0,,0
2026-05-11,2026-05-11,2026-05-17,овсянников сайт,Ярославская область,10841,campaign,DEVICE_ALL,0,,0
2026-05-18,2026-05-18,2026-05-24,овсянников сайт,Ярославская область,10841,campaign,DEVICE_ALL,0,,0
2026-05-25,2026-05-25,2026-05-31,овсянников сайт,Ярославская область,10841,campaign,DEVICE_ALL,0,,0
2026-06-01,2026-06-01,2026-06-07,овсянников сайт,Ярославская область,10841,campaign,DEVICE_ALL,0,,0
2026-06-08,2026-06-08,2026-06-14,овсянников сайт,Ярославская область,10841,campaign,DEVICE_ALL,0,,0
2026-06-15,2026-06-15,2026-06-21,овсянников сайт,Ярославская область,10841,campaign,DEVICE_ALL,2,8.754247396694737e-06,0
2026-06-22,2026-06-22,2026-06-28,овсянников сайт,Ярославская область,10841,campaign,DEVICE_ALL,0,,0
2026-06-29,2026-06-29,2026-07-05,овсянников сайт,Ярославская область,10841,campaign,DEVICE_ALL,3,1.3805375951449255e-05,0
2026-07-06,2026-07-06,2026-07-12,овсянников сайт,Ярославская область,10841,campaign,DEVICE_ALL,3,1.3396395824736383e-05,0
2026-07-13,2026-07-13,2026-07-19,овсянников сайт,Ярославская область,10841,campaign,DEVICE_ALL,2,8.448191780711975e-06,0
2026-07-20,2026-07-20,2026-07-26,овсянников сайт,Ярославская область,10841,campaign,DEVICE_ALL,0,,0
2026-07-27,2026-07-27,2026-08-02,овсянников сайт,Ярославская область,10841,campaign,DEVICE_ALL,0,,0
2026-08-03,2026-08-03,2026-08-09,овсянников сайт,Ярославская область,10841,campaign,DEVICE_ALL,0,,0
2026-08-10,2026-08-10,2026-08-16,овсянников сайт,Ярославская область,10841,campaign,DEVICE_ALL,1,4.108868750775292e-06,0
2026-08-17,2026-08-17,2026-08-23,овсянников сайт,Ярославская область,10841,campaign,DEVICE_ALL,0,,0
2026-08-24,2026-08-24,2026-08-30,овсянников сайт,Ярославская область,10841,campaign,DEVICE_ALL,0,,0
2026-08-31,2026-08-31,2026-09-06,овсянников сайт,Ярославская область,10841,campaign,DEVICE_ALL,4,1.637294088267261e-05,0
2026-09-07,2026-09-07,2026-09-13,овсянников сайт,Ярославская область,10841,campaign,DEVICE_ALL,13,5.066093029055992e-05,0
2026-03-30,2026-03-30,2026-04-05,овсянников сайт,Костромская область,10699,campaign,DEVICE_ALL,0,,0
2026-04-06,2026-04-06,2026-04-12,овсянников сайт,Костромская область,10699,campaign,DEVICE_ALL,0,,0
2026-04-13,2026-04-13,2026-04-19,овсянников сайт,Костромская область,10699,campaign,DEVICE_ALL,0,,0
2026-04-20,2026-04-20,2026-04-26,овсянников сайт,Костромская область,10699,campaign,DEVICE_ALL,0,,0
2026-04-27,2026-04-27,2026-05-03,овсянников сайт,Костромская область,10699,campaign,DEVICE_ALL,0,,0
2026-05-04,2026-05-04,2026-05-10,овсянников сайт,Костромская область,10699,campaign,DEVICE_ALL,0,,0
2026-05-11,2026-05-11,2026-05-17,овсянников сайт,Костромская область,10699,campaign,DEVICE_ALL,0,,0
2026-05-18,2026-05-18,2026-05-24,овсянников сайт,Костромская область,10699,campaign,DEVICE_ALL,0,,0
2026-05-25,2026-05-25,2026-05-31,овсянников сайт,Костромская область,10699,campaign,DEVICE_ALL,0,,0
2026-06-01,2026-06-01,2026-06-07,овсянников сайт,Костромская область,10699,campaign,DEVICE_ALL,0,,0
2026-06-08,2026-06-08,2026-06-14,овсянников сайт,Костромская область,10699,campaign,DEVICE_ALL,0,,0
2026-06-15,2026-06-15,2026-06-21,овсянников сайт,Костромская область,10699,campaign,DEVICE_ALL,0,,0
2026-06-22,2026-06-22,2026-06-28,овсянников сайт,Костромская область,10699,campaign,DEVICE_ALL,0,,0
2026-06-29,2026-06-29,2026-07-05,овсянников сайт,Костромская область,10699,campaign,DEVICE_ALL,0,,0
2026-07-06,2026-07-06,2026-07-12,овсянников сайт,Костромская область,10699,campaign,DEVICE_ALL,0,,0
2026-07-13,2026-07-13,2026-07-19,овсянников сайт,Костромская область,10699,campaign,DEVICE_ALL,0,,0
2026-07-20,2026-07-20,2026-07-26,овсянников сайт,Костромская область,10699,campaign,DEVICE_ALL,1,9.20959820641233e-06,0
2026-07-27,2026-07-27,2026-08-02,овсянников сайт,Костромская область,10699,campaign,DEVICE_ALL,0,,0
2026-08-03,2026-08-03,2026-08-09,овсянников сайт,Костромская область,10699,campaign,DEVICE_ALL,0,,0
2026-08-10,2026-08-10,2026-08-16,овсянников сайт,Костромская область,10699,campaign,DEVICE_ALL,0,,0
2026-08-17,2026-08-17,2026-08-23,овсянников сайт,Костромская область,10699,campaign,DEVICE_ALL,0,,0
2026-08-24,2026-08-24,2026-08-30,овсянников сайт,Костромская область,10699,campaign,DEVICE_ALL,0,,0
2026-08-31,2026-08-31,2026-09-06,овсянников сайт,Костромская область,10699,campaign,DEVICE_ALL,2,1.9111387376833082e-05,0
2026-09-07,2026-09-07,2026-09-13,овсянников сайт,Костромская область,10699,campaign,DEVICE_ALL,2,1.799435463112158e-05,0
2026-03-30,2026-03-30,2026-04-05,овсянников сайт,Липецкая область,10712,campaign,DEVICE_ALL,3,1.664309449716052e-05,0
2026-04-06,2026-04-06,2026-04-12,овсянников сайт,Липецкая область,10712,campaign,DEVICE_ALL,0,,0
2026-04-13,2026-04-13,2026-04-19,овсянников сайт,Липецкая область,10712,campaign,DEVICE_ALL,0,,0
2026-04-20,2026-04-20,2026-04-26,овсянников сайт,Липецкая область,10712,campaign,DEVICE_ALL,0,,0
2026-04-27,2026-04-27,2026-05-03,овсянников сайт,Липецкая область,10712,campaign,DEVICE_ALL,0,,0
2026-05-04,2026-05-04,2026-05-10,овсянников сайт,Липецкая область,10712,campaign,DEVICE_ALL,0,,0
2026-05-11,2026-05-11,2026-05-17,овсянников сайт,Липецкая область,10712,campaign,DEVICE_ALL,0,,0
2026-05-18,2026-05-18,2026-05-24,овсянников сайт,Липецкая область,10712,campaign,DEVICE_ALL,0,,0
2026-05-25,2026-05-25,2026-05-31,овсянников сайт,Липецкая область,10712,campaign,DEVICE_ALL,0,,0
2026-06-01,2026-06-01,2026-06-07,овсянников сайт,Липецкая область,10712,campaign,DEVICE_ALL,2,1.1553190078397637e-05,0
2026-06-08,2026-06-08,2026-06-14,овсянников сайт,Липецкая область,10712,campaign,DEVICE_ALL,1,5.749992510634755e-06,0
2026-06-15,2026-06-15,2026-06-21,овсянников сайт,Липецкая область,10712,campaign,DEVICE_ALL,0,,0
2026-06-22,2026-06-22,2026-06-28,овсянников сайт,Липецкая область,10712,campaign,DEVICE_ALL,0,,0
2026-06-29,2026-06-29,2026-07-05,овсянников сайт,Липецкая область,10712,campaign,DEVICE_ALL,0,,0
2026-07-06,2026-07-06,2026-07-12,овсянников сайт,Липецкая область,10712,campaign,DEVICE_ALL,0,,0
2026-07-13,2026-07-13,2026-07-19,овсянников сайт,Липецкая область,10712,campaign,DEVICE_ALL,1,5.102468538561676e-06,0
2026-07-20,2026-07-20,2026-07-26,овсянников сайт,Липецкая область,10712,campaign,DEVICE_ALL,0,,0
2026-07-27,2026-07-27,2026-08-02,овсянников сайт,Липецкая область,10712,campaign,DEVICE_ALL,0,,0
2026-08-03,2026-08-03,2026-08-09,овсянников сайт,Липецкая область,10712,campaign,DEVICE_ALL,0,,0
2026-08-10,2026-08-10,2026-08-16,овсянников сайт,Липецкая область,10712,campaign,DEVICE_ALL,0,,0
2026-08-17,2026-08-17,2026-08-23,овсянников сайт,Липецкая область,10712,campaign,DEVICE_ALL,0,,0
2026-08-24,2026-08-24,2026-08-30,овсянников сайт,Липецкая область,10712,campaign,DEVICE_ALL,0,,0
2026-08-31,2026-08-31,2026-09-06,овсянников сайт,Липецкая область,10712,campaign,DEVICE_ALL,0,,0
2026-09-07,2026-09-07,2026-09-13,овсянников сайт,Липецкая область,10712,campaign,DEVICE_ALL,0,,0
2026-03-30,2026-03-30,2026-04-05,овсянников сайт,Республика Башкортостан,11111,campaign,DEVICE_ALL,0,,0
2026-04-06,2026-04-06,2026-04-12,овсянников сайт,Республика Башкортостан,11111,campaign,DEVICE_ALL,0,,0
2026-04-13,2026-04-13,2026-04-19,овсянников сайт,Республика Башкортостан,11111,campaign,DEVICE_ALL,2,3.494538490629151e-06,0
2026-04-20,2026-04-20,2026-04-26,овсянников сайт,Республика Башкортостан,11111,campaign,DEVICE_ALL,0,,0
2026-04-27,2026-04-27,2026-05-03,овсянников сайт,Республика Башкортостан,11111,campaign,DEVICE_ALL,0,,0
2026-05-04,2026-05-04,2026-05-10,овсянников сайт,Республика Башкортостан,11111,campaign,DEVICE_ALL,0,,0
2026-05-11,2026-05-11,2026-05-17,овсянников сайт,Республика Башкортостан,11111,campaign,DEVICE_ALL,0,,0
2026-05-18,2026-05-18,2026-05-24,овсянников сайт,Республика Башкортостан,11111,campaign,DEVICE_ALL,0,,0
2026-05-25,2026-05-25,2026-05-31,овсянников сайт,Республика Башкортостан,11111,campaign,DEVICE_ALL,1,1.9633356877000455e-06,0
2026-06-01,2026-06-01,2026-06-07,овсянников сайт,Республика Башкортостан,11111,campaign,DEVICE_ALL,0,,0
2026-06-08,2026-06-08,2026-06-14,овсянников сайт,Республика Башкортостан,11111,campaign,DEVICE_ALL,0,,0
2026-06-15,2026-06-15,2026-06-21,овсянников сайт,Республика Башкортостан,11111,campaign,DEVICE_ALL,0,,0
2026-06-22,2026-06-22,2026-06-28,овсянников сайт,Республика Башкортостан,11111,campaign,DEVICE_ALL,0,,0
2026-06-29,2026-06-29,2026-07-05,овсянников сайт,Республика Башкортостан,11111,campaign,DEVICE_ALL,0,,0
2026-07-06,2026-07-06,2026-07-12,овсянников сайт,Республика Башкортостан,11111,campaign,DEVICE_ALL,0,,0
2026-07-13,2026-07-13,2026-07-19,овсянников сайт,Республика Башкортостан,11111,campaign,DEVICE_ALL,0,,0
2026-07-20,2026-07-20,2026-07-26,овсянников сайт,Республика Башкортостан,11111,campaign,DEVICE_ALL,0,,0
2026-07-27,2026-07-27,2026-08-02,овсянников сайт,Республика Башкортостан,11111,campaign,DEVICE_ALL,0,,0
2026-08-03,2026-08-03,2026-08-09,овсянников сайт,Республика Башкортостан,11111,campaign,DEVICE_ALL,1,1.824072178390173e-06,0
2026-08-10,2026-08-10,2026-08-16,овсянников сайт,Республика Башкортостан,11111,campaign,DEVICE_ALL,1,1.739664738770203e-06,0
2026-08-17,2026-08-17,2026-08-23,овсянников сайт,Республика Башкортостан,11111,campaign,DEVICE_ALL,0,,0
2026-08-24,2026-08-24,2026-08-30,овсянников сайт,Республика Башкортостан,11111,campaign,DEVICE_ALL,1,1.8113715551448977e-06,0
2026-08-31,2026-08-31,2026-09-06,овсянников сайт,Республика Башкортостан,11111,campaign,DEVICE_ALL,0,,0
2026-09-07,2026-09-07,2026-09-13,овсянников сайт,Республика Башкортостан,11111,campaign,DEVICE_ALL,0,,0
2026-03-30,2026-03-30,2026-04-05,овсянников сайт,Новосибирская область,11316,campaign,DEVICE_ALL,1,1.8672645996470795e-06,0
2026-04-06,2026-04-06,2026-04-12,овсянников сайт,Новосибирская область,11316,campaign,DEVICE_ALL,0,,0
2026-04-13,2026-04-13,2026-04-19,овсянников сайт,Новосибирская область,11316,campaign,DEVICE_ALL,0,,0
2026-04-20,2026-04-20,2026-04-26,овсянников сайт,Новосибирская область,11316,campaign,DEVICE_ALL,0,,0
2026-04-27,2026-04-27,2026-05-03,овсянников сайт,Новосибирская область,11316,campaign,DEVICE_ALL,0,,0
2026-05-04,2026-05-04,2026-05-10,овсянников сайт,Новосибирская область,11316,campaign,DEVICE_ALL,0,,0
2026-05-11,2026-05-11,2026-05-17,овсянников сайт,Новосибирская область,11316,campaign,DEVICE_ALL,0,,0
2026-05-18,2026-05-18,2026-05-24,овсянников сайт,Новосибирская область,11316,campaign,DEVICE_ALL,0,,0
2026-05-25,2026-05-25,2026-05-31,овсянников сайт,Новосибирская область,11316,campaign,DEVICE_ALL,4,7.986885693429103e-06,0
2026-06-01,2026-06-01,2026-06-07,овсянников сайт,Новосибирская область,11316,campaign,DEVICE_ALL,0,,0
2026-06-08,2026-06-08,2026-06-14,овсянников сайт,Новосибирская область,11316,campaign,DEVICE_ALL,2,4.070511351475711e-06,0
2026-06-15,2026-06-15,2026-06-21,овсянников сайт,Новосибирская область,11316,campaign,DEVICE_ALL,0,,0
2026-06-22,2026-06-22,2026-06-28,овсянников сайт,Новосибирская область,11316,campaign,DEVICE_ALL,0,,0
2026-06-29,2026-06-29,2026-07-05,овсянников сайт,Новосибирская область,11316,campaign,DEVICE_ALL,0,,0
2026-07-06,2026-07-06,2026-07-12,овсянников сайт,Новосибирская область,11316,campaign,DEVICE_ALL,0,,0
2026-07-13,2026-07-13,2026-07-19,овсянников сайт,Новосибирская область,11316,campaign,DEVICE_ALL,1,1.885881927685895e-06,0
2026-07-20,2026-07-20,2026-07-26,овсянников сайт,Новосибирская область,11316,campaign,DEVICE_ALL,0,,0
2026-07-27,2026-07-27,2026-08-02,овсянников сайт,Новосибирская область,11316,campaign,DEVICE_ALL,0,,0
2026-08-03,2026-08-03,2026-08-09,овсянников сайт,Новосибирская область,11316,campaign,DEVICE_ALL,1,1.8976203101239125e-06,0
2026-08-10,2026-08-10,2026-08-16,овсянников сайт,Новосибирская область,11316,campaign,DEVICE_ALL,5,9.686169840672774e-06,0
2026-08-17,2026-08-17,2026-08-23,овсянников сайт,Новосибирская область,11316,campaign,DEVICE_ALL,2,3.8116440274387294e-06,0
2026-08-24,2026-08-24,2026-08-30,овсянников сайт,Новосибирская область,11316,campaign,DEVICE_ALL,0,,0
2026-08-31,2026-08-31,2026-09-06,овсянников сайт,Новосибирская область,11316,campaign,DEVICE_ALL,3,5.6591776128366446e-06,0
2026-09-07,2026-09-07,2026-09-13,овсянников сайт,Новосибирская область,11316,campaign,DEVICE_ALL,9,1.5742418765970684e-05,0
2026-03-30,2026-03-30,2026-04-05,овсянников сайт,Саратовская область,11146,campaign,DEVICE_ALL,0,,0
2026-04-06,2026-04-06,2026-04-12,овсянников сайт,Саратовская область,11146,campaign,DEVICE_ALL,0,,0
2026-04-13,2026-04-13,2026-04-19,овсянников сайт,Саратовская область,11146,campaign,DEVICE_ALL,3,8.102965790817994e-06,0
2026-04-20,2026-04-20,2026-04-26,овсянников сайт,Саратовская область,11146,campaign,DEVICE_ALL,0,,0
2026-04-27,2026-04-27,2026-05-03,овсянников сайт,Саратовская область,11146,campaign,DEVICE_ALL,0,,0
2026-05-04,2026-05-04,2026-05-10,овсянников сайт,Саратовская область,11146,campaign,DEVICE_ALL,1,3.200274455537307e-06,0
2026-05-11,2026-05-11,2026-05-17,овсянников сайт,Саратовская область,11146,campaign,DEVICE_ALL,0,,0
2026-05-18,2026-05-18,2026-05-24,овсянников сайт,Саратовская область,11146,campaign,DEVICE_ALL,0,,0
2026-05-25,2026-05-25,2026-05-31,овсянников сайт,Саратовская область,11146,campaign,DEVICE_ALL,1,2.999846227882359e-06,0
2026-06-01,2026-06-01,2026-06-07,овсянников сайт,Саратовская область,11146,campaign,DEVICE_ALL,0,,0
2026-06-08,2026-06-08,2026-06-14,овсянников сайт,Саратовская область,11146,campaign,DEVICE_ALL,0,,0
2026-06-15,2026-06-15,2026-06-21,овсянников сайт,Саратовская область,11146,campaign,DEVICE_ALL,0,,0
2026-06-22,2026-06-22,2026-06-28,овсянников сайт,Саратовская область,11146,campaign,DEVICE_ALL,0,,0
2026-06-29,2026-06-29,2026-07-05,овсянников сайт,Саратовская область,11146,campaign,DEVICE_ALL,0,,0
2026-07-06,2026-07-06,2026-07-12,овсянников сайт,Саратовская область,11146,campaign,DEVICE_ALL,0,,0
2026-07-13,2026-07-13,2026-07-19,овсянников сайт,Саратовская область,11146,campaign,DEVICE_ALL,0,,0
2026-07-20,2026-07-20,2026-07-26,овсянников сайт,Саратовская область,11146,campaign,DEVICE_ALL,0,,0
2026-07-27,2026-07-27,2026-08-02,овсянников сайт,Саратовская область,11146,campaign,DEVICE_ALL,3,8.280473778899924e-06,0
2026-08-03,2026-08-03,2026-08-09,овсянников сайт,Саратовская область,11146,campaign,DEVICE_ALL,0,,0
2026-08-10,2026-08-10,2026-08-16,овсянников сайт,Саратовская область,11146,campaign,DEVICE_ALL,0,,0
2026-08-17,2026-08-17,2026-08-23,овсянников сайт,Саратовская область,11146,campaign,DEVICE_ALL,1,2.87143217015349e-06,0
2026-08-24,2026-08-24,2026-08-30,овсянников сайт,Саратовская область,11146,campaign,DEVICE_ALL,0,,0
2026-08-31,2026-08-31,2026-09-06,овсянников сайт,Саратовская область,11146,campaign,DEVICE_ALL,3,8.204199237337638e-06,0
2026-09-07,2026-09-07,2026-09-13,овсянников сайт,Саратовская область,11146,campaign,DEVICE_ALL,2,4.955705163889382e-06,0
2026-03-30,2026-03-30,2026-04-05,овсянников сайт,Томская область,11353,campaign,DEVICE_ALL,3,2.1115463790252497e-05,0
2026-04-06,2026-04-06,2026-04-12,овсянников сайт,Томская область,11353,campaign,DEVICE_ALL,0,,0
2026-04-13,2026-04-13,2026-04-19,овсянников сайт,Томская область,11353,campaign,DEVICE_ALL,1,6.46388135002816e-06,0
2026-04-20,2026-04-20,2026-04-26,овсянников сайт,Томская область,11353,campaign,DEVICE_ALL,0,,0
2026-04-27,2026-04-27,2026-05-03,овсянников сайт,Томская область,11353,campaign,DEVICE_ALL,0,,0
2026-05-04,2026-05-04,2026-05-10,овсянников сайт,Томская область,11353,campaign,DEVICE_ALL,1,7.659615862604875e-06,0
2026-05-11,2026-05-11,2026-05-17,овсянников сайт,Томская область,11353,campaign,DEVICE_ALL,3,2.1475795168160846e-05,0
2026-05-18,2026-05-18,2026-05-24,овсянников сайт,Томская область,11353,campaign,DEVICE_ALL,0,,0
2026-05-25,2026-05-25,2026-05-31,овсянников сайт,Томская область,11353,campaign,DEVICE_ALL,0,,0
2026-06-01,2026-06-01,2026-06-07,овсянников сайт,Томская область,11353,campaign,DEVICE_ALL,0,,0
2026-06-08,2026-06-08,2026-06-14,овсянников сайт,Томская область,11353,campaign,DEVICE_ALL,0,,0
2026-06-15,2026-06-15,2026-06-21,овсянников сайт,Томская область,11353,campaign,DEVICE_ALL,0,,0
2026-06-22,2026-06-22,2026-06-28,овсянников сайт,Томская область,11353,campaign,DEVICE_ALL,1,7.250322983763119e-06,0
2026-06-29,2026-06-29,2026-07-05,овсянников сайт,Томская область,11353,campaign,DEVICE_ALL,0,,0
2026-07-06,2026-07-06,2026-07-12,овсянников сайт,Томская область,11353,campaign,DEVICE_ALL,0,,0
2026-07-13,2026-07-13,2026-07-19,овсянников сайт,Томская область,11353,campaign,DEVICE_ALL,0,,0
2026-07-20,2026-07-20,2026-07-26,овсянников сайт,Томская область,11353,campaign,DEVICE_ALL,0,,0
2026-07-27,2026-07-27,2026-08-02,овсянников сайт,Томская область,11353,campaign,DEVICE_ALL,0,,0
2026-08-03,2026-08-03,2026-08-09,овсянников сайт,Томская область,11353,campaign,DEVICE_ALL,0,,0
2026-08-10,2026-08-10,2026-08-16,овсянников сайт,Томская область,11353,campaign,DEVICE_ALL,0,,0
2026-08-17,2026-08-17,2026-08-23,овсянников сайт,Томская область,11353,campaign,DEVICE_ALL,0,,0
2026-08-24,2026-08-24,2026-08-30,овсянников сайт,Томская область,11353,campaign,DEVICE_ALL,0,,0
2026-08-31,2026-08-31,2026-09-06,овсянников сайт,Томская область,11353,campaign,DEVICE_ALL,0,,0
2026-09-07,2026-09-07,2026-09-13,овсянников сайт,Томская область,11353,campaign,DEVICE_ALL,1,6.842017541290892e-06,0
2026-03-30,2026-03-30,2026-04-05,овсянников сайт,Вологодская область,10853,campaign,DEVICE_ALL,0,,0
2026-04-06,2026-04-06,2026-04-12,овсянников сайт,Вологодская область,10853,campaign,DEVICE_ALL,0,,0
2026-04-13,2026-04-13,2026-04-19,овсянников сайт,Вологодская область,10853,campaign,DEVICE_ALL,0,,0
2026-04-20,2026-04-20,2026-04-26,овсянников сайт,Вологодская область,10853,campaign,DEVICE_ALL,0,,0
2026-04-27,2026-04-27,2026-05-03,овсянников сайт,Вологодская область,10853,campaign,DEVICE_ALL,0,,0
2026-05-04,2026-05-04,2026-05-10,овсянников сайт,Вологодская область,10853,campaign,DEVICE_ALL,0,,0
2026-05-11,2026-05-11,2026-05-17,овсянников сайт,Вологодская область,10853,campaign,DEVICE_ALL,0,,0
2026-05-18,2026-05-18,2026-05-24,овсянников сайт,Вологодская область,10853,campaign,DEVICE_ALL,0,,0
2026-05-25,2026-05-25,2026-05-31,овсянников сайт,Вологодская область,10853,campaign,DEVICE_ALL,0,,0
2026-06-01,2026-06-01,2026-06-07,овсянников сайт,Вологодская область,10853,campaign,DEVICE_ALL,0,,0
2026-06-08,2026-06-08,2026-06-14,овсянников сайт,Вологодская область,10853,campaign,DEVICE_ALL,0,,0
2026-06-15,2026-06-15,2026-06-21,овсянников сайт,Вологодская область,10853,campaign,DEVICE_ALL,0,,0
2026-06-22,2026-06-22,2026-06-28,овсянников сайт,Вологодская область,10853,campaign,DEVICE_ALL,0,,0
2026-06-29,2026-06-29,2026-07-05,овсянников сайт,Вологодская область,10853,campaign,DEVICE_ALL,1,5.486826650460775e-06,0
2026-07-06,2026-07-06,2026-07-12,овсянников сайт,Вологодская область,10853,campaign,DEVICE_ALL,0,,0
2026-07-13,2026-07-13,2026-07-19,овсянников сайт,Вологодская область,10853,campaign,DEVICE_ALL,0,,0
2026-07-20,2026-07-20,2026-07-26,овсянников сайт,Вологодская область,10853,campaign,DEVICE_ALL,0,,0
2026-07-27,2026-07-27,2026-08-02,овсянников сайт,Вологодская область,10853,campaign,DEVICE_ALL,1,5.010338332114485e-06,0
2026-08-03,2026-08-03,2026-08-09,овсянников сайт,Вологодская область,10853,campaign,DEVICE_ALL,0,,0
2026-08-10,2026-08-10,2026-08-16,овсянников сайт,Вологодская область,10853,campaign,DEVICE_ALL,0,,0
2026-08-17,2026-08-17,2026-08-23,овсянников сайт,Вологодская область,10853,campaign,DEVICE_ALL,0,,0
2026-08-24,2026-08-24,2026-08-30,овсянников сайт,Вологодская область,10853,campaign,DEVICE_ALL,0,,0
2026-08-31,2026-08-31,2026-09-06,овсянников сайт,Вологодская область,10853,campaign,DEVICE_ALL,0,,0
2026-09-07,2026-09-07,2026-09-13,овсянников сайт,Вологодская область,10853,campaign,DEVICE_ALL,2,9.15973911780629e-06,0
2026-03-30,2026-03-30,2026-04-05,овсянников сайт,Алтайский край,11235,campaign,DEVICE_ALL,0,,0
2026-04-06,2026-04-06,2026-04-12,овсянников сайт,Алтайский край,11235,campaign,DEVICE_ALL,0,,0
2026-04-13,2026-04-13,2026-04-19,овсянников сайт,Алтайский край,11235,campaign,DEVICE_ALL,1,3.0924072835221353e-06,0
2026-04-20,2026-04-20,2026-04-26,овсянников сайт,Алтайский край,11235,campaign,DEVICE_ALL,0,,0
2026-04-27,2026-04-27,2026-05-03,овсянников сайт,Алтайский край,11235,campaign,DEVICE_ALL,0,,0
2026-05-04,2026-05-04,2026-05-10,овсянников сайт,Алтайский край,11235,campaign,DEVICE_ALL,0,,0
2026-05-11,2026-05-11,2026-05-17,овсянников сайт,Алтайский край,11235,campaign,DEVICE_ALL,1,3.4501421510318357e-06,0
2026-05-18,2026-05-18,2026-05-24,овсянников сайт,Алтайский край,11235,campaign,DEVICE_ALL,0,,0
2026-05-25,2026-05-25,2026-05-31,овсянников сайт,Алтайский край,11235,campaign,DEVICE_ALL,0,,0
2026-06-01,2026-06-01,2026-06-07,овсянников сайт,Алтайский край,11235,campaign,DEVICE_ALL,1,3.6143234917111816e-06,0
2026-06-08,2026-06-08,2026-06-14,овсянников сайт,Алтайский край,11235,campaign,DEVICE_ALL,0,,0
2026-06-15,2026-06-15,2026-06-21,овсянников сайт,Алтайский край,11235,campaign,DEVICE_ALL,0,,0
2026-06-22,2026-06-22,2026-06-28,овсянников сайт,Алтайский край,11235,campaign,DEVICE_ALL,0,,0
2026-06-29,2026-06-29,2026-07-05,овсянников сайт,Алтайский край,11235,campaign,DEVICE_ALL,3,1.0948580647901967e-05,0
2026-07-06,2026-07-06,2026-07-12,овсянников сайт,Алтайский край,11235,campaign,DEVICE_ALL,0,,0
2026-07-13,2026-07-13,2026-07-19,овсянников сайт,Алтайский край,11235,campaign,DEVICE_ALL,0,,0
2026-07-20,2026-07-20,2026-07-26,овсянников сайт,Алтайский край,11235,campaign,DEVICE_ALL,0,,0
2026-07-27,2026-07-27,2026-08-02,овсянников сайт,Алтайский край,11235,campaign,DEVICE_ALL,0,,0
2026-08-03,2026-08-03,2026-08-09,овсянников сайт,Алтайский край,11235,campaign,DEVICE_ALL,2,6.677072884757562e-06,0
2026-08-10,2026-08-10,2026-08-16,овсянников сайт,Алтайский край,11235,campaign,DEVICE_ALL,0,,0
2026-08-17,2026-08-17,2026-08-23,овсянников сайт,Алтайский край,11235,campaign,DEVICE_ALL,0,,0
2026-08-24,2026-08-24,2026-08-30,овсянников сайт,Алтайский край,11235,campaign,DEVICE_ALL,1,3.3967803210113654e-06,0
2026-08-31,2026-08-31,2026-09-06,овсянников сайт,Алтайский край,11235,campaign,DEVICE_ALL,0,,0
2026-09-07,2026-09-07,2026-09-13,овсянников сайт,Алтайский край,11235,campaign,DEVICE_ALL,0,,0
2026-03-30,2026-03-30,2026-04-05,овсянников сайт,Ивановская область,10687,campaign,DEVICE_ALL,0,,0
2026-04-06,2026-04-06,2026-04-12,овсянников сайт,Ивановская область,10687,campaign,DEVICE_ALL,0,,0
2026-04-13,2026-04-13,2026-04-19,овсянников сайт,Ивановская область,10687,campaign,DEVICE_ALL,0,,0
2026-04-20,2026-04-20,2026-04-26,овсянников сайт,Ивановская область,10687,campaign,DEVICE_ALL,0,,0
2026-04-27,2026-04-27,2026-05-03,овсянников сайт,Ивановская область,10687,campaign,DEVICE_ALL,0,,0
2026-05-04,2026-05-04,2026-05-10,овсянников сайт,Ивановская область,10687,campaign,DEVICE_ALL,1,7.211488882552393e-06,0
2026-05-11,2026-05-11,2026-05-17,овсянников сайт,Ивановская область,10687,campaign,DEVICE_ALL,0,,0
2026-05-18,2026-05-18,2026-05-24,овсянников сайт,Ивановская область,10687,campaign,DEVICE_ALL,1,7.064946926705697e-06,0
2026-05-25,2026-05-25,2026-05-31,овсянников сайт,Ивановская область,10687,campaign,DEVICE_ALL,0,,0
2026-06-01,2026-06-01,2026-06-07,овсянников сайт,Ивановская область,10687,campaign,DEVICE_ALL,2,1.3844864143809372e-05,0
2026-06-08,2026-06-08,2026-06-14,овсянников сайт,Ивановская область,10687,campaign,DEVICE_ALL,0,,0
2026-06-15,2026-06-15,2026-06-21,овсянников сайт,Ивановская область,10687,campaign,DEVICE_ALL,0,,0
2026-06-22,2026-06-22,2026-06-28,овсянников сайт,Ивановская область,10687,campaign,DEVICE_ALL,0,,0
2026-06-29,2026-06-29,2026-07-05,овсянников сайт,Ивановская область,10687,campaign,DEVICE_ALL,0,,0
2026-07-06,2026-07-06,2026-07-12,овсянников сайт,Ивановская область,10687,campaign,DEVICE_ALL,0,,0
2026-07-13,2026-07-13,2026-07-19,овсянников сайт,Ивановская область,10687,campaign,DEVICE_ALL,0,,0
2026-07-20,2026-07-20,2026-07-26,овсянников сайт,Ивановская область,10687,campaign,DEVICE_ALL,0,,0
2026-07-27,2026-07-27,2026-08-02,овсянников сайт,Ивановская область,10687,campaign,DEVICE_ALL,1,6.1578523578539835e-06,0
2026-08-03,2026-08-03,2026-08-09,овсянников сайт,Ивановская область,10687,campaign,DEVICE_ALL,0,,0
2026-08-10,2026-08-10,2026-08-16,овсянников сайт,Ивановская область,10687,campaign,DEVICE_ALL,0,,0
2026-08-17,2026-08-17,2026-08-23,овсянников сайт,Ивановская область,10687,campaign,DEVICE_ALL,0,,0
2026-08-24,2026-08-24,2026-08-30,овсянников сайт,Ивановская область,10687,campaign,DEVICE_ALL,0,,0
2026-08-31,2026-08-31,2026-09-06,овсянников сайт,Ивановская область,10687,campaign,DEVICE_ALL,0,,0
2026-09-07,2026-09-07,2026-09-13,овсянников сайт,Ивановская область,10687,campaign,DEVICE_ALL,0,,0
2026-03-30,2026-03-30,2026-04-05,овсянников сайт,Омская область,11318,campaign,DEVICE_ALL,0,,0
2026-04-06,2026-04-06,2026-04-12,овсянников сайт,Омская область,11318,campaign,DEVICE_ALL,0,,0
2026-04-13,2026-04-13,2026-04-19,овсянников сайт,Омская область,11318,campaign,DEVICE_ALL,0,,0
2026-04-20,2026-04-20,2026-04-26,овсянников сайт,Омская область,11318,campaign,DEVICE_ALL,0,,0
2026-04-27,2026-04-27,2026-05-03,овсянников сайт,Омская область,11318,campaign,DEVICE_ALL,0,,0
2026-05-04,2026-05-04,2026-05-10,овсянников сайт,Омская область,11318,campaign,DEVICE_ALL,0,,0
2026-05-11,2026-05-11,2026-05-17,овсянников сайт,Омская область,11318,campaign,DEVICE_ALL,0,,0
2026-05-18,2026-05-18,2026-05-24,овсянников сайт,Омская область,11318,campaign,DEVICE_ALL,0,,0
2026-05-25,2026-05-25,2026-05-31,овсянников сайт,Омская область,11318,campaign,DEVICE_ALL,0,,0
2026-06-01,2026-06-01,2026-06-07,овсянников сайт,Омская область,11318,campaign,DEVICE_ALL,1,4.07674206016774e-06,0
2026-06-08,2026-06-08,2026-06-14,овсянников сайт,Омская область,11318,campaign,DEVICE_ALL,0,,0
2026-06-15,2026-06-15,2026-06-21,овсянников сайт,Омская область,11318,campaign,DEVICE_ALL,0,,0
2026-06-22,2026-06-22,2026-06-28,овсянников сайт,Омская область,11318,campaign,DEVICE_ALL,3,1.2213824494100336e-05,0
2026-06-29,2026-06-29,2026-07-05,овсянников сайт,Омская область,11318,campaign,DEVICE_ALL,0,,0
2026-07-06,2026-07-06,2026-07-12,овсянников сайт,Омская область,11318,campaign,DEVICE_ALL,3,1.2542220773270555e-05,0
2026-07-13,2026-07-13,2026-07-19,овсянников сайт,Омская область,11318,campaign,DEVICE_ALL,0,,0
2026-07-20,2026-07-20,2026-07-26,овсянников сайт,Омская область,11318,campaign,DEVICE_ALL,0,,0
2026-07-27,2026-07-27,2026-08-02,овсянников сайт,Омская область,11318,campaign,DEVICE_ALL,0,,0
2026-08-03,2026-08-03,2026-08-09,овсянников сайт,Омская область,11318,campaign,DEVICE_ALL,0,,0
2026-08-10,2026-08-10,2026-08-16,овсянников сайт,Омская область,11318,campaign,DEVICE_ALL,0,,0
2026-08-17,2026-08-17,2026-08-23,овсянников сайт,Омская область,11318,campaign,DEVICE_ALL,0,,0
2026-08-24,2026-08-24,2026-08-30,овсянников сайт,Омская область,11318,campaign,DEVICE_ALL,0,,0
2026-08-31,2026-08-31,2026-09-06,овсянников сайт,Омская область,11318,campaign,DEVICE_ALL,1,3.7916793719522953e-06,0
2026-09-07,2026-09-07,2026-09-13,овсянников сайт,Омская область,11318,campaign,DEVICE_ALL,0,,0
2026-03-30,2026-03-30,2026-04-05,овсянников сайт,Астраханская область,10946,control,DEVICE_ALL,1,9.25583203034358e-06,0
2026-04-06,2026-04-06,2026-04-12,овсянников сайт,Астраханская область,10946,control,DEVICE_ALL,0,,0
2026-04-13,2026-04-13,2026-04-19,овсянников сайт,Астраханская область,10946,control,DEVICE_ALL,0,,0
2026-04-20,2026-04-20,2026-04-26,овсянников сайт,Астраханская область,10946,control,DEVICE_ALL,0,,0
2026-04-27,2026-04-27,2026-05-03,овсянников сайт,Астраханская область,10946,control,DEVICE_ALL,0,,0
2026-05-04,2026-05-04,2026-05-10,овсянников сайт,Астраханская область,10946,control,DEVICE_ALL,0,,0
2026-05-11,2026-05-11,2026-05-17,овсянников сайт,Астраханская область,10946,control,DEVICE_ALL,1,9.13618553473226e-06,0
2026-05-18,2026-05-18,2026-05-24,овсянников сайт,Астраханская область,10946,control,DEVICE_ALL,0,,0
2026-05-25,2026-05-25,2026-05-31,овсянников сайт,Астраханская область,10946,control,DEVICE_ALL,0,,0
2026-06-01,2026-06-01,2026-06-07,овсянников сайт,Астраханская область,10946,control,DEVICE_ALL,0,,0
2026-06-08,2026-06-08,2026-06-14,овсянников сайт,Астраханская область,10946,control,DEVICE_ALL,0,,0
2026-06-15,2026-06-15,2026-06-21,овсянников сайт,Астраханская область,10946,control,DEVICE_ALL,0,,0
2026-06-22,2026-06-22,2026-06-28,овсянников сайт,Астраханская область,10946,control,DEVICE_ALL,1,8.986369026142696e-06,0
2026-06-29,2026-06-29,2026-07-05,овсянников сайт,Астраханская область,10946,control,DEVICE_ALL,2,1.9213414344773577e-05,0
2026-07-06,2026-07-06,2026-07-12,овсянников сайт,Астраханская область,10946,control,DEVICE_ALL,0,,0
2026-07-13,2026-07-13,2026-07-19,овсянников сайт,Астраханская область,10946,control,DEVICE_ALL,0,,0
2026-07-20,2026-07-20,2026-07-26,овсянников сайт,Астраханская область,10946,control,DEVICE_ALL,3,2.4907845124347437e-05,0
2026-07-27,2026-07-27,2026-08-02,овсянников сайт,Астраханская область,10946,control,DEVICE_ALL,0,,0
2026-08-03,2026-08-03,2026-08-09,овсянников сайт,Астраханская область,10946,control,DEVICE_ALL,0,,0
2026-08-10,2026-08-10,2026-08-16,овсянников сайт,Астраханская область,10946,control,DEVICE_ALL,0,,0
2026-08-17,2026-08-17,2026-08-23,овсянников сайт,Астраханская область,10946,control,DEVICE_ALL,0,,0
2026-08-24,2026-08-24,2026-08-30,овсянников сайт,Астраханская область,10946,control,DEVICE_ALL,0,,0
2026-08-31,2026-08-31,2026-09-06,овсянников сайт,Астраханская область,10946,control,DEVICE_ALL,0,,0
2026-09-07,2026-09-07,2026-09-13,овсянников сайт,Астраханская область,10946,control,DEVICE_ALL,0,,0
2026-03-30,2026-03-30,2026-04-05,овсянников сайт,Кемеровская область,11282,control,DEVICE_ALL,0,,0
2026-04-06,2026-04-06,2026-04-12,овсянников сайт,Кемеровская область,11282,control,DEVICE_ALL,0,,0
2026-04-13,2026-04-13,2026-04-19,овсянников сайт,Кемеровская область,11282,control,DEVICE_ALL,0,,0
2026-04-20,2026-04-20,2026-04-26,овсянников сайт,Кемеровская область,11282,control,DEVICE_ALL,0,,0
2026-04-27,2026-04-27,2026-05-03,овсянников сайт,Кемеровская область,11282,control,DEVICE_ALL,0,,0
2026-05-04,2026-05-04,2026-05-10,овсянников сайт,Кемеровская область,11282,control,DEVICE_ALL,0,,0
2026-05-11,2026-05-11,2026-05-17,овсянников сайт,Кемеровская область,11282,control,DEVICE_ALL,0,,0
2026-05-18,2026-05-18,2026-05-24,овсянников сайт,Кемеровская область,11282,control,DEVICE_ALL,0,,0
2026-05-25,2026-05-25,2026-05-31,овсянников сайт,Кемеровская область,11282,control,DEVICE_ALL,0,,0
2026-06-01,2026-06-01,2026-06-07,овсянников сайт,Кемеровская область,11282,control,DEVICE_ALL,1,3.2703049637866054e-06,0
2026-06-08,2026-06-08,2026-06-14,овсянников сайт,Кемеровская область,11282,control,DEVICE_ALL,0,,0
2026-06-15,2026-06-15,2026-06-21,овсянников сайт,Кемеровская область,11282,control,DEVICE_ALL,0,,0
2026-06-22,2026-06-22,2026-06-28,овсянников сайт,Кемеровская область,11282,control,DEVICE_ALL,0,,0
2026-06-29,2026-06-29,2026-07-05,овсянников сайт,Кемеровская область,11282,control,DEVICE_ALL,0,,0
2026-07-06,2026-07-06,2026-07-12,овсянников сайт,Кемеровская область,11282,control,DEVICE_ALL,0,,0
2026-07-13,2026-07-13,2026-07-19,овсянников сайт,Кемеровская область,11282,control,DEVICE_ALL,0,,0
2026-07-20,2026-07-20,2026-07-26,овсянников сайт,Кемеровская область,11282,control,DEVICE_ALL,0,,0
2026-07-27,2026-07-27,2026-08-02,овсянников сайт,Кемеровская область,11282,control,DEVICE_ALL,2,5.933630151314392e-06,0
2026-08-03,2026-08-03,2026-08-09,овсянников сайт,Кемеровская область,11282,control,DEVICE_ALL,0,,0
2026-08-10,2026-08-10,2026-08-16,овсянников сайт,Кемеровская область,11282,control,DEVICE_ALL,0,,0
2026-08-17,2026-08-17,2026-08-23,овсянников сайт,Кемеровская область,11282,control,DEVICE_ALL,0,,0
2026-08-24,2026-08-24,2026-08-30,овсянников сайт,Кемеровская область,11282,control,DEVICE_ALL,0,,0
2026-08-31,2026-08-31,2026-09-06,овсянников сайт,Кемеровская область,11282,control,DEVICE_ALL,1,2.9936006696564956e-06,0
2026-09-07,2026-09-07,2026-09-13,овсянников сайт,Кемеровская область,11282,control,DEVICE_ALL,0,,0
2026-03-30,2026-03-30,2026-04-05,овсянников сайт,Кировская область,11070,control,DEVICE_ALL,0,,0
2026-04-06,2026-04-06,2026-04-12,овсянников сайт,Кировская область,11070,control,DEVICE_ALL,0,,0
2026-04-13,2026-04-13,2026-04-19,овсянников сайт,Кировская область,11070,control,DEVICE_ALL,0,,0
2026-04-20,2026-04-20,2026-04-26,овсянников сайт,Кировская область,11070,control,DEVICE_ALL,0,,0
2026-04-27,2026-04-27,2026-05-03,овсянников сайт,Кировская область,11070,control,DEVICE_ALL,0,,0
2026-05-04,2026-05-04,2026-05-10,овсянников сайт,Кировская область,11070,control,DEVICE_ALL,0,,0
2026-05-11,2026-05-11,2026-05-17,овсянников сайт,Кировская область,11070,control,DEVICE_ALL,0,,0
2026-05-18,2026-05-18,2026-05-24,овсянников сайт,Кировская область,11070,control,DEVICE_ALL,0,,0
2026-05-25,2026-05-25,2026-05-31,овсянников сайт,Кировская область,11070,control,DEVICE_ALL,0,,0
2026-06-01,2026-06-01,2026-06-07,овсянников сайт,Кировская область,11070,control,DEVICE_ALL,0,,0
2026-06-08,2026-06-08,2026-06-14,овсянников сайт,Кировская область,11070,control,DEVICE_ALL,0,,0
2026-06-15,2026-06-15,2026-06-21,овсянников сайт,Кировская область,11070,control,DEVICE_ALL,0,,0
2026-06-22,2026-06-22,2026-06-28,овсянников сайт,Кировская область,11070,control,DEVICE_ALL,0,,0
2026-06-29,2026-06-29,2026-07-05,овсянников сайт,Кировская область,11070,control,DEVICE_ALL,3,1.797691296974947e-05,0
2026-07-06,2026-07-06,2026-07-12,овсянников сайт,Кировская область,11070,control,DEVICE_ALL,0,,0
2026-07-13,2026-07-13,2026-07-19,овсянников сайт,Кировская область,11070,control,DEVICE_ALL,1,5.2716355170117e-06,0
2026-07-20,2026-07-20,2026-07-26,овсянников сайт,Кировская область,11070,control,DEVICE_ALL,0,,0
2026-07-27,2026-07-27,2026-08-02,овсянников сайт,Кировская область,11070,control,DEVICE_ALL,0,,0
2026-08-03,2026-08-03,2026-08-09,овсянников сайт,Кировская область,11070,control,DEVICE_ALL,0,,0
2026-08-10,2026-08-10,2026-08-16,овсянников сайт,Кировская область,11070,control,DEVICE_ALL,0,,0
2026-08-17,2026-08-17,2026-08-23,овсянников сайт,Кировская область,11070,control,DEVICE_ALL,0,,0
2026-08-24,2026-08-24,2026-08-30,овсянников сайт,Кировская область,11070,control,DEVICE_ALL,2,1.0934168922522392e-05,0
2026-08-31,2026-08-31,2026-09-06,овсянников сайт,Кировская область,11070,control,DEVICE_ALL,1,5.290728157625606e-06,0
2026-09-07,2026-09-07,2026-09-13,овсянников сайт,Кировская область,11070,control,DEVICE_ALL,0,,0
2026-03-30,2026-03-30,2026-04-05,овсянников сайт,Курганская область,11158,control,DEVICE_ALL,0,,0
2026-04-06,2026-04-06,2026-04-12,овсянников сайт,Курганская область,11158,control,DEVICE_ALL,0,,0
2026-04-13,2026-04-13,2026-04-19,овсянников сайт,Курганская область,11158,control,DEVICE_ALL,0,,0
2026-04-20,2026-04-20,2026-04-26,овсянников сайт,Курганская область,11158,control,DEVICE_ALL,0,,0
2026-04-27,2026-04-27,2026-05-03,овсянников сайт,Курганская область,11158,control,DEVICE_ALL,0,,0
2026-05-04,2026-05-04,2026-05-10,овсянников сайт,Курганская область,11158,control,DEVICE_ALL,0,,0
2026-05-11,2026-05-11,2026-05-17,овсянников сайт,Курганская область,11158,control,DEVICE_ALL,0,,0
2026-05-18,2026-05-18,2026-05-24,овсянников сайт,Курганская область,11158,control,DEVICE_ALL,0,,0
2026-05-25,2026-05-25,2026-05-31,овсянников сайт,Курганская область,11158,control,DEVICE_ALL,0,,0
2026-06-01,2026-06-01,2026-06-07,овсянников сайт,Курганская область,11158,control,DEVICE_ALL,1,1.0799642229452222e-05,0
2026-06-08,2026-06-08,2026-06-14,овсянников сайт,Курганская область,11158,control,DEVICE_ALL,0,,0
2026-06-15,2026-06-15,2026-06-21,овсянников сайт,Курганская область,11158,control,DEVICE_ALL,1,1.1119053821891215e-05,0
2026-06-22,2026-06-22,2026-06-28,овсянников сайт,Курганская область,11158,control,DEVICE_ALL,0,,0
2026-06-29,2026-06-29,2026-07-05,овсянников сайт,Курганская область,11158,control,DEVICE_ALL,0,,0
2026-07-06,2026-07-06,2026-07-12,овсянников сайт,Курганская область,11158,control,DEVICE_ALL,0,,0
2026-07-13,2026-07-13,2026-07-19,овсянников сайт,Курганская область,11158,control,DEVICE_ALL,0,,0
2026-07-20,2026-07-20,2026-07-26,овсянников сайт,Курганская область,11158,control,DEVICE_ALL,0,,0
2026-07-27,2026-07-27,2026-08-02,овсянников сайт,Курганская область,11158,control,DEVICE_ALL,1,9.850055559238383e-06,0
2026-08-03,2026-08-03,2026-08-09,овсянников сайт,Курганская область,11158,control,DEVICE_ALL,0,,0
2026-08-10,2026-08-10,2026-08-16,овсянников сайт,Курганская область,11158,control,DEVICE_ALL,3,2.976012151652818e-05,0
2026-08-17,2026-08-17,2026-08-23,овсянников сайт,Курганская область,11158,control,DEVICE_ALL,0,,0
2026-08-24,2026-08-24,2026-08-30,овсянников сайт,Курганская область,11158,control,DEVICE_ALL,0,,0
2026-08-31,2026-08-31,2026-09-06,овсянников сайт,Курганская область,11158,control,DEVICE_ALL,0,,0
2026-09-07,2026-09-07,2026-09-13,овсянников сайт,Курганская область,11158,control,DEVICE_ALL,0,,0
2026-03-30,2026-03-30,2026-04-05,овсянников сайт,Пензенская область,11095,control,DEVICE_ALL,0,,0
2026-04-06,2026-04-06,2026-04-12,овсянников сайт,Пензенская область,11095,control,DEVICE_ALL,0,,0
2026-04-13,2026-04-13,2026-04-19,овсянников сайт,Пензенская область,11095,control,DEVICE_ALL,0,,0
2026-04-20,2026-04-20,2026-04-26,овсянников сайт,Пензенская область,11095,control,DEVICE_ALL,0,,0
2026-04-27,2026-04-27,2026-05-03,овсянников сайт,Пензенская область,11095,control,DEVICE_ALL,0,,0
2026-05-04,2026-05-04,2026-05-10,овсянников сайт,Пензенская область,11095,control,DEVICE_ALL,0,,0
2026-05-11,2026-05-11,2026-05-17,овсянников сайт,Пензенская область,11095,control,DEVICE_ALL,0,,0
2026-05-18,2026-05-18,2026-05-24,овсянников сайт,Пензенская область,11095,control,DEVICE_ALL,0,,0
2026-05-25,2026-05-25,2026-05-31,овсянников сайт,Пензенская область,11095,control,DEVICE_ALL,0,,0
2026-06-01,2026-06-01,2026-06-07,овсянников сайт,Пензенская область,11095,control,DEVICE_ALL,0,,0
2026-06-08,2026-06-08,2026-06-14,овсянников сайт,Пензенская область,11095,control,DEVICE_ALL,0,,0
2026-06-15,2026-06-15,2026-06-21,овсянников сайт,Пензенская область,11095,control,DEVICE_ALL,0,,0
2026-06-22,2026-06-22,2026-06-28,овсянников сайт,Пензенская область,11095,control,DEVICE_ALL,0,,0
2026-06-29,2026-06-29,2026-07-05,овсянников сайт,Пензенская область,11095,control,DEVICE_ALL,0,,0
2026-07-06,2026-07-06,2026-07-12,овсянников сайт,Пензенская область,11095,control,DEVICE_ALL,0,,0
2026-07-13,2026-07-13,2026-07-19,овсянников сайт,Пензенская область,11095,control,DEVICE_ALL,0,,0
2026-07-20,2026-07-20,2026-07-26,овсянников сайт,Пензенская область,11095,control,DEVICE_ALL,0,,0
2026-07-27,2026-07-27,2026-08-02,овсянников сайт,Пензенская область,11095,control,DEVICE_ALL,0,,0
2026-08-03,2026-08-03,2026-08-09,овсянников сайт,Пензенская область,11095,control,DEVICE_ALL,0,,0
2026-08-10,2026-08-10,2026-08-16,овсянников сайт,Пензенская область,11095,control,DEVICE_ALL,0,,0
2026-08-17,2026-08-17,2026-08-23,овсянников сайт,Пензенская область,11095,control,DEVICE_ALL,0,,0
2026-08-24,2026-08-24,2026-08-30,овсянников сайт,Пензенская область,11095,control,DEVICE_ALL,1,5.182333673259873e-06,0
2026-08-31,2026-08-31,2026-09-06,овсянников сайт,Пензенская область,11095,control,DEVICE_ALL,0,,0
2026-09-07,2026-09-07,2026-09-13,овсянников сайт,Пензенская область,11095,control,DEVICE_ALL,0,,0
2026-03-30,2026-03-30,2026-04-05,овсянников сайт,Ростовская область,11029,control,DEVICE_ALL,2,3.0147947434280036e-06,0
2026-04-06,2026-04-06,2026-04-12,овсянников сайт,Ростовская область,11029,control,DEVICE_ALL,0,,0
2026-04-13,2026-04-13,2026-04-19,овсянников сайт,Ростовская область,11029,control,DEVICE_ALL,2,2.911223745710894e-06,0
2026-04-20,2026-04-20,2026-04-26,овсянников сайт,Ростовская область,11029,control,DEVICE_ALL,2,2.862342711584552e-06,0
2026-04-27,2026-04-27,2026-05-03,овсянников сайт,Ростовская область,11029,control,DEVICE_ALL,0,,0
2026-05-04,2026-05-04,2026-05-10,овсянников сайт,Ростовская область,11029,control,DEVICE_ALL,1,1.6596326180809108e-06,0
2026-05-11,2026-05-11,2026-05-17,овсянников сайт,Ростовская область,11029,control,DEVICE_ALL,1,1.5091153509975184e-06,0
2026-05-18,2026-05-18,2026-05-24,овсянников сайт,Ростовская область,11029,control,DEVICE_ALL,1,1.5441463488790831e-06,0
2026-05-25,2026-05-25,2026-05-31,овсянников сайт,Ростовская область,11029,control,DEVICE_ALL,2,3.041848828417475e-06,0
2026-06-01,2026-06-01,2026-06-07,овсянников сайт,Ростовская область,11029,control,DEVICE_ALL,1,1.5499732373870966e-06,0
2026-06-08,2026-06-08,2026-06-14,овсянников сайт,Ростовская область,11029,control,DEVICE_ALL,0,,0
2026-06-15,2026-06-15,2026-06-21,овсянников сайт,Ростовская область,11029,control,DEVICE_ALL,1,1.5368060909403774e-06,0
2026-06-22,2026-06-22,2026-06-28,овсянников сайт,Ростовская область,11029,control,DEVICE_ALL,1,1.5272263684551514e-06,0
2026-06-29,2026-06-29,2026-07-05,овсянников сайт,Ростовская область,11029,control,DEVICE_ALL,0,,0
2026-07-06,2026-07-06,2026-07-12,овсянников сайт,Ростовская область,11029,control,DEVICE_ALL,2,3.072754153180605e-06,0
2026-07-13,2026-07-13,2026-07-19,овсянников сайт,Ростовская область,11029,control,DEVICE_ALL,0,,0
2026-07-20,2026-07-20,2026-07-26,овсянников сайт,Ростовская область,11029,control,DEVICE_ALL,2,2.7464609516146636e-06,0
2026-07-27,2026-07-27,2026-08-02,овсянников сайт,Ростовская область,11029,control,DEVICE_ALL,5,7.207135005998859e-06,0
2026-08-03,2026-08-03,2026-08-09,овсянников сайт,Ростовская область,11029,control,DEVICE_ALL,2,2.8850660097332895e-06,0
2026-08-10,2026-08-10,2026-08-16,овсянников сайт,Ростовская область,11029,control,DEVICE_ALL,0,,0
2026-08-17,2026-08-17,2026-08-23,овсянников сайт,Ростовская область,11029,control,DEVICE_ALL,3,4.3124943829760665e-06,0
2026-08-24,2026-08-24,2026-08-30,овсянников сайт,Ростовская область,11029,control,DEVICE_ALL,0,,0
2026-08-31,2026-08-31,2026-09-06,овсянников сайт,Ростовская область,11029,control,DEVICE_ALL,0,,0
2026-09-07,2026-09-07,2026-09-13,овсянников сайт,Ростовская область,11029,control,DEVICE_ALL,0,,0
2026-03-30,2026-03-30,2026-04-05,овсянников сайт,Тульская область,10832,control,DEVICE_ALL,0,,0
2026-04-06,2026-04-06,2026-04-12,овсянников сайт,Тульская область,10832,control,DEVICE_ALL,1,3.8147589667435415e-06,0
2026-04-13,2026-04-13,2026-04-19,овсянников сайт,Тульская область,10832,control,DEVICE_ALL,0,,0
2026-04-20,2026-04-20,2026-04-26,овсянников сайт,Тульская область,10832,control,DEVICE_ALL,1,3.7815781629894977e-06,0
2026-04-27,2026-04-27,2026-05-03,овсянников сайт,Тульская область,10832,control,DEVICE_ALL,0,,0
2026-05-04,2026-05-04,2026-05-10,овсянников сайт,Тульская область,10832,control,DEVICE_ALL,0,,0
2026-05-11,2026-05-11,2026-05-17,овсянников сайт,Тульская область,10832,control,DEVICE_ALL,0,,0
2026-05-18,2026-05-18,2026-05-24,овсянников сайт,Тульская область,10832,control,DEVICE_ALL,0,,0
2026-05-25,2026-05-25,2026-05-31,овсянников сайт,Тульская область,10832,control,DEVICE_ALL,0,,0
2026-06-01,2026-06-01,2026-06-07,овсянников сайт,Тульская область,10832,control,DEVICE_ALL,1,4.207177048570218e-06,0
2026-06-08,2026-06-08,2026-06-14,овсянников сайт,Тульская область,10832,control,DEVICE_ALL,0,,0
2026-06-15,2026-06-15,2026-06-21,овсянников сайт,Тульская область,10832,control,DEVICE_ALL,1,4.022581323420406e-06,0
2026-06-22,2026-06-22,2026-06-28,овсянников сайт,Тульская область,10832,control,DEVICE_ALL,0,,0
2026-06-29,2026-06-29,2026-07-05,овсянников сайт,Тульская область,10832,control,DEVICE_ALL,0,,0
2026-07-06,2026-07-06,2026-07-12,овсянников сайт,Тульская область,10832,control,DEVICE_ALL,0,,0
2026-07-13,2026-07-13,2026-07-19,овсянников сайт,Тульская область,10832,control,DEVICE_ALL,0,,0
2026-07-20,2026-07-20,2026-07-26,овсянников сайт,Тульская область,10832,control,DEVICE_ALL,0,,0
2026-07-27,2026-07-27,2026-08-02,овсянников сайт,Тульская область,10832,control,DEVICE_ALL,0,,0
2026-08-03,2026-08-03,2026-08-09,овсянников сайт,Тульская область,10832,control,DEVICE_ALL,0,,0
2026-08-10,2026-08-10,2026-08-16,овсянников сайт,Тульская область,10832,control,DEVICE_ALL,0,,0
2026-08-17,2026-08-17,2026-08-23,овсянников сайт,Тульская область,10832,control,DEVICE_ALL,0,,0
2026-08-24,2026-08-24,2026-08-30,овсянников сайт,Тульская область,10832,control,DEVICE_ALL,0,,0
2026-08-31,2026-08-31,2026-09-06,овсянников сайт,Тульская область,10832,control,DEVICE_ALL,0,,0
2026-09-07,2026-09-07,2026-09-13,овсянников сайт,Тульская область,10832,control,DEVICE_ALL,3,1.0546003883601084e-05,0
2026-03-30,2026-03-30,2026-04-05,овсянников тайный советник,Тюменская область,11176,campaign,DEVICE_ALL,0,,0
2026-04-06,2026-04-06,2026-04-12,овсянников тайный советник,Тюменская область,11176,campaign,DEVICE_ALL,0,,0
2026-04-13,2026-04-13,2026-04-19,овсянников тайный советник,Тюменская область,11176,campaign,DEVICE_ALL,0,,0
2026-04-20,2026-04-20,2026-04-26,овсянников тайный советник,Тюменская область,11176,campaign,DEVICE_ALL,0,,0
2026-04-27,2026-04-27,2026-05-03,овсянников тайный советник,Тюменская область,11176,campaign,DEVICE_ALL,0,,0
2026-05-04,2026-05-04,2026-05-10,овсянников тайный советник,Тюменская область,11176,campaign,DEVICE_ALL,0,,0
2026-05-11,2026-05-11,2026-05-17,овсянников тайный советник,Тюменская область,11176,campaign,DEVICE_ALL,0,,0
2026-05-18,2026-05-18,2026-05-24,овсянников тайный советник,Тюменская область,11176,campaign,DEVICE_ALL,0,,0
2026-05-25,2026-05-25,2026-05-31,овсянников тайный советник,Тюменская область,11176,campaign,DEVICE_ALL,0,,0
2026-06-01,2026-06-01,2026-06-07,овсянников тайный советник,Тюменская область,11176,campaign,DEVICE_ALL,0,,0
2026-06-08,2026-06-08,2026-06-14,овсянников тайный советник,Тюменская область,11176,campaign,DEVICE_ALL,0,,0
2026-06-15,2026-06-15,2026-06-21,овсянников тайный советник,Тюменская область,11176,campaign,DEVICE_ALL,0,,0
2026-06-22,2026-06-22,2026-06-28,овсянников тайный советник,Тюменская область,11176,campaign,DEVICE_ALL,0,,0
2026-06-29,2026-06-29,2026-07-05,овсянников тайный советник,Тюменская область,11176,campaign,DEVICE_ALL,0,,0
2026-07-06,2026-07-06,2026-07-12,овсянников тайный советник,Тюменская область,11176,campaign,DEVICE_ALL,0,,0
2026-07-13,2026-07-13,2026-07-19,овсянников тайный советник,Тюменская область,11176,campaign,DEVICE_ALL,0,,0
2026-07-20,2026-07-20,2026-07-26,овсянников тайный советник,Тюменская область,11176,campaign,DEVICE_ALL,0,,0
2026-07-27,2026-07-27,2026-08-02,овсянников тайный советник,Тюменская область,11176,campaign,DEVICE_ALL,0,,0
2026-08-03,2026-08-03,2026-08-09,овсянников тайный советник,Тюменская область,11176,campaign,DEVICE_ALL,2,7.3643179647381734e-06,0
2026-08-10,2026-08-10,2026-08-16,овсянников тайный советник,Тюменская область,11176,campaign,DEVICE_ALL,0,,0
2026-08-17,2026-08-17,2026-08-23,овсянников тайный советник,Тюменская область,11176,campaign,DEVICE_ALL,0,,0
2026-08-24,2026-08-24,2026-08-30,овсянников тайный советник,Тюменская область,11176,campaign,DEVICE_ALL,0,,0
2026-08-31,2026-08-31,2026-09-06,овсянников тайный советник,Тюменская область,11176,campaign,DEVICE_ALL,0,,0
2026-09-07,2026-09-07,2026-09-13,овсянников тайный советник,Тюменская область,11176,campaign,DEVICE_ALL,0,,0
2026-03-30,2026-03-30,2026-04-05,овсянников тайный советник,Волгоградская область,10950,campaign,DEVICE_ALL,0,,0
2026-04-06,2026-04-06,2026-04-12,овсянников тайный советник,Волгоградская область,10950,campaign,DEVICE_ALL,0,,0
2026-04-13,2026-04-13,2026-04-19,овсянников тайный советник,Волгоградская область,10950,campaign,DEVICE_ALL,0,,0
2026-04-20,2026-04-20,2026-04-26,овсянников тайный советник,Волгоградская область,10950,campaign,DEVICE_ALL,0,,0
2026-04-27,2026-04-27,2026-05-03,овсянников тайный советник,Волгоградская область,10950,campaign,DEVICE_ALL,0,,0
2026-05-04,2026-05-04,2026-05-10,овсянников тайный советник,Волгоградская область,10950,campaign,DEVICE_ALL,0,,0
2026-05-11,2026-05-11,2026-05-17,овсянников тайный советник,Волгоградская область,10950,campaign,DEVICE_ALL,0,,0
2026-05-18,2026-05-18,2026-05-24,овсянников тайный советник,Волгоградская область,10950,campaign,DEVICE_ALL,0,,0
2026-05-25,2026-05-25,2026-05-31,овсянников тайный советник,Волгоградская область,10950,campaign,DEVICE_ALL,0,,0
2026-06-01,2026-06-01,2026-06-07,овсянников тайный советник,Волгоградская область,10950,campaign,DEVICE_ALL,0,,0
2026-06-08,2026-06-08,2026-06-14,овсянников тайный советник,Волгоградская область,10950,campaign,DEVICE_ALL,0,,0
2026-06-15,2026-06-15,2026-06-21,овсянников тайный советник,Волгоградская область,10950,campaign,DEVICE_ALL,0,,0
2026-06-22,2026-06-22,2026-06-28,овсянников тайный советник,Волгоградская область,10950,campaign,DEVICE_ALL,0,,0
2026-06-29,2026-06-29,2026-07-05,овсянников тайный советник,Волгоградская область,10950,campaign,DEVICE_ALL,0,,0
2026-07-06,2026-07-06,2026-07-12,овсянников тайный советник,Волгоградская область,10950,campaign,DEVICE_ALL,1,2.9510875244457024e-06,0
2026-07-13,2026-07-13,2026-07-19,овсянников тайный советник,Волгоградская область,10950,campaign,DEVICE_ALL,0,,0
2026-07-20,2026-07-20,2026-07-26,овсянников тайный советник,Волгоградская область,10950,campaign,DEVICE_ALL,0,,0
2026-07-27,2026-07-27,2026-08-02,овсянников тайный советник,Волгоградская область,10950,campaign,DEVICE_ALL,0,,0
2026-08-03,2026-08-03,2026-08-09,овсянников тайный советник,Волгоградская область,10950,campaign,DEVICE_ALL,0,,0
2026-08-10,2026-08-10,2026-08-16,овсянников тайный советник,Волгоградская область,10950,campaign,DEVICE_ALL,0,,0
2026-08-17,2026-08-17,2026-08-23,овсянников тайный советник,Волгоградская область,10950,campaign,DEVICE_ALL,0,,0
2026-08-24,2026-08-24,2026-08-30,овсянников тайный советник,Волгоградская область,10950,campaign,DEVICE_ALL,0,,0
2026-08-31,2026-08-31,2026-09-06,овсянников тайный советник,Волгоградская область,10950,campaign,DEVICE_ALL,0,,0
2026-09-07,2026-09-07,2026-09-13,овсянников тайный советник,Волгоградская область,10950,campaign,DEVICE_ALL,0,,0
2026-03-30,2026-03-30,2026-04-05,овсянников тайный советник,Воронежская область,10672,campaign,DEVICE_ALL,0,,0
2026-04-06,2026-04-06,2026-04-12,овсянников тайный советник,Воронежская область,10672,campaign,DEVICE_ALL,0,,0
2026-04-13,2026-04-13,2026-04-19,овсянников тайный советник,Воронежская область,10672,campaign,DEVICE_ALL,0,,0
2026-04-20,2026-04-20,2026-04-26,овсянников тайный советник,Воронежская область,10672,campaign,DEVICE_ALL,0,,0
2026-04-27,2026-04-27,2026-05-03,овсянников тайный советник,Воронежская область,10672,campaign,DEVICE_ALL,0,,0
2026-05-04,2026-05-04,2026-05-10,овсянников тайный советник,Воронежская область,10672,campaign,DEVICE_ALL,0,,0
2026-05-11,2026-05-11,2026-05-17,овсянников тайный советник,Воронежская область,10672,campaign,DEVICE_ALL,0,,0
2026-05-18,2026-05-18,2026-05-24,овсянников тайный советник,Воронежская область,10672,campaign,DEVICE_ALL,0,,0
2026-05-25,2026-05-25,2026-05-31,овсянников тайный советник,Воронежская область,10672,campaign,DEVICE_ALL,0,,0
2026-06-01,2026-06-01,2026-06-07,овсянников тайный советник,Воронежская область,10672,campaign,DEVICE_ALL,0,,0
2026-06-08,2026-06-08,2026-06-14,овсянников тайный советник,Воронежская область,10672,campaign,DEVICE_ALL,0,,0
2026-06-15,2026-06-15,2026-06-21,овсянников тайный советник,Воронежская область,10672,campaign,DEVICE_ALL,0,,0
2026-06-22,2026-06-22,2026-06-28,овсянников тайный советник,Воронежская область,10672,campaign,DEVICE_ALL,0,,0
2026-06-29,2026-06-29,2026-07-05,овсянников тайный советник,Воронежская область,10672,campaign,DEVICE_ALL,0,,0
2026-07-06,2026-07-06,2026-07-12,овсянников тайный советник,Воронежская область,10672,campaign,DEVICE_ALL,1,2.552207314779297e-06,0
2026-07-13,2026-07-13,2026-07-19,овсянников тайный советник,Воронежская область,10672,campaign,DEVICE_ALL,0,,0
2026-07-20,2026-07-20,2026-07-26,овсянников тайный советник,Воронежская область,10672,campaign,DEVICE_ALL,0,,0
2026-07-27,2026-07-27,2026-08-02,овсянников тайный советник,Воронежская область,10672,campaign,DEVICE_ALL,0,,0
2026-08-03,2026-08-03,2026-08-09,овсянников тайный советник,Воронежская область,10672,campaign,DEVICE_ALL,0,,0
2026-08-10,2026-08-10,2026-08-16,овсянников тайный советник,Воронежская область,10672,campaign,DEVICE_ALL,0,,0
2026-08-17,2026-08-17,2026-08-23,овсянников тайный советник,Воронежская область,10672,campaign,DEVICE_ALL,0,,0
2026-08-24,2026-08-24,2026-08-30,овсянников тайный советник,Воронежская область,10672,campaign,DEVICE_ALL,0,,0
2026-08-31,2026-08-31,2026-09-06,овсянников тайный советник,Воронежская область,10672,campaign,DEVICE_ALL,0,,0
2026-09-07,2026-09-07,2026-09-13,овсянников тайный советник,Воронежская область,10672,campaign,DEVICE_ALL,1,2.215609514066539e-06,0
2026-03-30,2026-03-30,2026-04-05,овсянников тайный советник,Республика Мордовия,11117,campaign,DEVICE_ALL,0,,0
2026-04-06,2026-04-06,2026-04-12,овсянников тайный советник,Республика Мордовия,11117,campaign,DEVICE_ALL,0,,0
2026-04-13,2026-04-13,2026-04-19,овсянников тайный советник,Республика Мордовия,11117,campaign,DEVICE_ALL,0,,0
2026-04-20,2026-04-20,2026-04-26,овсянников тайный советник,Республика Мордовия,11117,campaign,DEVICE_ALL,0,,0
2026-04-27,2026-04-27,2026-05-03,овсянников тайный советник,Республика Мордовия,11117,campaign,DEVICE_ALL,0,,0
2026-05-04,2026-05-04,2026-05-10,овсянников тайный советник,Республика Мордовия,11117,campaign,DEVICE_ALL,0,,0
2026-05-11,2026-05-11,2026-05-17,овсянников тайный советник,Республика Мордовия,11117,campaign,DEVICE_ALL,0,,0
2026-05-18,2026-05-18,2026-05-24,овсянников тайный советник,Республика Мордовия,11117,campaign,DEVICE_ALL,0,,0
2026-05-25,2026-05-25,2026-05-31,овсянников тайный советник,Республика Мордовия,11117,campaign,DEVICE_ALL,0,,0
2026-06-01,2026-06-01,2026-06-07,овсянников тайный советник,Республика Мордовия,11117,campaign,DEVICE_ALL,0,,0
2026-06-08,2026-06-08,2026-06-14,овсянников тайный советник,Республика Мордовия,11117,campaign,DEVICE_ALL,0,,0
2026-06-15,2026-06-15,2026-06-21,овсянников тайный советник,Республика Мордовия,11117,campaign,DEVICE_ALL,0,,0
2026-06-22,2026-06-22,2026-06-28,овсянников тайный советник,Республика Мордовия,11117,campaign,DEVICE_ALL,0,,0
2026-06-29,2026-06-29,2026-07-05,овсянников тайный советник,Республика Мордовия,11117,campaign,DEVICE_ALL,0,,0
2026-07-06,2026-07-06,2026-07-12,овсянников тайный советник,Республика Мордовия,11117,campaign,DEVICE_ALL,0,,0
2026-07-13,2026-07-13,2026-07-19,овсянников тайный советник,Республика Мордовия,11117,campaign,DEVICE_ALL,0,,0
2026-07-20,2026-07-20,2026-07-26,овсянников тайный советник,Республика Мордовия,11117,campaign,DEVICE_ALL,0,,0
2026-07-27,2026-07-27,2026-08-02,овсянников тайный советник,Республика Мордовия,11117,campaign,DEVICE_ALL,0,,0
2026-08-03,2026-08-03,2026-08-09,овсянников тайный советник,Республика Мордовия,11117,campaign,DEVICE_ALL,0,,0
2026-08-10,2026-08-10,2026-08-16,овсянников тайный советник,Республика Мордовия,11117,campaign,DEVICE_ALL,0,,0
2026-08-17,2026-08-17,2026-08-23,овсянников тайный советник,Республика Мордовия,11117,campaign,DEVICE_ALL,0,,0
2026-08-24,2026-08-24,2026-08-30,овсянников тайный советник,Республика Мордовия,11117,campaign,DEVICE_ALL,0,,0
2026-08-31,2026-08-31,2026-09-06,овсянников тайный советник,Республика Мордовия,11117,campaign,DEVICE_ALL,0,,0
2026-09-07,2026-09-07,2026-09-13,овсянников тайный советник,Республика Мордовия,11117,campaign,DEVICE_ALL,0,,0
2026-03-30,2026-03-30,2026-04-05,овсянников тайный советник,Орловская область,10772,campaign,DEVICE_ALL,0,,0
2026-04-06,2026-04-06,2026-04-12,овсянников тайный советник,Орловская область,10772,campaign,DEVICE_ALL,0,,0
2026-04-13,2026-04-13,2026-04-19,овсянников тайный советник,Орловская область,10772,campaign,DEVICE_ALL,0,,0
2026-04-20,2026-04-20,2026-04-26,овсянников тайный советник,Орловская область,10772,campaign,DEVICE_ALL,0,,0
2026-04-27,2026-04-27,2026-05-03,овсянников тайный советник,Орловская область,10772,campaign,DEVICE_ALL,0,,0
2026-05-04,2026-05-04,2026-05-10,овсянников тайный советник,Орловская область,10772,campaign,DEVICE_ALL,0,,0
2026-05-11,2026-05-11,2026-05-17,овсянников тайный советник,Орловская область,10772,campaign,DEVICE_ALL,0,,0
2026-05-18,2026-05-18,2026-05-24,овсянников тайный советник,Орловская область,10772,campaign,DEVICE_ALL,0,,0
2026-05-25,2026-05-25,2026-05-31,овсянников тайный советник,Орловская область,10772,campaign,DEVICE_ALL,0,,0
2026-06-01,2026-06-01,2026-06-07,овсянников тайный советник,Орловская область,10772,campaign,DEVICE_ALL,0,,0
2026-06-08,2026-06-08,2026-06-14,овсянников тайный советник,Орловская область,10772,campaign,DEVICE_ALL,0,,0
2026-06-15,2026-06-15,2026-06-21,овсянников тайный советник,Орловская область,10772,campaign,DEVICE_ALL,0,,0
2026-06-22,2026-06-22,2026-06-28,овсянников тайный советник,Орловская область,10772,campaign,DEVICE_ALL,0,,0
2026-06-29,2026-06-29,2026-07-05,овсянников тайный советник,Орловская область,10772,campaign,DEVICE_ALL,0,,0
2026-07-06,2026-07-06,2026-07-12,овсянников тайный советник,Орловская область,10772,campaign,DEVICE_ALL,0,,0
2026-07-13,2026-07-13,2026-07-19,овсянников тайный советник,Орловская область,10772,campaign,DEVICE_ALL,0,,0
2026-07-20,2026-07-20,2026-07-26,овсянников тайный советник,Орловская область,10772,campaign,DEVICE_ALL,0,,0
2026-07-27,2026-07-27,2026-08-02,овсянников тайный советник,Орловская область,10772,campaign,DEVICE_ALL,0,,0
2026-08-03,2026-08-03,2026-08-09,овсянников тайный советник,Орловская область,10772,campaign,DEVICE_ALL,0,,0
2026-08-10,2026-08-10,2026-08-16,овсянников тайный советник,Орловская область,10772,campaign,DEVICE_ALL,0,,0
2026-08-17,2026-08-17,2026-08-23,овсянников тайный советник,Орловская область,10772,campaign,DEVICE_ALL,0,,0
2026-08-24,2026-08-24,2026-08-30,овсянников тайный советник,Орловская область,10772,campaign,DEVICE_ALL,0,,0
2026-08-31,2026-08-31,2026-09-06,овсянников тайный советник,Орловская область,10772,campaign,DEVICE_ALL,0,,0
2026-09-07,2026-09-07,2026-09-13,овсянников тайный советник,Орловская область,10772,campaign,DEVICE_ALL,0,,0
2026-03-30,2026-03-30,2026-04-05,овсянников тайный советник,Рязанская область,10776,campaign,DEVICE_ALL,0,,0
2026-04-06,2026-04-06,2026-04-12,овсянников тайный советник,Рязанская область,10776,campaign,DEVICE_ALL,0,,0
2026-04-13,2026-04-13,2026-04-19,овсянников тайный советник,Рязанская область,10776,campaign,DEVICE_ALL,0,,0
2026-04-20,2026-04-20,2026-04-26,овсянников тайный советник,Рязанская область,10776,campaign,DEVICE_ALL,0,,0
2026-04-27,2026-04-27,2026-05-03,овсянников тайный советник,Рязанская область,10776,campaign,DEVICE_ALL,0,,0
2026-05-04,2026-05-04,2026-05-10,овсянников тайный советник,Рязанская область,10776,campaign,DEVICE_ALL,0,,0
2026-05-11,2026-05-11,2026-05-17,овсянников тайный советник,Рязанская область,10776,campaign,DEVICE_ALL,0,,0
2026-05-18,2026-05-18,2026-05-24,овсянников тайный советник,Рязанская область,10776,campaign,DEVICE_ALL,0,,0
2026-05-25,2026-05-25,2026-05-31,овсянников тайный советник,Рязанская область,10776,campaign,DEVICE_ALL,0,,0
2026-06-01,2026-06-01,2026-06-07,овсянников тайный советник,Рязанская область,10776,campaign,DEVICE_ALL,0,,0
2026-06-08,2026-06-08,2026-06-14,овсянников тайный советник,Рязанская область,10776,campaign,DEVICE_ALL,0,,0
2026-06-15,2026-06-15,2026-06-21,овсянников тайный советник,Рязанская область,10776,campaign,DEVICE_ALL,0,,0
2026-06-22,2026-06-22,2026-06-28,овсянников тайный советник,Рязанская область,10776,campaign,DEVICE_ALL,2,1.0143223842134516e-05,0
2026-06-29,2026-06-29,2026-07-05,овсянников тайный советник,Рязанская область,10776,campaign,DEVICE_ALL,0,,0
2026-07-06,2026-07-06,2026-07-12,овсянников тайный советник,Рязанская область,10776,campaign,DEVICE_ALL,0,,0
2026-07-13,2026-07-13,2026-07-19,овсянников тайный советник,Рязанская область,10776,campaign,DEVICE_ALL,0,,0
2026-07-20,2026-07-20,2026-07-26,овсянников тайный советник,Рязанская область,10776,campaign,DEVICE_ALL,0,,0
2026-07-27,2026-07-27,2026-08-02,овсянников тайный советник,Рязанская область,10776,campaign,DEVICE_ALL,0,,0
2026-08-03,2026-08-03,2026-08-09,овсянников тайный советник,Рязанская область,10776,campaign,DEVICE_ALL,0,,0
2026-08-10,2026-08-10,2026-08-16,овсянников тайный советник,Рязанская область,10776,campaign,DEVICE_ALL,0,,0
2026-08-17,2026-08-17,2026-08-23,овсянников тайный советник,Рязанская область,10776,campaign,DEVICE_ALL,0,,0
2026-08-24,2026-08-24,2026-08-30,овсянников тайный советник,Рязанская область,10776,campaign,DEVICE_ALL,2,9.683877564024472e-06,0
2026-08-31,2026-08-31,2026-09-06,овсянников тайный советник,Рязанская область,10776,campaign,DEVICE_ALL,0,,0
2026-09-07,2026-09-07,2026-09-13,овсянников тайный советник,Рязанская область,10776,campaign,DEVICE_ALL,0,,0
2026-03-30,2026-03-30,2026-04-05,овсянников тайный советник,Ярославская область,10841,campaign,DEVICE_ALL,0,,0
2026-04-06,2026-04-06,2026-04-12,овсянников тайный советник,Ярославская область,10841,campaign,DEVICE_ALL,0,,0
2026-04-13,2026-04-13,2026-04-19,овсянников тайный советник,Ярославская область,10841,campaign,DEVICE_ALL,0,,0
2026-04-20,2026-04-20,2026-04-26,овсянников тайный советник,Ярославская область,10841,campaign,DEVICE_ALL,0,,0
2026-04-27,2026-04-27,2026-05-03,овсянников тайный советник,Ярославская область,10841,campaign,DEVICE_ALL,0,,0
2026-05-04,2026-05-04,2026-05-10,овсянников тайный советник,Ярославская область,10841,campaign,DEVICE_ALL,0,,0
2026-05-11,2026-05-11,2026-05-17,овсянников тайный советник,Ярославская область,10841,campaign,DEVICE_ALL,0,,0
2026-05-18,2026-05-18,2026-05-24,овсянников тайный советник,Ярославская область,10841,campaign,DEVICE_ALL,0,,0
2026-05-25,2026-05-25,2026-05-31,овсянников тайный советник,Ярославская область,10841,campaign,DEVICE_ALL,0,,0
2026-06-01,2026-06-01,2026-06-07,овсянников тайный советник,Ярославская область,10841,campaign,DEVICE_ALL,0,,0
2026-06-08,2026-06-08,2026-06-14,овсянников тайный советник,Ярославская область,10841,campaign,DEVICE_ALL,0,,0
2026-06-15,2026-06-15,2026-06-21,овсянников тайный советник,Ярославская область,10841,campaign,DEVICE_ALL,0,,0
2026-06-22,2026-06-22,2026-06-28,овсянников тайный советник,Ярославская область,10841,campaign,DEVICE_ALL,0,,0
2026-06-29,2026-06-29,2026-07-05,овсянников тайный советник,Ярославская область,10841,campaign,DEVICE_ALL,0,,0
2026-07-06,2026-07-06,2026-07-12,овсянников тайный советник,Ярославская область,10841,campaign,DEVICE_ALL,0,,0
2026-07-13,2026-07-13,2026-07-19,овсянников тайный советник,Ярославская область,10841,campaign,DEVICE_ALL,6,2.5344575342135926e-05,0
2026-07-20,2026-07-20,2026-07-26,овсянников тайный советник,Ярославская область,10841,campaign,DEVICE_ALL,0,,0
2026-07-27,2026-07-27,2026-08-02,овсянников тайный советник,Ярославская область,10841,campaign,DEVICE_ALL,0,,0
2026-08-03,2026-08-03,2026-08-09,овсянников тайный советник,Ярославская область,10841,campaign,DEVICE_ALL,0,,0
2026-08-10,2026-08-10,2026-08-16,овсянников тайный советник,Ярославская область,10841,campaign,DEVICE_ALL,0,,0
2026-08-17,2026-08-17,2026-08-23,овсянников тайный советник,Ярославская область,10841,campaign,DEVICE_ALL,0,,0
2026-08-24,2026-08-24,2026-08-30,овсянников тайный советник,Ярославская область,10841,campaign,DEVICE_ALL,0,,0
2026-08-31,2026-08-31,2026-09-06,овсянников тайный советник,Ярославская область,10841,campaign,DEVICE_ALL,1,4.093235220668153e-06,0
2026-09-07,2026-09-07,2026-09-13,овсянников тайный советник,Ярославская область,10841,campaign,DEVICE_ALL,0,,0
2026-03-30,2026-03-30,2026-04-05,овсянников тайный советник,Костромская область,10699,campaign,DEVICE_ALL,0,,0
2026-04-06,2026-04-06,2026-04-12,овсянников тайный советник,Костромская область,10699,campaign,DEVICE_ALL,0,,0
2026-04-13,2026-04-13,2026-04-19,овсянников тайный советник,Костромская область,10699,campaign,DEVICE_ALL,0,,0
2026-04-20,2026-04-20,2026-04-26,овсянников тайный советник,Костромская область,10699,campaign,DEVICE_ALL,0,,0
2026-04-27,2026-04-27,2026-05-03,овсянников тайный советник,Костромская область,10699,campaign,DEVICE_ALL,0,,0
2026-05-04,2026-05-04,2026-05-10,овсянников тайный советник,Костромская область,10699,campaign,DEVICE_ALL,0,,0
2026-05-11,2026-05-11,2026-05-17,овсянников тайный советник,Костромская область,10699,campaign,DEVICE_ALL,0,,0
2026-05-18,2026-05-18,2026-05-24,овсянников тайный советник,Костромская область,10699,campaign,DEVICE_ALL,0,,0
2026-05-25,2026-05-25,2026-05-31,овсянников тайный советник,Костромская область,10699,campaign,DEVICE_ALL,0,,0
2026-06-01,2026-06-01,2026-06-07,овсянников тайный советник,Костромская область,10699,campaign,DEVICE_ALL,0,,0
2026-06-08,2026-06-08,2026-06-14,овсянников тайный советник,Костромская область,10699,campaign,DEVICE_ALL,0,,0
2026-06-15,2026-06-15,2026-06-21,овсянников тайный советник,Костромская область,10699,campaign,DEVICE_ALL,0,,0
2026-06-22,2026-06-22,2026-06-28,овсянников тайный советник,Костромская область,10699,campaign,DEVICE_ALL,0,,0
2026-06-29,2026-06-29,2026-07-05,овсянников тайный советник,Костромская область,10699,campaign,DEVICE_ALL,0,,0
2026-07-06,2026-07-06,2026-07-12,овсянников тайный советник,Костромская область,10699,campaign,DEVICE_ALL,0,,0
2026-07-13,2026-07-13,2026-07-19,овсянников тайный советник,Костромская область,10699,campaign,DEVICE_ALL,0,,0
2026-07-20,2026-07-20,2026-07-26,овсянников тайный советник,Костромская область,10699,campaign,DEVICE_ALL,0,,0
2026-07-27,2026-07-27,2026-08-02,овсянников тайный советник,Костромская область,10699,campaign,DEVICE_ALL,0,,0
2026-08-03,2026-08-03,2026-08-09,овсянников тайный советник,Костромская область,10699,campaign,DEVICE_ALL,0,,0
2026-08-10,2026-08-10,2026-08-16,овсянников тайный советник,Костромская область,10699,campaign,DEVICE_ALL,0,,0
2026-08-17,2026-08-17,2026-08-23,овсянников тайный советник,Костромская область,10699,campaign,DEVICE_ALL,0,,0
2026-08-24,2026-08-24,2026-08-30,овсянников тайный советник,Костромская область,10699,campaign,DEVICE_ALL,0,,0
2026-08-31,2026-08-31,2026-09-06,овсянников тайный советник,Костромская область,10699,campaign,DEVICE_ALL,0,,0
2026-09-07,2026-09-07,2026-09-13,овсянников тайный советник,Костромская область,10699,campaign,DEVICE_ALL,3,2.6991531946682368e-05,0
2026-03-30,2026-03-30,2026-04-05,овсянников тайный советник,Липецкая область,10712,campaign,DEVICE_ALL,0,,0
2026-04-06,2026-04-06,2026-04-12,овсянников тайный советник,Липецкая область,10712,campaign,DEVICE_ALL,0,,0
2026-04-13,2026-04-13,2026-04-19,овсянников тайный советник,Липецкая область,10712,campaign,DEVICE_ALL,0,,0
2026-04-20,2026-04-20,2026-04-26,овсянников тайный советник,Липецкая область,10712,campaign,DEVICE_ALL,0,,0
2026-04-27,2026-04-27,2026-05-03,овсянников тайный советник,Липецкая область,10712,campaign,DEVICE_ALL,0,,0
2026-05-04,2026-05-04,2026-05-10,овсянников тайный советник,Липецкая область,10712,campaign,DEVICE_ALL,0,,0
2026-05-11,2026-05-11,2026-05-17,овсянников тайный советник,Липецкая область,10712,campaign,DEVICE_ALL,0,,0
2026-05-18,2026-05-18,2026-05-24,овсянников тайный советник,Липецкая область,10712,campaign,DEVICE_ALL,0,,0
2026-05-25,2026-05-25,2026-05-31,овсянников тайный советник,Липецкая область,10712,campaign,DEVICE_ALL,2,1.1241733812605918e-05,0
2026-06-01,2026-06-01,2026-06-07,овсянников тайный советник,Липецкая область,10712,campaign,DEVICE_ALL,0,,0
2026-06-08,2026-06-08,2026-06-14,овсянников тайный советник,Липецкая область,10712,campaign,DEVICE_ALL,0,,0
2026-06-15,2026-06-15,2026-06-21,овсянников тайный советник,Липецкая область,10712,campaign,DEVICE_ALL,0,,0
2026-06-22,2026-06-22,2026-06-28,овсянников тайный советник,Липецкая область,10712,campaign,DEVICE_ALL,0,,0
2026-06-29,2026-06-29,2026-07-05,овсянников тайный советник,Липецкая область,10712,campaign,DEVICE_ALL,0,,0
2026-07-06,2026-07-06,2026-07-12,овсянников тайный советник,Липецкая область,10712,campaign,DEVICE_ALL,0,,0
2026-07-13,2026-07-13,2026-07-19,овсянников тайный советник,Липецкая область,10712,campaign,DEVICE_ALL,0,,0
2026-07-20,2026-07-20,2026-07-26,овсянников тайный советник,Липецкая область,10712,campaign,DEVICE_ALL,0,,0
2026-07-27,2026-07-27,2026-08-02,овсянников тайный советник,Липецкая область,10712,campaign,DEVICE_ALL,0,,0
2026-08-03,2026-08-03,2026-08-09,овсянников тайный советник,Липецкая область,10712,campaign,DEVICE_ALL,0,,0
2026-08-10,2026-08-10,2026-08-16,овсянников тайный советник,Липецкая область,10712,campaign,DEVICE_ALL,0,,0
2026-08-17,2026-08-17,2026-08-23,овсянников тайный советник,Липецкая область,10712,campaign,DEVICE_ALL,0,,0
2026-08-24,2026-08-24,2026-08-30,овсянников тайный советник,Липецкая область,10712,campaign,DEVICE_ALL,0,,0
2026-08-31,2026-08-31,2026-09-06,овсянников тайный советник,Липецкая область,10712,campaign,DEVICE_ALL,0,,0
2026-09-07,2026-09-07,2026-09-13,овсянников тайный советник,Липецкая область,10712,campaign,DEVICE_ALL,0,,0
2026-03-30,2026-03-30,2026-04-05,овсянников тайный советник,Республика Башкортостан,11111,campaign,DEVICE_ALL,0,,0
2026-04-06,2026-04-06,2026-04-12,овсянников тайный советник,Республика Башкортостан,11111,campaign,DEVICE_ALL,0,,0
2026-04-13,2026-04-13,2026-04-19,овсянников тайный советник,Республика Башкортостан,11111,campaign,DEVICE_ALL,0,,0
2026-04-20,2026-04-20,2026-04-26,овсянников тайный советник,Республика Башкортостан,11111,campaign,DEVICE_ALL,0,,0
2026-04-27,2026-04-27,2026-05-03,овсянников тайный советник,Республика Башкортостан,11111,campaign,DEVICE_ALL,1,1.8634441307398367e-06,0
2026-05-04,2026-05-04,2026-05-10,овсянников тайный советник,Республика Башкортостан,11111,campaign,DEVICE_ALL,0,,0
2026-05-11,2026-05-11,2026-05-17,овсянников тайный советник,Республика Башкортостан,11111,campaign,DEVICE_ALL,0,,0
2026-05-18,2026-05-18,2026-05-24,овсянников тайный советник,Республика Башкортостан,11111,campaign,DEVICE_ALL,0,,0
2026-05-25,2026-05-25,2026-05-31,овсянников тайный советник,Республика Башкортостан,11111,campaign,DEVICE_ALL,0,,0
2026-06-01,2026-06-01,2026-06-07,овсянников тайный советник,Республика Башкортостан,11111,campaign,DEVICE_ALL,2,3.6894763314097943e-06,0
2026-06-08,2026-06-08,2026-06-14,овсянников тайный советник,Республика Башкортостан,11111,campaign,DEVICE_ALL,0,,0
2026-06-15,2026-06-15,2026-06-21,овсянников тайный советник,Республика Башкортостан,11111,campaign,DEVICE_ALL,0,,0
2026-06-22,2026-06-22,2026-06-28,овсянников тайный советник,Республика Башкортостан,11111,campaign,DEVICE_ALL,0,,0
2026-06-29,2026-06-29,2026-07-05,овсянников тайный советник,Республика Башкортостан,11111,campaign,DEVICE_ALL,0,,0
2026-07-06,2026-07-06,2026-07-12,овсянников тайный советник,Республика Башкортостан,11111,campaign,DEVICE_ALL,0,,0
2026-07-13,2026-07-13,2026-07-19,овсянников тайный советник,Республика Башкортостан,11111,campaign,DEVICE_ALL,0,,0
2026-07-20,2026-07-20,2026-07-26,овсянников тайный советник,Республика Башкортостан,11111,campaign,DEVICE_ALL,0,,0
2026-07-27,2026-07-27,2026-08-02,овсянников тайный советник,Республика Башкортостан,11111,campaign,DEVICE_ALL,0,,0
2026-08-03,2026-08-03,2026-08-09,овсянников тайный советник,Республика Башкортостан,11111,campaign,DEVICE_ALL,0,,0
2026-08-10,2026-08-10,2026-08-16,овсянников тайный советник,Республика Башкортостан,11111,campaign,DEVICE_ALL,0,,0
2026-08-17,2026-08-17,2026-08-23,овсянников тайный советник,Республика Башкортостан,11111,campaign,DEVICE_ALL,0,,0
2026-08-24,2026-08-24,2026-08-30,овсянников тайный советник,Республика Башкортостан,11111,campaign,DEVICE_ALL,0,,0
2026-08-31,2026-08-31,2026-09-06,овсянников тайный советник,Республика Башкортостан,11111,campaign,DEVICE_ALL,0,,0
2026-09-07,2026-09-07,2026-09-13,овсянников тайный советник,Республика Башкортостан,11111,campaign,DEVICE_ALL,0,,0
2026-03-30,2026-03-30,2026-04-05,овсянников тайный советник,Новосибирская область,11316,campaign,DEVICE_ALL,0,,0
2026-04-06,2026-04-06,2026-04-12,овсянников тайный советник,Новосибирская область,11316,campaign,DEVICE_ALL,0,,0
2026-04-13,2026-04-13,2026-04-19,овсянников тайный советник,Новосибирская область,11316,campaign,DEVICE_ALL,0,,0
2026-04-20,2026-04-20,2026-04-26,овсянников тайный советник,Новосибирская область,11316,campaign,DEVICE_ALL,0,,0
2026-04-27,2026-04-27,2026-05-03,овсянников тайный советник,Новосибирская область,11316,campaign,DEVICE_ALL,0,,0
2026-05-04,2026-05-04,2026-05-10,овсянников тайный советник,Новосибирская область,11316,campaign,DEVICE_ALL,2,4.043640913688161e-06,0
2026-05-11,2026-05-11,2026-05-17,овсянников тайный советник,Новосибирская область,11316,campaign,DEVICE_ALL,0,,0
2026-05-18,2026-05-18,2026-05-24,овсянников тайный советник,Новосибирская область,11316,campaign,DEVICE_ALL,0,,0
2026-05-25,2026-05-25,2026-05-31,овсянников тайный советник,Новосибирская область,11316,campaign,DEVICE_ALL,0,,0
2026-06-01,2026-06-01,2026-06-07,овсянников тайный советник,Новосибирская область,11316,campaign,DEVICE_ALL,0,,0
2026-06-08,2026-06-08,2026-06-14,овсянников тайный советник,Новосибирская область,11316,campaign,DEVICE_ALL,0,,0
2026-06-15,2026-06-15,2026-06-21,овсянников тайный советник,Новосибирская область,11316,campaign,DEVICE_ALL,0,,0
2026-06-22,2026-06-22,2026-06-28,овсянников тайный советник,Новосибирская область,11316,campaign,DEVICE_ALL,0,,0
2026-06-29,2026-06-29,2026-07-05,овсянников тайный советник,Новосибирская область,11316,campaign,DEVICE_ALL,0,,0
2026-07-06,2026-07-06,2026-07-12,овсянников тайный советник,Новосибирская область,11316,campaign,DEVICE_ALL,0,,0
2026-07-13,2026-07-13,2026-07-19,овсянников тайный советник,Новосибирская область,11316,campaign,DEVICE_ALL,0,,0
2026-07-20,2026-07-20,2026-07-26,овсянников тайный советник,Новосибирская область,11316,campaign,DEVICE_ALL,0,,0
2026-07-27,2026-07-27,2026-08-02,овсянников тайный советник,Новосибирская область,11316,campaign,DEVICE_ALL,0,,0
2026-08-03,2026-08-03,2026-08-09,овсянников тайный советник,Новосибирская область,11316,campaign,DEVICE_ALL,0,,0
2026-08-10,2026-08-10,2026-08-16,овсянников тайный советник,Новосибирская область,11316,campaign,DEVICE_ALL,0,,0
2026-08-17,2026-08-17,2026-08-23,овсянников тайный советник,Новосибирская область,11316,campaign,DEVICE_ALL,0,,0
2026-08-24,2026-08-24,2026-08-30,овсянников тайный советник,Новосибирская область,11316,campaign,DEVICE_ALL,0,,0
2026-08-31,2026-08-31,2026-09-06,овсянников тайный советник,Новосибирская область,11316,campaign,DEVICE_ALL,0,,0
2026-09-07,2026-09-07,2026-09-13,овсянников тайный советник,Новосибирская область,11316,campaign,DEVICE_ALL,0,,0
2026-03-30,2026-03-30,2026-04-05,овсянников тайный советник,Саратовская область,11146,campaign,DEVICE_ALL,0,,0
2026-04-06,2026-04-06,2026-04-12,овсянников тайный советник,Саратовская область,11146,campaign,DEVICE_ALL,0,,0
2026-04-13,2026-04-13,2026-04-19,овсянников тайный советник,Саратовская область,11146,campaign,DEVICE_ALL,0,,0
2026-04-20,2026-04-20,2026-04-26,овсянников тайный советник,Саратовская область,11146,campaign,DEVICE_ALL,0,,0
2026-04-27,2026-04-27,2026-05-03,овсянников тайный советник,Саратовская область,11146,campaign,DEVICE_ALL,0,,0
2026-05-04,2026-05-04,2026-05-10,овсянников тайный советник,Саратовская область,11146,campaign,DEVICE_ALL,0,,0
2026-05-11,2026-05-11,2026-05-17,овсянников тайный советник,Саратовская область,11146,campaign,DEVICE_ALL,0,,0
2026-05-18,2026-05-18,2026-05-24,овсянников тайный советник,Саратовская область,11146,campaign,DEVICE_ALL,0,,0
2026-05-25,2026-05-25,2026-05-31,овсянников тайный советник,Саратовская область,11146,campaign,DEVICE_ALL,0,,0
2026-06-01,2026-06-01,2026-06-07,овсянников тайный советник,Саратовская область,11146,campaign,DEVICE_ALL,3,8.952651396348023e-06,0
2026-06-08,2026-06-08,2026-06-14,овсянников тайный советник,Саратовская область,11146,campaign,DEVICE_ALL,0,,0
2026-06-15,2026-06-15,2026-06-21,овсянников тайный советник,Саратовская область,11146,campaign,DEVICE_ALL,0,,0
2026-06-22,2026-06-22,2026-06-28,овсянников тайный советник,Саратовская область,11146,campaign,DEVICE_ALL,0,,0
2026-06-29,2026-06-29,2026-07-05,овсянников тайный советник,Саратовская область,11146,campaign,DEVICE_ALL,0,,0
2026-07-06,2026-07-06,2026-07-12,овсянников тайный советник,Саратовская область,11146,campaign,DEVICE_ALL,0,,0
2026-07-13,2026-07-13,2026-07-19,овсянников тайный советник,Саратовская область,11146,campaign,DEVICE_ALL,0,,0
2026-07-20,2026-07-20,2026-07-26,овсянников тайный советник,Саратовская область,11146,campaign,DEVICE_ALL,0,,0
2026-07-27,2026-07-27,2026-08-02,овсянников тайный советник,Саратовская область,11146,campaign,DEVICE_ALL,0,,0
2026-08-03,2026-08-03,2026-08-09,овсянников тайный советник,Саратовская область,11146,campaign,DEVICE_ALL,0,,0
2026-08-10,2026-08-10,2026-08-16,овсянников тайный советник,Саратовская область,11146,campaign,DEVICE_ALL,2,5.682343798619554e-06,0
2026-08-17,2026-08-17,2026-08-23,овсянников тайный советник,Саратовская область,11146,campaign,DEVICE_ALL,0,,0
2026-08-24,2026-08-24,2026-08-30,овсянников тайный советник,Саратовская область,11146,campaign,DEVICE_ALL,0,,0
2026-08-31,2026-08-31,2026-09-06,овсянников тайный советник,Саратовская область,11146,campaign,DEVICE_ALL,0,,0
2026-09-07,2026-09-07,2026-09-13,овсянников тайный советник,Саратовская область,11146,campaign,DEVICE_ALL,0,,0
2026-03-30,2026-03-30,2026-04-05,овсянников тайный советник,Томская область,11353,campaign,DEVICE_ALL,0,,0
2026-04-06,2026-04-06,2026-04-12,овсянников тайный советник,Томская область,11353,campaign,DEVICE_ALL,0,,0
2026-04-13,2026-04-13,2026-04-19,овсянников тайный советник,Томская область,11353,campaign,DEVICE_ALL,0,,0
2026-04-20,2026-04-20,2026-04-26,овсянников тайный советник,Томская область,11353,campaign,DEVICE_ALL,0,,0
2026-04-27,2026-04-27,2026-05-03,овсянников тайный советник,Томская область,11353,campaign,DEVICE_ALL,0,,0
2026-05-04,2026-05-04,2026-05-10,овсянников тайный советник,Томская область,11353,campaign,DEVICE_ALL,0,,0
2026-05-11,2026-05-11,2026-05-17,овсянников тайный советник,Томская область,11353,campaign,DEVICE_ALL,0,,0
2026-05-18,2026-05-18,2026-05-24,овсянников тайный советник,Томская область,11353,campaign,DEVICE_ALL,0,,0
2026-05-25,2026-05-25,2026-05-31,овсянников тайный советник,Томская область,11353,campaign,DEVICE_ALL,0,,0
2026-06-01,2026-06-01,2026-06-07,овсянников тайный советник,Томская область,11353,campaign,DEVICE_ALL,0,,0
2026-06-08,2026-06-08,2026-06-14,овсянников тайный советник,Томская область,11353,campaign,DEVICE_ALL,0,,0
2026-06-15,2026-06-15,2026-06-21,овсянников тайный советник,Томская область,11353,campaign,DEVICE_ALL,0,,0
2026-06-22,2026-06-22,2026-06-28,овсянников тайный советник,Томская область,11353,campaign,DEVICE_ALL,0,,0
2026-06-29,2026-06-29,2026-07-05,овсянников тайный советник,Томская область,11353,campaign,DEVICE_ALL,0,,0
2026-07-06,2026-07-06,2026-07-12,овсянников тайный советник,Томская область,11353,campaign,DEVICE_ALL,0,,0
2026-07-13,2026-07-13,2026-07-19,овсянников тайный советник,Томская область,11353,campaign,DEVICE_ALL,0,,0
2026-07-20,2026-07-20,2026-07-26,овсянников тайный советник,Томская область,11353,campaign,DEVICE_ALL,0,,0
2026-07-27,2026-07-27,2026-08-02,овсянников тайный советник,Томская область,11353,campaign,DEVICE_ALL,0,,0
2026-08-03,2026-08-03,2026-08-09,овсянников тайный советник,Томская область,11353,campaign,DEVICE_ALL,0,,0
2026-08-10,2026-08-10,2026-08-16,овсянников тайный советник,Томская область,11353,campaign,DEVICE_ALL,0,,0
2026-08-17,2026-08-17,2026-08-23,овсянников тайный советник,Томская область,11353,campaign,DEVICE_ALL,0,,0
2026-08-24,2026-08-24,2026-08-30,овсянников тайный советник,Томская область,11353,campaign,DEVICE_ALL,0,,0
2026-08-31,2026-08-31,2026-09-06,овсянников тайный советник,Томская область,11353,campaign,DEVICE_ALL,0,,0
2026-09-07,2026-09-07,2026-09-13,овсянников тайный советник,Томская область,11353,campaign,DEVICE_ALL,0,,0
2026-03-30,2026-03-30,2026-04-05,овсянников тайный советник,Вологодская область,10853,campaign,DEVICE_ALL,0,,0
2026-04-06,2026-04-06,2026-04-12,овсянников тайный советник,Вологодская область,10853,campaign,DEVICE_ALL,0,,0
2026-04-13,2026-04-13,2026-04-19,овсянников тайный советник,Вологодская область,10853,campaign,DEVICE_ALL,0,,0
2026-04-20,2026-04-20,2026-04-26,овсянников тайный советник,Вологодская область,10853,campaign,DEVICE_ALL,0,,0
2026-04-27,2026-04-27,2026-05-03,овсянников тайный советник,Вологодская область,10853,campaign,DEVICE_ALL,0,,0
2026-05-04,2026-05-04,2026-05-10,овсянников тайный советник,Вологодская область,10853,campaign,DEVICE_ALL,0,,0
2026-05-11,2026-05-11,2026-05-17,овсянников тайный советник,Вологодская область,10853,campaign,DEVICE_ALL,0,,0
2026-05-18,2026-05-18,2026-05-24,овсянников тайный советник,Вологодская область,10853,campaign,DEVICE_ALL,0,,0
2026-05-25,2026-05-25,2026-05-31,овсянников тайный советник,Вологодская область,10853,campaign,DEVICE_ALL,0,,0
2026-06-01,2026-06-01,2026-06-07,овсянников тайный советник,Вологодская область,10853,campaign,DEVICE_ALL,0,,0
2026-06-08,2026-06-08,2026-06-14,овсянников тайный советник,Вологодская область,10853,campaign,DEVICE_ALL,0,,0
2026-06-15,2026-06-15,2026-06-21,овсянников тайный советник,Вологодская область,10853,campaign,DEVICE_ALL,0,,0
2026-06-22,2026-06-22,2026-06-28,овсянников тайный советник,Вологодская область,10853,campaign,DEVICE_ALL,0,,0
2026-06-29,2026-06-29,2026-07-05,овсянников тайный советник,Вологодская область,10853,campaign,DEVICE_ALL,0,,0
2026-07-06,2026-07-06,2026-07-12,овсянников тайный советник,Вологодская область,10853,campaign,DEVICE_ALL,0,,0
2026-07-13,2026-07-13,2026-07-19,овсянников тайный советник,Вологодская область,10853,campaign,DEVICE_ALL,0,,0
2026-07-20,2026-07-20,2026-07-26,овсянников тайный советник,Вологодская область,10853,campaign,DEVICE_ALL,0,,0
2026-07-27,2026-07-27,2026-08-02,овсянников тайный советник,Вологодская область,10853,campaign,DEVICE_ALL,0,,0
2026-08-03,2026-08-03,2026-08-09,овсянников тайный советник,Вологодская область,10853,campaign,DEVICE_ALL,0,,0
2026-08-10,2026-08-10,2026-08-16,овсянников тайный советник,Вологодская область,10853,campaign,DEVICE_ALL,0,,0
2026-08-17,2026-08-17,2026-08-23,овсянников тайный советник,Вологодская область,10853,campaign,DEVICE_ALL,0,,0
2026-08-24,2026-08-24,2026-08-30,овсянников тайный советник,Вологодская область,10853,campaign,DEVICE_ALL,0,,0
2026-08-31,2026-08-31,2026-09-06,овсянников тайный советник,Вологодская область,10853,campaign,DEVICE_ALL,0,,0
2026-09-07,2026-09-07,2026-09-13,овсянников тайный советник,Вологодская область,10853,campaign,DEVICE_ALL,0,,0
2026-03-30,2026-03-30,2026-04-05,овсянников тайный советник,Алтайский край,11235,campaign,DEVICE_ALL,0,,0
2026-04-06,2026-04-06,2026-04-12,овсянников тайный советник,Алтайский край,11235,campaign,DEVICE_ALL,0,,0
2026-04-13,2026-04-13,2026-04-19,овсянников тайный советник,Алтайский край,11235,campaign,DEVICE_ALL,0,,0
2026-04-20,2026-04-20,2026-04-26,овсянников тайный советник,Алтайский край,11235,campaign,DEVICE_ALL,0,,0
2026-04-27,2026-04-27,2026-05-03,овсянников тайный советник,Алтайский край,11235,campaign,DEVICE_ALL,0,,0
2026-05-04,2026-05-04,2026-05-10,овсянников тайный советник,Алтайский край,11235,campaign,DEVICE_ALL,0,,0
2026-05-11,2026-05-11,2026-05-17,овсянников тайный советник,Алтайский край,11235,campaign,DEVICE_ALL,0,,0
2026-05-18,2026-05-18,2026-05-24,овсянников тайный советник,Алтайский край,11235,campaign,DEVICE_ALL,0,,0
2026-05-25,2026-05-25,2026-05-31,овсянников тайный советник,Алтайский край,11235,campaign,DEVICE_ALL,0,,0
2026-06-01,2026-06-01,2026-06-07,овсянников тайный советник,Алтайский край,11235,campaign,DEVICE_ALL,0,,0
2026-06-08,2026-06-08,2026-06-14,овсянников тайный советник,Алтайский край,11235,campaign,DEVICE_ALL,0,,0
2026-06-15,2026-06-15,2026-06-21,овсянников тайный советник,Алтайский край,11235,campaign,DEVICE_ALL,0,,0
2026-06-22,2026-06-22,2026-06-28,овсянников тайный советник,Алтайский край,11235,campaign,DEVICE_ALL,0,,0
2026-06-29,2026-06-29,2026-07-05,овсянников тайный советник,Алтайский край,11235,campaign,DEVICE_ALL,0,,0
2026-07-06,2026-07-06,2026-07-12,овсянников тайный советник,Алтайский край,11235,campaign,DEVICE_ALL,0,,0
2026-07-13,2026-07-13,2026-07-19,овсянников тайный советник,Алтайский край,11235,campaign,DEVICE_ALL,0,,0
2026-07-20,2026-07-20,2026-07-26,овсянников тайный советник,Алтайский край,11235,campaign,DEVICE_ALL,0,,0
2026-07-27,2026-07-27,2026-08-02,овсянников тайный советник,Алтайский край,11235,campaign,DEVICE_ALL,0,,0
2026-08-03,2026-08-03,2026-08-09,овсянников тайный советник,Алтайский край,11235,campaign,DEVICE_ALL,0,,0
2026-08-10,2026-08-10,2026-08-16,овсянников тайный советник,Алтайский край,11235,campaign,DEVICE_ALL,0,,0
2026-08-17,2026-08-17,2026-08-23,овсянников тайный советник,Алтайский край,11235,campaign,DEVICE_ALL,0,,0
2026-08-24,2026-08-24,2026-08-30,овсянников тайный советник,Алтайский край,11235,campaign,DEVICE_ALL,0,,0
2026-08-31,2026-08-31,2026-09-06,овсянников тайный советник,Алтайский край,11235,campaign,DEVICE_ALL,0,,0
2026-09-07,2026-09-07,2026-09-13,овсянников тайный советник,Алтайский край,11235,campaign,DEVICE_ALL,0,,0
2026-03-30,2026-03-30,2026-04-05,овсянников тайный советник,Ивановская область,10687,campaign,DEVICE_ALL,0,,0
2026-04-06,2026-04-06,2026-04-12,овсянников тайный советник,Ивановская область,10687,campaign,DEVICE_ALL,1,6.208016734826552e-06,0
2026-04-13,2026-04-13,2026-04-19,овсянников тайный советник,Ивановская область,10687,campaign,DEVICE_ALL,0,,0
2026-04-20,2026-04-20,2026-04-26,овсянников тайный советник,Ивановская область,10687,campaign,DEVICE_ALL,0,,0
2026-04-27,2026-04-27,2026-05-03,овсянников тайный советник,Ивановская область,10687,campaign,DEVICE_ALL,0,,0
2026-05-04,2026-05-04,2026-05-10,овсянников тайный советник,Ивановская область,10687,campaign,DEVICE_ALL,0,,0
2026-05-11,2026-05-11,2026-05-17,овсянников тайный советник,Ивановская область,10687,campaign,DEVICE_ALL,0,,0
2026-05-18,2026-05-18,2026-05-24,овсянников тайный советник,Ивановская область,10687,campaign,DEVICE_ALL,0,,0
2026-05-25,2026-05-25,2026-05-31,овсянников тайный советник,Ивановская область,10687,campaign,DEVICE_ALL,0,,0
2026-06-01,2026-06-01,2026-06-07,овсянников тайный советник,Ивановская область,10687,campaign,DEVICE_ALL,0,,0
2026-06-08,2026-06-08,2026-06-14,овсянников тайный советник,Ивановская область,10687,campaign,DEVICE_ALL,0,,0
2026-06-15,2026-06-15,2026-06-21,овсянников тайный советник,Ивановская область,10687,campaign,DEVICE_ALL,0,,0
2026-06-22,2026-06-22,2026-06-28,овсянников тайный советник,Ивановская область,10687,campaign,DEVICE_ALL,0,,0
2026-06-29,2026-06-29,2026-07-05,овсянников тайный советник,Ивановская область,10687,campaign,DEVICE_ALL,0,,0
2026-07-06,2026-07-06,2026-07-12,овсянников тайный советник,Ивановская область,10687,campaign,DEVICE_ALL,0,,0
2026-07-13,2026-07-13,2026-07-19,овсянников тайный советник,Ивановская область,10687,campaign,DEVICE_ALL,0,,0
2026-07-20,2026-07-20,2026-07-26,овсянников тайный советник,Ивановская область,10687,campaign,DEVICE_ALL,0,,0
2026-07-27,2026-07-27,2026-08-02,овсянников тайный советник,Ивановская область,10687,campaign,DEVICE_ALL,0,,0
2026-08-03,2026-08-03,2026-08-09,овсянников тайный советник,Ивановская область,10687,campaign,DEVICE_ALL,0,,0
2026-08-10,2026-08-10,2026-08-16,овсянников тайный советник,Ивановская область,10687,campaign,DEVICE_ALL,0,,0
2026-08-17,2026-08-17,2026-08-23,овсянников тайный советник,Ивановская область,10687,campaign,DEVICE_ALL,0,,0
2026-08-24,2026-08-24,2026-08-30,овсянников тайный советник,Ивановская область,10687,campaign,DEVICE_ALL,0,,0
2026-08-31,2026-08-31,2026-09-06,овсянников тайный советник,Ивановская область,10687,campaign,DEVICE_ALL,0,,0
2026-09-07,2026-09-07,2026-09-13,овсянников тайный советник,Ивановская область,10687,campaign,DEVICE_ALL,5,2.8283048147816714e-05,0
2026-03-30,2026-03-30,2026-04-05,овсянников тайный советник,Омская область,11318,campaign,DEVICE_ALL,0,,0
2026-04-06,2026-04-06,2026-04-12,овсянников тайный советник,Омская область,11318,campaign,DEVICE_ALL,0,,0
2026-04-13,2026-04-13,2026-04-19,овсянников тайный советник,Омская область,11318,campaign,DEVICE_ALL,0,,0
2026-04-20,2026-04-20,2026-04-26,овсянников тайный советник,Омская область,11318,campaign,DEVICE_ALL,0,,0
2026-04-27,2026-04-27,2026-05-03,овсянников тайный советник,Омская область,11318,campaign,DEVICE_ALL,0,,0
2026-05-04,2026-05-04,2026-05-10,овсянников тайный советник,Омская область,11318,campaign,DEVICE_ALL,0,,0
2026-05-11,2026-05-11,2026-05-17,овсянников тайный советник,Омская область,11318,campaign,DEVICE_ALL,0,,0
2026-05-18,2026-05-18,2026-05-24,овсянников тайный советник,Омская область,11318,campaign,DEVICE_ALL,1,3.893932851542214e-06,0
2026-05-25,2026-05-25,2026-05-31,овсянников тайный советник,Омская область,11318,campaign,DEVICE_ALL,0,,0
2026-06-01,2026-06-01,2026-06-07,овсянников тайный советник,Омская область,11318,campaign,DEVICE_ALL,0,,0
2026-06-08,2026-06-08,2026-06-14,овсянников тайный советник,Омская область,11318,campaign,DEVICE_ALL,2,8.18590551606834e-06,0
2026-06-15,2026-06-15,2026-06-21,овсянников тайный советник,Омская область,11318,campaign,DEVICE_ALL,0,,0
2026-06-22,2026-06-22,2026-06-28,овсянников тайный советник,Омская область,11318,campaign,DEVICE_ALL,1,4.071274831366779e-06,0
2026-06-29,2026-06-29,2026-07-05,овсянников тайный советник,Омская область,11318,campaign,DEVICE_ALL,0,,0
2026-07-06,2026-07-06,2026-07-12,овсянников тайный советник,Омская область,11318,campaign,DEVICE_ALL,0,,0
2026-07-13,2026-07-13,2026-07-19,овсянников тайный советник,Омская область,11318,campaign,DEVICE_ALL,0,,0
2026-07-20,2026-07-20,2026-07-26,овсянников тайный советник,Омская область,11318,campaign,DEVICE_ALL,0,,0
2026-07-27,2026-07-27,2026-08-02,овсянников тайный советник,Омская область,11318,campaign,DEVICE_ALL,0,,0
2026-08-03,2026-08-03,2026-08-09,овсянников тайный советник,Омская область,11318,campaign,DEVICE_ALL,0,,0
2026-08-10,2026-08-10,2026-08-16,овсянников тайный советник,Омская область,11318,campaign,DEVICE_ALL,0,,0
2026-08-17,2026-08-17,2026-08-23,овсянников тайный советник,Омская область,11318,campaign,DEVICE_ALL,0,,0
2026-08-24,2026-08-24,2026-08-30,овсянников тайный советник,Омская область,11318,campaign,DEVICE_ALL,0,,0
2026-08-31,2026-08-31,2026-09-06,овсянников тайный советник,Омская область,11318,campaign,DEVICE_ALL,0,,0
2026-09-07,2026-09-07,2026-09-13,овсянников тайный советник,Омская область,11318,campaign,DEVICE_ALL,0,,0
2026-03-30,2026-03-30,2026-04-05,овсянников тайный советник,Астраханская область,10946,control,DEVICE_ALL,0,,0
2026-04-06,2026-04-06,2026-04-12,овсянников тайный советник,Астраханская область,10946,control,DEVICE_ALL,0,,0
2026-04-13,2026-04-13,2026-04-19,овсянников тайный советник,Астраханская область,10946,control,DEVICE_ALL,0,,0
2026-04-20,2026-04-20,2026-04-26,овсянников тайный советник,Астраханская область,10946,control,DEVICE_ALL,0,,0
2026-04-27,2026-04-27,2026-05-03,овсянников тайный советник,Астраханская область,10946,control,DEVICE_ALL,0,,0
2026-05-04,2026-05-04,2026-05-10,овсянников тайный советник,Астраханская область,10946,control,DEVICE_ALL,0,,0
2026-05-11,2026-05-11,2026-05-17,овсянников тайный советник,Астраханская область,10946,control,DEVICE_ALL,0,,0
2026-05-18,2026-05-18,2026-05-24,овсянников тайный советник,Астраханская область,10946,control,DEVICE_ALL,0,,0
2026-05-25,2026-05-25,2026-05-31,овсянников тайный советник,Астраханская область,10946,control,DEVICE_ALL,0,,0
2026-06-01,2026-06-01,2026-06-07,овсянников тайный советник,Астраханская область,10946,control,DEVICE_ALL,0,,0
2026-06-08,2026-06-08,2026-06-14,овсянников тайный советник,Астраханская область,10946,control,DEVICE_ALL,0,,0
2026-06-15,2026-06-15,2026-06-21,овсянников тайный советник,Астраханская область,10946,control,DEVICE_ALL,0,,0
2026-06-22,2026-06-22,2026-06-28,овсянников тайный советник,Астраханская область,10946,control,DEVICE_ALL,0,,0
2026-06-29,2026-06-29,2026-07-05,овсянников тайный советник,Астраханская область,10946,control,DEVICE_ALL,0,,0
2026-07-06,2026-07-06,2026-07-12,овсянников тайный советник,Астраханская область,10946,control,DEVICE_ALL,0,,0
2026-07-13,2026-07-13,2026-07-19,овсянников тайный советник,Астраханская область,10946,control,DEVICE_ALL,0,,0
2026-07-20,2026-07-20,2026-07-26,овсянников тайный советник,Астраханская область,10946,control,DEVICE_ALL,0,,0
2026-07-27,2026-07-27,2026-08-02,овсянников тайный советник,Астраханская область,10946,control,DEVICE_ALL,0,,0
2026-08-03,2026-08-03,2026-08-09,овсянников тайный советник,Астраханская область,10946,control,DEVICE_ALL,0,,0
2026-08-10,2026-08-10,2026-08-16,овсянников тайный советник,Астраханская область,10946,control,DEVICE_ALL,1,8.55232633966847e-06,0
2026-08-17,2026-08-17,2026-08-23,овсянников тайный советник,Астраханская область,10946,control,DEVICE_ALL,0,,0
2026-08-24,2026-08-24,2026-08-30,овсянников тайный советник,Астраханская область,10946,control,DEVICE_ALL,0,,0
2026-08-31,2026-08-31,2026-09-06,овсянников тайный советник,Астраханская область,10946,control,DEVICE_ALL,0,,0
2026-09-07,2026-09-07,2026-09-13,овсянников тайный советник,Астраханская область,10946,control,DEVICE_ALL,0,,0
2026-03-30,2026-03-30,2026-04-05,овсянников тайный советник,Кемеровская область,11282,control,DEVICE_ALL,0,,0
2026-04-06,2026-04-06,2026-04-12,овсянников тайный советник,Кемеровская область,11282,control,DEVICE_ALL,0,,0
2026-04-13,2026-04-13,2026-04-19,овсянников тайный советник,Кемеровская область,11282,control,DEVICE_ALL,0,,0
2026-04-20,2026-04-20,2026-04-26,овсянников тайный советник,Кемеровская область,11282,control,DEVICE_ALL,0,,0
2026-04-27,2026-04-27,2026-05-03,овсянников тайный советник,Кемеровская область,11282,control,DEVICE_ALL,0,,0
2026-05-04,2026-05-04,2026-05-10,овсянников тайный советник,Кемеровская область,11282,control,DEVICE_ALL,0,,0
2026-05-11,2026-05-11,2026-05-17,овсянников тайный советник,Кемеровская область,11282,control,DEVICE_ALL,0,,0
2026-05-18,2026-05-18,2026-05-24,овсянников тайный советник,Кемеровская область,11282,control,DEVICE_ALL,0,,0
2026-05-25,2026-05-25,2026-05-31,овсянников тайный советник,Кемеровская область,11282,control,DEVICE_ALL,0,,0
2026-06-01,2026-06-01,2026-06-07,овсянников тайный советник,Кемеровская область,11282,control,DEVICE_ALL,0,,0
2026-06-08,2026-06-08,2026-06-14,овсянников тайный советник,Кемеровская область,11282,control,DEVICE_ALL,0,,0
2026-06-15,2026-06-15,2026-06-21,овсянников тайный советник,Кемеровская область,11282,control,DEVICE_ALL,0,,0
2026-06-22,2026-06-22,2026-06-28,овсянников тайный советник,Кемеровская область,11282,control,DEVICE_ALL,0,,0
2026-06-29,2026-06-29,2026-07-05,овсянников тайный советник,Кемеровская область,11282,control,DEVICE_ALL,0,,0
2026-07-06,2026-07-06,2026-07-12,овсянников тайный советник,Кемеровская область,11282,control,DEVICE_ALL,0,,0
2026-07-13,2026-07-13,2026-07-19,овсянников тайный советник,Кемеровская область,11282,control,DEVICE_ALL,0,,0
2026-07-20,2026-07-20,2026-07-26,овсянников тайный советник,Кемеровская область,11282,control,DEVICE_ALL,0,,0
2026-07-27,2026-07-27,2026-08-02,овсянников тайный советник,Кемеровская область,11282,control,DEVICE_ALL,0,,0
2026-08-03,2026-08-03,2026-08-09,овсянников тайный советник,Кемеровская область,11282,control,DEVICE_ALL,0,,0
2026-08-10,2026-08-10,2026-08-16,овсянников тайный советник,Кемеровская область,11282,control,DEVICE_ALL,0,,0
2026-08-17,2026-08-17,2026-08-23,овсянников тайный советник,Кемеровская область,11282,control,DEVICE_ALL,0,,0
2026-08-24,2026-08-24,2026-08-30,овсянников тайный советник,Кемеровская область,11282,control,DEVICE_ALL,0,,0
2026-08-31,2026-08-31,2026-09-06,овсянников тайный советник,Кемеровская область,11282,control,DEVICE_ALL,0,,0
2026-09-07,2026-09-07,2026-09-13,овсянников тайный советник,Кемеровская область,11282,control,DEVICE_ALL,0,,0
2026-03-30,2026-03-30,2026-04-05,овсянников тайный советник,Кировская область,11070,control,DEVICE_ALL,0,,0
2026-04-06,2026-04-06,2026-04-12,овсянников тайный советник,Кировская область,11070,control,DEVICE_ALL,0,,0
2026-04-13,2026-04-13,2026-04-19,овсянников тайный советник,Кировская область,11070,control,DEVICE_ALL,0,,0
2026-04-20,2026-04-20,2026-04-26,овсянников тайный советник,Кировская область,11070,control,DEVICE_ALL,0,,0
2026-04-27,2026-04-27,2026-05-03,овсянников тайный советник,Кировская область,11070,control,DEVICE_ALL,0,,0
2026-05-04,2026-05-04,2026-05-10,овсянников тайный советник,Кировская область,11070,control,DEVICE_ALL,0,,0
2026-05-11,2026-05-11,2026-05-17,овсянников тайный советник,Кировская область,11070,control,DEVICE_ALL,0,,0
2026-05-18,2026-05-18,2026-05-24,овсянников тайный советник,Кировская область,11070,control,DEVICE_ALL,0,,0
2026-05-25,2026-05-25,2026-05-31,овсянников тайный советник,Кировская область,11070,control,DEVICE_ALL,0,,0
2026-06-01,2026-06-01,2026-06-07,овсянников тайный советник,Кировская область,11070,control,DEVICE_ALL,0,,0
2026-06-08,2026-06-08,2026-06-14,овсянников тайный советник,Кировская область,11070,control,DEVICE_ALL,0,,0
2026-06-15,2026-06-15,2026-06-21,овсянников тайный советник,Кировская область,11070,control,DEVICE_ALL,0,,0
2026-06-22,2026-06-22,2026-06-28,овсянников тайный советник,Кировская область,11070,control,DEVICE_ALL,0,,0
2026-06-29,2026-06-29,2026-07-05,овсянников тайный советник,Кировская область,11070,control,DEVICE_ALL,3,1.797691296974947e-05,0
2026-07-06,2026-07-06,2026-07-12,овсянников тайный советник,Кировская область,11070,control,DEVICE_ALL,0,,0
2026-07-13,2026-07-13,2026-07-19,овсянников тайный советник,Кировская область,11070,control,DEVICE_ALL,10,5.2716355170117e-05,0
2026-07-20,2026-07-20,2026-07-26,овсянников тайный советник,Кировская область,11070,control,DEVICE_ALL,0,,0
2026-07-27,2026-07-27,2026-08-02,овсянников тайный советник,Кировская область,11070,control,DEVICE_ALL,0,,0
2026-08-03,2026-08-03,2026-08-09,овсянников тайный советник,Кировская область,11070,control,DEVICE_ALL,0,,0
2026-08-10,2026-08-10,2026-08-16,овсянников тайный советник,Кировская область,11070,control,DEVICE_ALL,0,,0
2026-08-17,2026-08-17,2026-08-23,овсянников тайный советник,Кировская область,11070,control,DEVICE_ALL,0,,0
2026-08-24,2026-08-24,2026-08-30,овсянников тайный советник,Кировская область,11070,control,DEVICE_ALL,0,,0
2026-08-31,2026-08-31,2026-09-06,овсянников тайный советник,Кировская область,11070,control,DEVICE_ALL,0,,0
2026-09-07,2026-09-07,2026-09-13,овсянников тайный советник,Кировская область,11070,control,DEVICE_ALL,0,,0
2026-03-30,2026-03-30,2026-04-05,овсянников тайный советник,Курганская область,11158,control,DEVICE_ALL,0,,0
2026-04-06,2026-04-06,2026-04-12,овсянников тайный советник,Курганская область,11158,control,DEVICE_ALL,0,,0
2026-04-13,2026-04-13,2026-04-19,овсянников тайный советник,Курганская область,11158,control,DEVICE_ALL,0,,0
2026-04-20,2026-04-20,2026-04-26,овсянников тайный советник,Курганская область,11158,control,DEVICE_ALL,0,,0
2026-04-27,2026-04-27,2026-05-03,овсянников тайный советник,Курганская область,11158,control,DEVICE_ALL,0,,0
2026-05-04,2026-05-04,2026-05-10,овсянников тайный советник,Курганская область,11158,control,DEVICE_ALL,0,,0
2026-05-11,2026-05-11,2026-05-17,овсянников тайный советник,Курганская область,11158,control,DEVICE_ALL,0,,0
2026-05-18,2026-05-18,2026-05-24,овсянников тайный советник,Курганская область,11158,control,DEVICE_ALL,0,,0
2026-05-25,2026-05-25,2026-05-31,овсянников тайный советник,Курганская область,11158,control,DEVICE_ALL,0,,0
2026-06-01,2026-06-01,2026-06-07,овсянников тайный советник,Курганская область,11158,control,DEVICE_ALL,0,,0
2026-06-08,2026-06-08,2026-06-14,овсянников тайный советник,Курганская область,11158,control,DEVICE_ALL,0,,0
2026-06-15,2026-06-15,2026-06-21,овсянников тайный советник,Курганская область,11158,control,DEVICE_ALL,0,,0
2026-06-22,2026-06-22,2026-06-28,овсянников тайный советник,Курганская область,11158,control,DEVICE_ALL,0,,0
2026-06-29,2026-06-29,2026-07-05,овсянников тайный советник,Курганская область,11158,control,DEVICE_ALL,0,,0
2026-07-06,2026-07-06,2026-07-12,овсянников тайный советник,Курганская область,11158,control,DEVICE_ALL,0,,0
2026-07-13,2026-07-13,2026-07-19,овсянников тайный советник,Курганская область,11158,control,DEVICE_ALL,0,,0
2026-07-20,2026-07-20,2026-07-26,овсянников тайный советник,Курганская область,11158,control,DEVICE_ALL,0,,0
2026-07-27,2026-07-27,2026-08-02,овсянников тайный советник,Курганская область,11158,control,DEVICE_ALL,0,,0
2026-08-03,2026-08-03,2026-08-09,овсянников тайный советник,Курганская область,11158,control,DEVICE_ALL,0,,0
2026-08-10,2026-08-10,2026-08-16,овсянников тайный советник,Курганская область,11158,control,DEVICE_ALL,0,,0
2026-08-17,2026-08-17,2026-08-23,овсянников тайный советник,Курганская область,11158,control,DEVICE_ALL,0,,0
2026-08-24,2026-08-24,2026-08-30,овсянников тайный советник,Курганская область,11158,control,DEVICE_ALL,0,,0
2026-08-31,2026-08-31,2026-09-06,овсянников тайный советник,Курганская область,11158,control,DEVICE_ALL,0,,0
2026-09-07,2026-09-07,2026-09-13,овсянников тайный советник,Курганская область,11158,control,DEVICE_ALL,0,,0
2026-03-30,2026-03-30,2026-04-05,овсянников тайный советник,Пензенская область,11095,control,DEVICE_ALL,0,,0
2026-04-06,2026-04-06,2026-04-12,овсянников тайный советник,Пензенская область,11095,control,DEVICE_ALL,0,,0
2026-04-13,2026-04-13,2026-04-19,овсянников тайный советник,Пензенская область,11095,control,DEVICE_ALL,0,,0
2026-04-20,2026-04-20,2026-04-26,овсянников тайный советник,Пензенская область,11095,control,DEVICE_ALL,0,,0
2026-04-27,2026-04-27,2026-05-03,овсянников тайный советник,Пензенская область,11095,control,DEVICE_ALL,0,,0
2026-05-04,2026-05-04,2026-05-10,овсянников тайный советник,Пензенская область,11095,control,DEVICE_ALL,0,,0
2026-05-11,2026-05-11,2026-05-17,овсянников тайный советник,Пензенская область,11095,control,DEVICE_ALL,0,,0
2026-05-18,2026-05-18,2026-05-24,овсянников тайный советник,Пензенская область,11095,control,DEVICE_ALL,0,,0
2026-05-25,2026-05-25,2026-05-31,овсянников тайный советник,Пензенская область,11095,control,DEVICE_ALL,0,,0
2026-06-01,2026-06-01,2026-06-07,овсянников тайный советник,Пензенская область,11095,control,DEVICE_ALL,0,,0
2026-06-08,2026-06-08,2026-06-14,овсянников тайный советник,Пензенская область,11095,control,DEVICE_ALL,0,,0
2026-06-15,2026-06-15,2026-06-21,овсянников тайный советник,Пензенская область,11095,control,DEVICE_ALL,0,,0
2026-06-22,2026-06-22,2026-06-28,овсянников тайный советник,Пензенская область,11095,control,DEVICE_ALL,0,,0
2026-06-29,2026-06-29,2026-07-05,овсянников тайный советник,Пензенская область,11095,control,DEVICE_ALL,0,,0
2026-07-06,2026-07-06,2026-07-12,овсянников тайный советник,Пензенская область,11095,control,DEVICE_ALL,0,,0
2026-07-13,2026-07-13,2026-07-19,овсянников тайный советник,Пензенская область,11095,control,DEVICE_ALL,0,,0
2026-07-20,2026-07-20,2026-07-26,овсянников тайный советник,Пензенская область,11095,control,DEVICE_ALL,0,,0
2026-07-27,2026-07-27,2026-08-02,овсянников тайный советник,Пензенская область,11095,control,DEVICE_ALL,0,,0
2026-08-03,2026-08-03,2026-08-09,овсянников тайный советник,Пензенская область,11095,control,DEVICE_ALL,0,,0
2026-08-10,2026-08-10,2026-08-16,овсянников тайный советник,Пензенская область,11095,control,DEVICE_ALL,0,,0
2026-08-17,2026-08-17,2026-08-23,овсянников тайный советник,Пензенская область,11095,control,DEVICE_ALL,0,,0
2026-08-24,2026-08-24,2026-08-30,овсянников тайный советник,Пензенская область,11095,control,DEVICE_ALL,0,,0
2026-08-31,2026-08-31,2026-09-06,овсянников тайный советник,Пензенская область,11095,control,DEVICE_ALL,0,,0
2026-09-07,2026-09-07,2026-09-13,овсянников тайный советник,Пензенская область,11095,control,DEVICE_ALL,0,,0
2026-03-30,2026-03-30,2026-04-05,овсянников тайный советник,Ростовская область,11029,control,DEVICE_ALL,0,,0
2026-04-06,2026-04-06,2026-04-12,овсянников тайный советник,Ростовская область,11029,control,DEVICE_ALL,0,,0
2026-04-13,2026-04-13,2026-04-19,овсянников тайный советник,Ростовская область,11029,control,DEVICE_ALL,2,2.911223745710894e-06,0
2026-04-20,2026-04-20,2026-04-26,овсянников тайный советник,Ростовская область,11029,control,DEVICE_ALL,0,,0
2026-04-27,2026-04-27,2026-05-03,овсянников тайный советник,Ростовская область,11029,control,DEVICE_ALL,0,,0
2026-05-04,2026-05-04,2026-05-10,овсянников тайный советник,Ростовская область,11029,control,DEVICE_ALL,1,1.6596326180809108e-06,0
2026-05-11,2026-05-11,2026-05-17,овсянников тайный советник,Ростовская область,11029,control,DEVICE_ALL,0,,0
2026-05-18,2026-05-18,2026-05-24,овсянников тайный советник,Ростовская область,11029,control,DEVICE_ALL,0,,0
2026-05-25,2026-05-25,2026-05-31,овсянников тайный советник,Ростовская область,11029,control,DEVICE_ALL,0,,0
2026-06-01,2026-06-01,2026-06-07,овсянников тайный советник,Ростовская область,11029,control,DEVICE_ALL,0,,0
2026-06-08,2026-06-08,2026-06-14,овсянников тайный советник,Ростовская область,11029,control,DEVICE_ALL,0,,0
2026-06-15,2026-06-15,2026-06-21,овсянников тайный советник,Ростовская область,11029,control,DEVICE_ALL,1,1.5368060909403774e-06,0
2026-06-22,2026-06-22,2026-06-28,овсянников тайный советник,Ростовская область,11029,control,DEVICE_ALL,0,,0
2026-06-29,2026-06-29,2026-07-05,овсянников тайный советник,Ростовская область,11029,control,DEVICE_ALL,0,,0
2026-07-06,2026-07-06,2026-07-12,овсянников тайный советник,Ростовская область,11029,control,DEVICE_ALL,0,,0
2026-07-13,2026-07-13,2026-07-19,овсянников тайный советник,Ростовская область,11029,control,DEVICE_ALL,0,,0
2026-07-20,2026-07-20,2026-07-26,овсянников тайный советник,Ростовская область,11029,control,DEVICE_ALL,0,,0
2026-07-27,2026-07-27,2026-08-02,овсянников тайный советник,Ростовская область,11029,control,DEVICE_ALL,0,,0
2026-08-03,2026-08-03,2026-08-09,овсянников тайный советник,Ростовская область,11029,control,DEVICE_ALL,0,,0
2026-08-10,2026-08-10,2026-08-16,овсянников тайный советник,Ростовская область,11029,control,DEVICE_ALL,0,,0
2026-08-17,2026-08-17,2026-08-23,овсянников тайный советник,Ростовская область,11029,control,DEVICE_ALL,0,,0
2026-08-24,2026-08-24,2026-08-30,овсянников тайный советник,Ростовская область,11029,control,DEVICE_ALL,0,,0
2026-08-31,2026-08-31,2026-09-06,овсянников тайный советник,Ростовская область,11029,control,DEVICE_ALL,0,,0
2026-09-07,2026-09-07,2026-09-13,овсянников тайный советник,Ростовская область,11029,control,DEVICE_ALL,0,,0
2026-03-30,2026-03-30,2026-04-05,овсянников тайный советник,Тульская область,10832,control,DEVICE_ALL,0,,0
2026-04-06,2026-04-06,2026-04-12,овсянников тайный советник,Тульская область,10832,control,DEVICE_ALL,0,,0
2026-04-13,2026-04-13,2026-04-19,овсянников тайный советник,Тульская область,10832,control,DEVICE_ALL,0,,0
2026-04-20,2026-04-20,2026-04-26,овсянников тайный советник,Тульская область,10832,control,DEVICE_ALL,0,,0
2026-04-27,2026-04-27,2026-05-03,овсянников тайный советник,Тульская область,10832,control,DEVICE_ALL,0,,0
2026-05-04,2026-05-04,2026-05-10,овсянников тайный советник,Тульская область,10832,control,DEVICE_ALL,0,,0
2026-05-11,2026-05-11,2026-05-17,овсянников тайный советник,Тульская область,10832,control,DEVICE_ALL,0,,0
2026-05-18,2026-05-18,2026-05-24,овсянников тайный советник,Тульская область,10832,control,DEVICE_ALL,0,,0
2026-05-25,2026-05-25,2026-05-31,овсянников тайный советник,Тульская область,10832,control,DEVICE_ALL,0,,0
2026-06-01,2026-06-01,2026-06-07,овсянников тайный советник,Тульская область,10832,control,DEVICE_ALL,0,,0
2026-06-08,2026-06-08,2026-06-14,овсянников тайный советник,Тульская область,10832,control,DEVICE_ALL,0,,0
2026-06-15,2026-06-15,2026-06-21,овсянников тайный советник,Тульская область,10832,control,DEVICE_ALL,0,,0
2026-06-22,2026-06-22,2026-06-28,овсянников тайный советник,Тульская область,10832,control,DEVICE_ALL,1,4.05758212170888e-06,0
2026-06-29,2026-06-29,2026-07-05,овсянников тайный советник,Тульская область,10832,control,DEVICE_ALL,0,,0
2026-07-06,2026-07-06,2026-07-12,овсянников тайный советник,Тульская область,10832,control,DEVICE_ALL,0,,0
2026-07-13,2026-07-13,2026-07-19,овсянников тайный советник,Тульская область,10832,control,DEVICE_ALL,0,,0
2026-07-20,2026-07-20,2026-07-26,овсянников тайный советник,Тульская область,10832,control,DEVICE_ALL,0,,0
2026-07-27,2026-07-27,2026-08-02,овсянников тайный советник,Тульская область,10832,control,DEVICE_ALL,0,,0
2026-08-03,2026-08-03,2026-08-09,овсянников тайный советник,Тульская область,10832,control,DEVICE_ALL,0,,0
2026-08-10,2026-08-10,2026-08-16,овсянников тайный советник,Тульская область,10832,control,DEVICE_ALL,0,,0
2026-08-17,2026-08-17,2026-08-23,овсянников тайный советник,Тульская область,10832,control,DEVICE_ALL,0,,0
2026-08-24,2026-08-24,2026-08-30,овсянников тайный советник,Тульская область,10832,control,DEVICE_ALL,0,,0
2026-08-31,2026-08-31,2026-09-06,овсянников тайный советник,Тульская область,10832,control,DEVICE_ALL,0,,0
2026-09-07,2026-09-07,2026-09-13,овсянников тайный советник,Тульская область,10832,control,DEVICE_ALL,0,,0
