fetched_at,phrase,region_name,region_id,region_type,device,kind,rank,nested_phrase,count,total_count
2026-09-09,овсянников косметика,Тюменская область,11176,campaign,DEVICE_ALL,association,1,kosmetista,2,11
2026-09-09,овсянников косметика,Тюменская область,11176,campaign,DEVICE_ALL,association,2,эксфолиант что это,6,11
2026-09-09,овсянников косметика,Тюменская область,11176,campaign,DEVICE_ALL,association,3,эксфолиант это,10,11
2026-09-09,овсянников косметика,Тюменская область,11176,campaign,DEVICE_ALL,association,4,для чего нужен лосьон для лица,9,11
2026-09-09,овсянников косметика,Тюменская область,11176,campaign,DEVICE_ALL,association,5,косметическое масло,272,11
2026-09-09,овсянников косметика,Тюменская область,11176,campaign,DEVICE_ALL,association,6,что нужно для макияжа лица,44,11
2026-09-09,овсянников косметика,Тюменская область,11176,campaign,DEVICE_ALL,association,7,чем отмыть тональный крем с одежды,1,11
2026-09-09,овсянников косметика,Тюменская область,11176,campaign,DEVICE_ALL,association,8,средства для ухода за лицом bioderma,1,11
2026-09-09,овсянников косметика,Тюменская область,11176,campaign,DEVICE_ALL,association,9,эксфолиант что это такое,1,11
2026-09-09,овсянников косметика,Тюменская область,11176,campaign,DEVICE_ALL,association,10,средства для ухода за лицом,93,11
2026-09-09,овсянников косметика,Тюменская область,11176,campaign,DEVICE_ALL,association,11,косметические средства,220,11
2026-09-09,овсянников косметика,Тюменская область,11176,campaign,DEVICE_ALL,association,12,aya cosmetics,8,11
2026-09-09,овсянников косметика,Тюменская область,11176,campaign,DEVICE_ALL,association,13,тональное средство,120,11
2026-09-09,овсянников косметика,Тюменская область,11176,campaign,DEVICE_ALL,association,14,что такое экзосомы в косметологии для лица,3,11
2026-09-09,овсянников косметика,Тюменская область,11176,campaign,DEVICE_ALL,association,15,косметическая основа,11,11
2026-09-09,овсянников косметика,Тюменская область,11176,campaign,DEVICE_ALL,association,16,профкосметика для волос,5,11
2026-09-09,овсянников косметика,Волгоградская область,10950,campaign,DEVICE_ALL,association,1,kosmetista,15,58
2026-09-09,овсянников косметика,Волгоградская область,10950,campaign,DEVICE_ALL,association,2,эксфолиант что это,31,58
2026-09-09,овсянников косметика,Волгоградская область,10950,campaign,DEVICE_ALL,association,3,эксфолиант это,42,58
2026-09-09,овсянников косметика,Волгоградская область,10950,campaign,DEVICE_ALL,association,4,для чего нужен лосьон для лица,11,58
2026-09-09,овсянников косметика,Волгоградская область,10950,campaign,DEVICE_ALL,association,5,косметическое масло,426,58
2026-09-09,овсянников косметика,Волгоградская область,10950,campaign,DEVICE_ALL,association,6,что нужно для макияжа лица,47,58
2026-09-09,овсянников косметика,Волгоградская область,10950,campaign,DEVICE_ALL,association,7,чем отмыть тональный крем с одежды,1,58
2026-09-09,овсянников косметика,Волгоградская область,10950,campaign,DEVICE_ALL,association,8,эксфолиант что это такое,1,58
2026-09-09,овсянников косметика,Волгоградская область,10950,campaign,DEVICE_ALL,association,9,машнит косметикс,2,58
2026-09-09,овсянников косметика,Волгоградская область,10950,campaign,DEVICE_ALL,association,10,средства для ухода за лицом,193,58
2026-09-09,овсянников косметика,Волгоградская область,10950,campaign,DEVICE_ALL,association,11,косметические средства,337,58
2026-09-09,овсянников косметика,Волгоградская область,10950,campaign,DEVICE_ALL,association,12,aya cosmetics,7,58
2026-09-09,овсянников косметика,Волгоградская область,10950,campaign,DEVICE_ALL,association,13,тональное средство,155,58
2026-09-09,овсянников косметика,Волгоградская область,10950,campaign,DEVICE_ALL,association,14,что такое лосьон для лица,1,58
2026-09-09,овсянников косметика,Волгоградская область,10950,campaign,DEVICE_ALL,association,15,косметическая основа,12,58
2026-09-09,овсянников косметика,Волгоградская область,10950,campaign,DEVICE_ALL,association,16,podonail cosmetics,2,58
2026-09-09,овсянников косметика,Волгоградская область,10950,campaign,DEVICE_ALL,association,17,профкосметика для волос,6,58
2026-09-09,овсянников косметика,Воронежская область,10672,campaign,DEVICE_ALL,association,1,kosmetista,10,73
2026-09-09,овсянников косметика,Воронежская область,10672,campaign,DEVICE_ALL,association,2,эксфолиант что это,25,73
2026-09-09,овсянников косметика,Воронежская область,10672,campaign,DEVICE_ALL,association,3,эксфолиант это,35,73
2026-09-09,овсянников косметика,Воронежская область,10672,campaign,DEVICE_ALL,association,4,для чего нужен лосьон для лица,10,73
2026-09-09,овсянников косметика,Воронежская область,10672,campaign,DEVICE_ALL,association,5,косметическое масло,449,73
2026-09-09,овсянников косметика,Воронежская область,10672,campaign,DEVICE_ALL,association,6,что нужно для макияжа лица,38,73
2026-09-09,овсянников косметика,Воронежская область,10672,campaign,DEVICE_ALL,association,7,чем отмыть тональный крем с одежды,4,73
2026-09-09,овсянников косметика,Воронежская область,10672,campaign,DEVICE_ALL,association,8,средства для ухода за лицом bioderma,2,73
2026-09-09,овсянников косметика,Воронежская область,10672,campaign,DEVICE_ALL,association,9,kisy cosmetics,10,73
2026-09-09,овсянников косметика,Воронежская область,10672,campaign,DEVICE_ALL,association,10,эксфолиант что это такое,8,73
2026-09-09,овсянников косметика,Воронежская область,10672,campaign,DEVICE_ALL,association,11,машнит косметикс,2,73
2026-09-09,овсянников косметика,Воронежская область,10672,campaign,DEVICE_ALL,association,12,средства для ухода за лицом,202,73
2026-09-09,овсянников косметика,Воронежская область,10672,campaign,DEVICE_ALL,association,13,косметические средства,367,73
2026-09-09,овсянников косметика,Воронежская область,10672,campaign,DEVICE_ALL,association,14,aya cosmetics,2,73
2026-09-09,овсянников косметика,Воронежская область,10672,campaign,DEVICE_ALL,association,15,тональное средство,202,73
2026-09-09,овсянников косметика,Воронежская область,10672,campaign,DEVICE_ALL,association,16,что такое лосьон для лица,2,73
2026-09-09,овсянников косметика,Воронежская область,10672,campaign,DEVICE_ALL,association,17,косметическая основа,6,73
2026-09-09,овсянников косметика,Воронежская область,10672,campaign,DEVICE_ALL,association,18,профкосметика для волос,2,73
2026-09-09,овсянников косметика,Республика Мордовия,11117,campaign,DEVICE_ALL,association,1,эксфолиант это,2,7
2026-09-09,овсянников косметика,Республика Мордовия,11117,campaign,DEVICE_ALL,association,2,косметическое масло,100,7
2026-09-09,овсянников косметика,Республика Мордовия,11117,campaign,DEVICE_ALL,association,3,что нужно для макияжа лица,25,7
2026-09-09,овсянников косметика,Республика Мордовия,11117,campaign,DEVICE_ALL,association,4,kisy cosmetics,2,7
2026-09-09,овсянников косметика,Республика Мордовия,11117,campaign,DEVICE_ALL,association,5,средства для ухода за лицом,56,7
2026-09-09,овсянников косметика,Республика Мордовия,11117,campaign,DEVICE_ALL,association,6,косметические средства,74,7
2026-09-09,овсянников косметика,Республика Мордовия,11117,campaign,DEVICE_ALL,association,7,тональное средство,54,7
2026-09-09,овсянников косметика,Республика Мордовия,11117,campaign,DEVICE_ALL,association,8,косметическая основа,5,7
2026-09-09,овсянников косметика,Орловская область,10772,campaign,DEVICE_ALL,association,1,эксфолиант что это,2,1
2026-09-09,овсянников косметика,Орловская область,10772,campaign,DEVICE_ALL,association,2,эксфолиант это,8,1
2026-09-09,овсянников косметика,Орловская область,10772,campaign,DEVICE_ALL,association,3,косметическое масло,57,1
2026-09-09,овсянников косметика,Орловская область,10772,campaign,DEVICE_ALL,association,4,что нужно для макияжа лица,15,1
2026-09-09,овсянников косметика,Орловская область,10772,campaign,DEVICE_ALL,association,5,чем отмыть тональный крем с одежды,1,1
2026-09-09,овсянников косметика,Орловская область,10772,campaign,DEVICE_ALL,association,6,средства для ухода за лицом bioderma,1,1
2026-09-09,овсянников косметика,Орловская область,10772,campaign,DEVICE_ALL,association,7,машнит косметикс,1,1
2026-09-09,овсянников косметика,Орловская область,10772,campaign,DEVICE_ALL,association,8,средства для ухода за лицом,59,1
2026-09-09,овсянников косметика,Орловская область,10772,campaign,DEVICE_ALL,association,9,косметические средства,102,1
2026-09-09,овсянников косметика,Орловская область,10772,campaign,DEVICE_ALL,association,10,тональное средство,65,1
2026-09-09,овсянников косметика,Орловская область,10772,campaign,DEVICE_ALL,association,11,что такое экзосомы в косметологии для лица,2,1
2026-09-09,овсянников косметика,Орловская область,10772,campaign,DEVICE_ALL,association,12,профкосметика для волос,2,1
2026-09-09,овсянников косметика,Рязанская область,10776,campaign,DEVICE_ALL,association,1,kosmetista,6,16
2026-09-09,овсянников косметика,Рязанская область,10776,campaign,DEVICE_ALL,association,2,эксфолиант что это,12,16
2026-09-09,овсянников косметика,Рязанская область,10776,campaign,DEVICE_ALL,association,3,эксфолиант это,13,16
2026-09-09,овсянников косметика,Рязанская область,10776,campaign,DEVICE_ALL,association,4,косметическое масло,220,16
2026-09-09,овсянников косметика,Рязанская область,10776,campaign,DEVICE_ALL,association,5,что нужно для макияжа лица,24,16
2026-09-09,овсянников косметика,Рязанская область,10776,campaign,DEVICE_ALL,association,6,чем отмыть тональный крем с одежды,1,16
2026-09-09,овсянников косметика,Рязанская область,10776,campaign,DEVICE_ALL,association,7,эксфолиант что это такое,2,16
2026-09-09,овсянников косметика,Рязанская область,10776,campaign,DEVICE_ALL,association,8,средства для ухода за лицом,94,16
2026-09-09,овсянников косметика,Рязанская область,10776,campaign,DEVICE_ALL,association,9,косметические средства,152,16
2026-09-09,овсянников косметика,Рязанская область,10776,campaign,DEVICE_ALL,association,10,aya cosmetics,2,16
2026-09-09,овсянников косметика,Рязанская область,10776,campaign,DEVICE_ALL,association,11,тональное средство,58,16
2026-09-09,овсянников косметика,Рязанская область,10776,campaign,DEVICE_ALL,association,12,что такое лосьон для лица,3,16
2026-09-09,овсянников косметика,Рязанская область,10776,campaign,DEVICE_ALL,association,13,косметическая основа,19,16
2026-09-09,овсянников косметика,Рязанская область,10776,campaign,DEVICE_ALL,association,14,podonail cosmetics,2,16
2026-09-09,овсянников косметика,Рязанская область,10776,campaign,DEVICE_ALL,association,15,профкосметика для волос,2,16
2026-09-09,овсянников косметика,Ярославская область,10841,campaign,DEVICE_ALL,association,1,kosmetista,8,63
2026-09-09,овсянников косметика,Ярославская область,10841,campaign,DEVICE_ALL,association,2,эксфолиант что это,9,63
2026-09-09,овсянников косметика,Ярославская область,10841,campaign,DEVICE_ALL,association,3,эксфолиант это,15,63
2026-09-09,овсянников косметика,Ярославская область,10841,campaign,DEVICE_ALL,association,4,для чего нужен лосьон для лица,6,63
2026-09-09,овсянников косметика,Ярославская область,10841,campaign,DEVICE_ALL,association,5,косметическое масло,162,63
2026-09-09,овсянников косметика,Ярославская область,10841,campaign,DEVICE_ALL,association,6,что нужно для макияжа лица,38,63
2026-09-09,овсянников косметика,Ярославская область,10841,campaign,DEVICE_ALL,association,7,чем отмыть тональный крем с одежды,1,63
2026-09-09,овсянников косметика,Ярославская область,10841,campaign,DEVICE_ALL,association,8,средства для ухода за лицом bioderma,1,63
2026-09-09,овсянников косметика,Ярославская область,10841,campaign,DEVICE_ALL,association,9,эксфолиант что это такое,2,63
2026-09-09,овсянников косметика,Ярославская область,10841,campaign,DEVICE_ALL,association,10,средства для ухода за лицом,104,63
2026-09-09,овсянников косметика,Ярославская область,10841,campaign,DEVICE_ALL,association,11,косметические средства,189,63
2026-09-09,овсянников косметика,Ярославская область,10841,campaign,DEVICE_ALL,association,12,aya cosmetics,11,63
2026-09-09,овсянников косметика,Ярославская область,10841,campaign,DEVICE_ALL,association,13,тональное средство,110,63
2026-09-09,овсянников косметика,Ярославская область,10841,campaign,DEVICE_ALL,association,14,косметическая основа,18,63
2026-09-09,овсянников косметика,Ярославская область,10841,campaign,DEVICE_ALL,association,15,профкосметика для волос,1,63
2026-09-09,овсянников косметика,Костромская область,10699,campaign,DEVICE_ALL,association,1,эксфолиант это,1,17
2026-09-09,овсянников косметика,Костромская область,10699,campaign,DEVICE_ALL,association,2,косметическое масло,76,17
2026-09-09,овсянников косметика,Костромская область,10699,campaign,DEVICE_ALL,association,3,что нужно для макияжа лица,39,17
2026-09-09,овсянников косметика,Костромская область,10699,campaign,DEVICE_ALL,association,4,средства для ухода за лицом,34,17
2026-09-09,овсянников косметика,Костромская область,10699,campaign,DEVICE_ALL,association,5,косметические средства,101,17
2026-09-09,овсянников косметика,Костромская область,10699,campaign,DEVICE_ALL,association,6,aya cosmetics,1,17
2026-09-09,овсянников косметика,Костромская область,10699,campaign,DEVICE_ALL,association,7,тональное средство,35,17
2026-09-09,овсянников косметика,Костромская область,10699,campaign,DEVICE_ALL,association,8,косметическая основа,8,17
2026-09-09,овсянников косметика,Липецкая область,10712,campaign,DEVICE_ALL,association,1,kosmetista,44,4
2026-09-09,овсянников косметика,Липецкая область,10712,campaign,DEVICE_ALL,association,2,эксфолиант что это,2,4
2026-09-09,овсянников косметика,Липецкая область,10712,campaign,DEVICE_ALL,association,3,эксфолиант это,2,4
2026-09-09,овсянников косметика,Липецкая область,10712,campaign,DEVICE_ALL,association,4,косметическое масло,100,4
2026-09-09,овсянников косметика,Липецкая область,10712,campaign,DEVICE_ALL,association,5,что нужно для макияжа лица,46,4
2026-09-09,овсянников косметика,Липецкая область,10712,campaign,DEVICE_ALL,association,6,чем отмыть тональный крем с одежды,2,4
2026-09-09,овсянников косметика,Липецкая область,10712,campaign,DEVICE_ALL,association,7,kisy cosmetics,2,4
2026-09-09,овсянников косметика,Липецкая область,10712,campaign,DEVICE_ALL,association,8,эксфолиант что это такое,2,4
2026-09-09,овсянников косметика,Липецкая область,10712,campaign,DEVICE_ALL,association,9,машнит косметикс,1,4
2026-09-09,овсянников косметика,Липецкая область,10712,campaign,DEVICE_ALL,association,10,средства для ухода за лицом,89,4
2026-09-09,овсянников косметика,Липецкая область,10712,campaign,DEVICE_ALL,association,11,косметические средства,188,4
2026-09-09,овсянников косметика,Липецкая область,10712,campaign,DEVICE_ALL,association,12,тональное средство,60,4
2026-09-09,овсянников косметика,Липецкая область,10712,campaign,DEVICE_ALL,association,13,косметическая основа,4,4
2026-09-09,овсянников косметика,Республика Башкортостан,11111,campaign,DEVICE_ALL,association,1,kosmetista,38,12
2026-09-09,овсянников косметика,Республика Башкортостан,11111,campaign,DEVICE_ALL,association,2,эксфолиант что это,12,12
2026-09-09,овсянников косметика,Республика Башкортостан,11111,campaign,DEVICE_ALL,association,3,эксфолиант это,22,12
2026-09-09,овсянников косметика,Республика Башкортостан,11111,campaign,DEVICE_ALL,association,4,для чего нужен лосьон для лица,14,12
2026-09-09,овсянников косметика,Республика Башкортостан,11111,campaign,DEVICE_ALL,association,5,косметическое масло,494,12
2026-09-09,овсянников косметика,Республика Башкортостан,11111,campaign,DEVICE_ALL,association,6,что нужно для макияжа лица,88,12
2026-09-09,овсянников косметика,Республика Башкортостан,11111,campaign,DEVICE_ALL,association,7,чем отмыть тональный крем с одежды,6,12
2026-09-09,овсянников косметика,Республика Башкортостан,11111,campaign,DEVICE_ALL,association,8,средства для ухода за лицом bioderma,1,12
2026-09-09,овсянников косметика,Республика Башкортостан,11111,campaign,DEVICE_ALL,association,9,эксфолиант что это такое,7,12
2026-09-09,овсянников косметика,Республика Башкортостан,11111,campaign,DEVICE_ALL,association,10,машнит косметикс,9,12
2026-09-09,овсянников косметика,Республика Башкортостан,11111,campaign,DEVICE_ALL,association,11,средства для ухода за лицом,248,12
2026-09-09,овсянников косметика,Республика Башкортостан,11111,campaign,DEVICE_ALL,association,12,косметические средства,359,12
2026-09-09,овсянников косметика,Республика Башкортостан,11111,campaign,DEVICE_ALL,association,13,aya cosmetics,6,12
2026-09-09,овсянников косметика,Республика Башкортостан,11111,campaign,DEVICE_ALL,association,14,тональное средство,173,12
2026-09-09,овсянников косметика,Республика Башкортостан,11111,campaign,DEVICE_ALL,association,15,что такое лосьон для лица,5,12
2026-09-09,овсянников косметика,Республика Башкортостан,11111,campaign,DEVICE_ALL,association,16,косметическая основа,19,12
2026-09-09,овсянников косметика,Республика Башкортостан,11111,campaign,DEVICE_ALL,association,17,podonail cosmetics,2,12
2026-09-09,овсянников косметика,Республика Башкортостан,11111,campaign,DEVICE_ALL,association,18,профкосметика для волос,11,12
2026-09-09,овсянников косметика,Новосибирская область,11316,campaign,DEVICE_ALL,association,1,kosmetista,8,38
2026-09-09,овсянников косметика,Новосибирская область,11316,campaign,DEVICE_ALL,association,2,эксфолиант что это,5,38
2026-09-09,овсянников косметика,Новосибирская область,11316,campaign,DEVICE_ALL,association,3,эксфолиант это,10,38
2026-09-09,овсянников косметика,Новосибирская область,11316,campaign,DEVICE_ALL,association,4,для чего нужен лосьон для лица,22,38
2026-09-09,овсянников косметика,Новосибирская область,11316,campaign,DEVICE_ALL,association,5,косметическое масло,438,38
2026-09-09,овсянников косметика,Новосибирская область,11316,campaign,DEVICE_ALL,association,6,что нужно для макияжа лица,73,38
2026-09-09,овсянников косметика,Новосибирская область,11316,campaign,DEVICE_ALL,association,7,чем отмыть тональный крем с одежды,1,38
2026-09-09,овсянников косметика,Новосибирская область,11316,campaign,DEVICE_ALL,association,8,kisy cosmetics,6,38
2026-09-09,овсянников косметика,Новосибирская область,11316,campaign,DEVICE_ALL,association,9,эксфолиант что это такое,3,38
2026-09-09,овсянников косметика,Новосибирская область,11316,campaign,DEVICE_ALL,association,10,машнит косметикс,3,38
2026-09-09,овсянников косметика,Новосибирская область,11316,campaign,DEVICE_ALL,association,11,средства для ухода за лицом,246,38
2026-09-09,овсянников косметика,Новосибирская область,11316,campaign,DEVICE_ALL,association,12,косметические средства,469,38
2026-09-09,овсянников косметика,Новосибирская область,11316,campaign,DEVICE_ALL,association,13,aya cosmetics,5,38
2026-09-09,овсянников косметика,Новосибирская область,11316,campaign,DEVICE_ALL,association,14,тональное средство,272,38
2026-09-09,овсянников косметика,Новосибирская область,11316,campaign,DEVICE_ALL,association,15,что такое экзосомы в косметологии для лица,1,38
2026-09-09,овсянников косметика,Новосибирская область,11316,campaign,DEVICE_ALL,association,16,косметическая основа,27,38
2026-09-09,овсянников косметика,Новосибирская область,11316,campaign,DEVICE_ALL,association,17,podonail cosmetics,2,38
2026-09-09,овсянников косметика,Новосибирская область,11316,campaign,DEVICE_ALL,association,18,профкосметика для волос,4,38
2026-09-09,овсянников косметика,Саратовская область,11146,campaign,DEVICE_ALL,association,1,эксфолиант что это,13,23
2026-09-09,овсянников косметика,Саратовская область,11146,campaign,DEVICE_ALL,association,2,эксфолиант это,16,23
2026-09-09,овсянников косметика,Саратовская область,11146,campaign,DEVICE_ALL,association,3,для чего нужен лосьон для лица,13,23
2026-09-09,овсянников косметика,Саратовская область,11146,campaign,DEVICE_ALL,association,4,косметическое масло,318,23
2026-09-09,овсянников косметика,Саратовская область,11146,campaign,DEVICE_ALL,association,5,что нужно для макияжа лица,65,23
2026-09-09,овсянников косметика,Саратовская область,11146,campaign,DEVICE_ALL,association,6,чем отмыть тональный крем с одежды,1,23
2026-09-09,овсянников косметика,Саратовская область,11146,campaign,DEVICE_ALL,association,7,средства для ухода за лицом bioderma,1,23
2026-09-09,овсянников косметика,Саратовская область,11146,campaign,DEVICE_ALL,association,8,kisy cosmetics,4,23
2026-09-09,овсянников косметика,Саратовская область,11146,campaign,DEVICE_ALL,association,9,эксфолиант что это такое,4,23
2026-09-09,овсянников косметика,Саратовская область,11146,campaign,DEVICE_ALL,association,10,машнит косметикс,1,23
2026-09-09,овсянников косметика,Саратовская область,11146,campaign,DEVICE_ALL,association,11,средства для ухода за лицом,154,23
2026-09-09,овсянников косметика,Саратовская область,11146,campaign,DEVICE_ALL,association,12,косметические средства,208,23
2026-09-09,овсянников косметика,Саратовская область,11146,campaign,DEVICE_ALL,association,13,aya cosmetics,2,23
2026-09-09,овсянников косметика,Саратовская область,11146,campaign,DEVICE_ALL,association,14,тональное средство,146,23
2026-09-09,овсянников косметика,Саратовская область,11146,campaign,DEVICE_ALL,association,15,что такое лосьон для лица,4,23
2026-09-09,овсянников косметика,Саратовская область,11146,campaign,DEVICE_ALL,association,16,косметическая основа,17,23
2026-09-09,овсянников косметика,Саратовская область,11146,campaign,DEVICE_ALL,association,17,podonail cosmetics,3,23
2026-09-09,овсянников косметика,Томская область,11353,campaign,DEVICE_ALL,association,1,эксфолиант что это,1,13
2026-09-09,овсянников косметика,Томская область,11353,campaign,DEVICE_ALL,association,2,эксфолиант это,3,13
2026-09-09,овсянников косметика,Томская область,11353,campaign,DEVICE_ALL,association,3,для чего нужен лосьон для лица,4,13
2026-09-09,овсянников косметика,Томская область,11353,campaign,DEVICE_ALL,association,4,косметическое масло,122,13
2026-09-09,овсянников косметика,Томская область,11353,campaign,DEVICE_ALL,association,5,что нужно для макияжа лица,8,13
2026-09-09,овсянников косметика,Томская область,11353,campaign,DEVICE_ALL,association,6,средства для ухода за лицом,39,13
2026-09-09,овсянников косметика,Томская область,11353,campaign,DEVICE_ALL,association,7,косметические средства,133,13
2026-09-09,овсянников косметика,Томская область,11353,campaign,DEVICE_ALL,association,8,тональное средство,52,13
2026-09-09,овсянников косметика,Томская область,11353,campaign,DEVICE_ALL,association,9,косметическая основа,5,13
2026-09-09,овсянников косметика,Вологодская область,10853,campaign,DEVICE_ALL,association,1,kosmetista,1,2
2026-09-09,овсянников косметика,Вологодская область,10853,campaign,DEVICE_ALL,association,2,эксфолиант что это,10,2
2026-09-09,овсянников косметика,Вологодская область,10853,campaign,DEVICE_ALL,association,3,эксфолиант это,15,2
2026-09-09,овсянников косметика,Вологодская область,10853,campaign,DEVICE_ALL,association,4,для чего нужен лосьон для лица,3,2
2026-09-09,овсянников косметика,Вологодская область,10853,campaign,DEVICE_ALL,association,5,косметическое масло,183,2
2026-09-09,овсянников косметика,Вологодская область,10853,campaign,DEVICE_ALL,association,6,что нужно для макияжа лица,23,2
2026-09-09,овсянников косметика,Вологодская область,10853,campaign,DEVICE_ALL,association,7,чем отмыть тональный крем с одежды,4,2
2026-09-09,овсянников косметика,Вологодская область,10853,campaign,DEVICE_ALL,association,8,средства для ухода за лицом bioderma,10,2
2026-09-09,овсянников косметика,Вологодская область,10853,campaign,DEVICE_ALL,association,9,kisy cosmetics,4,2
2026-09-09,овсянников косметика,Вологодская область,10853,campaign,DEVICE_ALL,association,10,эксфолиант что это такое,1,2
2026-09-09,овсянников косметика,Вологодская область,10853,campaign,DEVICE_ALL,association,11,машнит косметикс,2,2
2026-09-09,овсянников косметика,Вологодская область,10853,campaign,DEVICE_ALL,association,12,средства для ухода за лицом,101,2
2026-09-09,овсянников косметика,Вологодская область,10853,campaign,DEVICE_ALL,association,13,косметические средства,137,2
2026-09-09,овсянников косметика,Вологодская область,10853,campaign,DEVICE_ALL,association,14,aya cosmetics,1,2
2026-09-09,овсянников косметика,Вологодская область,10853,campaign,DEVICE_ALL,association,15,тональное средство,80,2
2026-09-09,овсянников косметика,Вологодская область,10853,campaign,DEVICE_ALL,association,16,что такое лосьон для лица,2,2
2026-09-09,овсянников косметика,Вологодская область,10853,campaign,DEVICE_ALL,association,17,косметическая основа,5,2
2026-09-09,овсянников косметика,Вологодская область,10853,campaign,DEVICE_ALL,association,18,профкосметика для волос,4,2
2026-09-09,овсянников косметика,Алтайский край,11235,campaign,DEVICE_ALL,association,1,эксфолиант что это,7,5
2026-09-09,овсянников косметика,Алтайский край,11235,campaign,DEVICE_ALL,association,2,эксфолиант это,11,5
2026-09-09,овсянников косметика,Алтайский край,11235,campaign,DEVICE_ALL,association,3,для чего нужен лосьон для лица,1,5
2026-09-09,овсянников косметика,Алтайский край,11235,campaign,DEVICE_ALL,association,4,косметическое масло,233,5
2026-09-09,овсянников косметика,Алтайский край,11235,campaign,DEVICE_ALL,association,5,что нужно для макияжа лица,37,5
2026-09-09,овсянников косметика,Алтайский край,11235,campaign,DEVICE_ALL,association,6,эксфолиант что это такое,1,5
2026-09-09,овсянников косметика,Алтайский край,11235,campaign,DEVICE_ALL,association,7,машнит косметикс,2,5
2026-09-09,овсянников косметика,Алтайский край,11235,campaign,DEVICE_ALL,association,8,средства для ухода за лицом,75,5
2026-09-09,овсянников косметика,Алтайский край,11235,campaign,DEVICE_ALL,association,9,косметические средства,213,5
2026-09-09,овсянников косметика,Алтайский край,11235,campaign,DEVICE_ALL,association,10,aya cosmetics,5,5
2026-09-09,овсянников косметика,Алтайский край,11235,campaign,DEVICE_ALL,association,11,тональное средство,132,5
2026-09-09,овсянников косметика,Алтайский край,11235,campaign,DEVICE_ALL,association,12,что такое лосьон для лица,2,5
2026-09-09,овсянников косметика,Алтайский край,11235,campaign,DEVICE_ALL,association,13,косметическая основа,17,5
2026-09-09,овсянников косметика,Ивановская область,10687,campaign,DEVICE_ALL,association,1,kosmetista,1,10
2026-09-09,овсянников косметика,Ивановская область,10687,campaign,DEVICE_ALL,association,2,эксфолиант что это,4,10
2026-09-09,овсянников косметика,Ивановская область,10687,campaign,DEVICE_ALL,association,3,эксфолиант это,13,10
2026-09-09,овсянников косметика,Ивановская область,10687,campaign,DEVICE_ALL,association,4,косметическое масло,177,10
2026-09-09,овсянников косметика,Ивановская область,10687,campaign,DEVICE_ALL,association,5,что нужно для макияжа лица,19,10
2026-09-09,овсянников косметика,Ивановская область,10687,campaign,DEVICE_ALL,association,6,чем отмыть тональный крем с одежды,2,10
2026-09-09,овсянников косметика,Ивановская область,10687,campaign,DEVICE_ALL,association,7,средства для ухода за лицом bioderma,1,10
2026-09-09,овсянников косметика,Ивановская область,10687,campaign,DEVICE_ALL,association,8,средства для ухода за лицом,33,10
2026-09-09,овсянников косметика,Ивановская область,10687,campaign,DEVICE_ALL,association,9,косметические средства,127,10
2026-09-09,овсянников косметика,Ивановская область,10687,campaign,DEVICE_ALL,association,10,тональное средство,100,10
2026-09-09,овсянников косметика,Ивановская область,10687,campaign,DEVICE_ALL,association,11,косметическая основа,2,10
2026-09-09,овсянников косметика,Ивановская область,10687,campaign,DEVICE_ALL,association,12,профкосметика для волос,3,10
2026-09-09,овсянников косметика,Кемеровская область,11282,control,DEVICE_ALL,association,1,эксфолиант что это,10,1
2026-09-09,овсянников косметика,Кемеровская область,11282,control,DEVICE_ALL,association,2,эксфолиант это,17,1
2026-09-09,овсянников косметика,Кемеровская область,11282,control,DEVICE_ALL,association,3,для чего нужен лосьон для лица,4,1
2026-09-09,овсянников косметика,Кемеровская область,11282,control,DEVICE_ALL,association,4,косметическое масло,329,1
2026-09-09,овсянников косметика,Кемеровская область,11282,control,DEVICE_ALL,association,5,что нужно для макияжа лица,55,1
2026-09-09,овсянников косметика,Кемеровская область,11282,control,DEVICE_ALL,association,6,чем отмыть тональный крем с одежды,6,1
2026-09-09,овсянников косметика,Кемеровская область,11282,control,DEVICE_ALL,association,7,средства для ухода за лицом bioderma,1,1
2026-09-09,овсянников косметика,Кемеровская область,11282,control,DEVICE_ALL,association,8,машнит косметикс,2,1
2026-09-09,овсянников косметика,Кемеровская область,11282,control,DEVICE_ALL,association,9,средства для ухода за лицом,122,1
2026-09-09,овсянников косметика,Кемеровская область,11282,control,DEVICE_ALL,association,10,косметические средства,265,1
2026-09-09,овсянников косметика,Кемеровская область,11282,control,DEVICE_ALL,association,11,aya cosmetics,2,1
2026-09-09,овсянников косметика,Кемеровская область,11282,control,DEVICE_ALL,association,12,тональное средство,147,1
2026-09-09,овсянников косметика,Кемеровская область,11282,control,DEVICE_ALL,association,13,что такое лосьон для лица,2,1
2026-09-09,овсянников косметика,Кемеровская область,11282,control,DEVICE_ALL,association,14,косметическая основа,25,1
2026-09-09,овсянников косметика,Кировская область,11070,control,DEVICE_ALL,association,1,kosmetista,1,2
2026-09-09,овсянников косметика,Кировская область,11070,control,DEVICE_ALL,association,2,эксфолиант что это,4,2
2026-09-09,овсянников косметика,Кировская область,11070,control,DEVICE_ALL,association,3,эксфолиант это,4,2
2026-09-09,овсянников косметика,Кировская область,11070,control,DEVICE_ALL,association,4,для чего нужен лосьон для лица,3,2
2026-09-09,овсянников косметика,Кировская область,11070,control,DEVICE_ALL,association,5,косметическое масло,129,2
2026-09-09,овсянников косметика,Кировская область,11070,control,DEVICE_ALL,association,6,что нужно для макияжа лица,34,2
2026-09-09,овсянников косметика,Кировская область,11070,control,DEVICE_ALL,association,7,чем отмыть тональный крем с одежды,1,2
2026-09-09,овсянников косметика,Кировская область,11070,control,DEVICE_ALL,association,8,эксфолиант что это такое,1,2
2026-09-09,овсянников косметика,Кировская область,11070,control,DEVICE_ALL,association,9,средства для ухода за лицом,81,2
2026-09-09,овсянников косметика,Кировская область,11070,control,DEVICE_ALL,association,10,косметические средства,174,2
2026-09-09,овсянников косметика,Кировская область,11070,control,DEVICE_ALL,association,11,aya cosmetics,9,2
2026-09-09,овсянников косметика,Кировская область,11070,control,DEVICE_ALL,association,12,тональное средство,55,2
2026-09-09,овсянников косметика,Кировская область,11070,control,DEVICE_ALL,association,13,что такое лосьон для лица,2,2
2026-09-09,овсянников косметика,Кировская область,11070,control,DEVICE_ALL,association,14,косметическая основа,8,2
2026-09-09,овсянников косметика,Кировская область,11070,control,DEVICE_ALL,association,15,podonail cosmetics,10,2
2026-09-09,овсянников косметика,Кировская область,11070,control,DEVICE_ALL,association,16,профкосметика для волос,1,2
2026-09-09,овсянников косметика,Пензенская область,11095,control,DEVICE_ALL,association,1,kosmetista,2,6
2026-09-09,овсянников косметика,Пензенская область,11095,control,DEVICE_ALL,association,2,эксфолиант что это,7,6
2026-09-09,овсянников косметика,Пензенская область,11095,control,DEVICE_ALL,association,3,эксфолиант это,13,6
2026-09-09,овсянников косметика,Пензенская область,11095,control,DEVICE_ALL,association,4,для чего нужен лосьон для лица,2,6
2026-09-09,овсянников косметика,Пензенская область,11095,control,DEVICE_ALL,association,5,косметическое масло,176,6
2026-09-09,овсянников косметика,Пензенская область,11095,control,DEVICE_ALL,association,6,что нужно для макияжа лица,35,6
2026-09-09,овсянников косметика,Пензенская область,11095,control,DEVICE_ALL,association,7,чем отмыть тональный крем с одежды,4,6
2026-09-09,овсянников косметика,Пензенская область,11095,control,DEVICE_ALL,association,8,эксфолиант что это такое,3,6
2026-09-09,овсянников косметика,Пензенская область,11095,control,DEVICE_ALL,association,9,средства для ухода за лицом,70,6
2026-09-09,овсянников косметика,Пензенская область,11095,control,DEVICE_ALL,association,10,косметические средства,187,6
2026-09-09,овсянников косметика,Пензенская область,11095,control,DEVICE_ALL,association,11,тональное средство,167,6
2026-09-09,овсянников косметика,Пензенская область,11095,control,DEVICE_ALL,association,12,что такое лосьон для лица,2,6
2026-09-09,овсянников косметика,Пензенская область,11095,control,DEVICE_ALL,association,13,косметическая основа,4,6
2026-09-09,овсянников косметика,Пензенская область,11095,control,DEVICE_ALL,association,14,профкосметика для волос,2,6
2026-09-09,овсянников косметика,Ростовская область,11029,control,DEVICE_ALL,association,1,kosmetista,7,15
2026-09-09,овсянников косметика,Ростовская область,11029,control,DEVICE_ALL,association,2,эксфолиант что это,20,15
2026-09-09,овсянников косметика,Ростовская область,11029,control,DEVICE_ALL,association,3,эксфолиант это,27,15
2026-09-09,овсянников косметика,Ростовская область,11029,control,DEVICE_ALL,association,4,для чего нужен лосьон для лица,12,15
2026-09-09,овсянников косметика,Ростовская область,11029,control,DEVICE_ALL,association,5,косметическое масло,751,15
2026-09-09,овсянников косметика,Ростовская область,11029,control,DEVICE_ALL,association,6,что нужно для макияжа лица,107,15
2026-09-09,овсянников косметика,Ростовская область,11029,control,DEVICE_ALL,association,7,чем отмыть тональный крем с одежды,5,15
2026-09-09,овсянников косметика,Ростовская область,11029,control,DEVICE_ALL,association,8,kisy cosmetics,4,15
2026-09-09,овсянников косметика,Ростовская область,11029,control,DEVICE_ALL,association,9,эксфолиант что это такое,6,15
2026-09-09,овсянников косметика,Ростовская область,11029,control,DEVICE_ALL,association,10,машнит косметикс,6,15
2026-09-09,овсянников косметика,Ростовская область,11029,control,DEVICE_ALL,association,11,средства для ухода за лицом,302,15
2026-09-09,овсянников косметика,Ростовская область,11029,control,DEVICE_ALL,association,12,косметические средства,689,15
2026-09-09,овсянников косметика,Ростовская область,11029,control,DEVICE_ALL,association,13,тональное средство,380,15
2026-09-09,овсянников косметика,Ростовская область,11029,control,DEVICE_ALL,association,14,что такое экзосомы в косметологии для лица,1,15
2026-09-09,овсянников косметика,Ростовская область,11029,control,DEVICE_ALL,association,15,косметическая основа,43,15
2026-09-09,овсянников косметика,Ростовская область,11029,control,DEVICE_ALL,association,16,podonail cosmetics,2,15
2026-09-09,овсянников косметика,Ростовская область,11029,control,DEVICE_ALL,association,17,профкосметика для волос,9,15
2026-09-09,овсянников косметика,Тульская область,10832,control,DEVICE_ALL,association,1,kosmetista,2,6
2026-09-09,овсянников косметика,Тульская область,10832,control,DEVICE_ALL,association,2,эксфолиант что это,4,6
2026-09-09,овсянников косметика,Тульская область,10832,control,DEVICE_ALL,association,3,эксфолиант это,9,6
2026-09-09,овсянников косметика,Тульская область,10832,control,DEVICE_ALL,association,4,для чего нужен лосьон для лица,3,6
2026-09-09,овсянников косметика,Тульская область,10832,control,DEVICE_ALL,association,5,косметическое масло,270,6
2026-09-09,овсянников косметика,Тульская область,10832,control,DEVICE_ALL,association,6,что нужно для макияжа лица,31,6
2026-09-09,овсянников косметика,Тульская область,10832,control,DEVICE_ALL,association,7,эксфолиант что это такое,2,6
2026-09-09,овсянников косметика,Тульская область,10832,control,DEVICE_ALL,association,8,средства для ухода за лицом,121,6
2026-09-09,овсянников косметика,Тульская область,10832,control,DEVICE_ALL,association,9,косметические средства,226,6
2026-09-09,овсянников косметика,Тульская область,10832,control,DEVICE_ALL,association,10,тональное средство,95,6
2026-09-09,овсянников косметика,Тульская область,10832,control,DEVICE_ALL,association,11,что такое лосьон для лица,2,6
2026-09-09,овсянников косметика,Тульская область,10832,control,DEVICE_ALL,association,12,косметическая основа,3,6
2026-09-09,овсянников косметика,Тульская область,10832,control,DEVICE_ALL,association,13,профкосметика для волос,5,6
2026-09-09,овсянников косметика,Тюменская область,11176,campaign,DEVICE_ALL,nested,1,овсянников косметика,11,11
2026-09-09,овсянников косметика,Тюменская область,11176,campaign,DEVICE_ALL,nested,2,овсянников косметика и парфюмерия,2,11
2026-09-09,овсянников косметика,Тюменская область,11176,campaign,DEVICE_ALL,nested,3,овсянников косметика отзывы,1,11
2026-09-09,овсянников косметика,Волгоградская область,10950,campaign,DEVICE_ALL,nested,1,овсянников косметика,58,58
2026-09-09,овсянников косметика,Волгоградская область,10950,campaign,DEVICE_ALL,nested,2,овсянников косметика официальный,10,58
2026-09-09,овсянников косметика,Волгоградская область,10950,campaign,DEVICE_ALL,nested,3,овсянников косметика официальный сайт,10,58
2026-09-09,овсянников косметика,Волгоградская область,10950,campaign,DEVICE_ALL,nested,4,овсянников косметика и парфюмерия,5,58
2026-09-09,овсянников косметика,Волгоградская область,10950,campaign,DEVICE_ALL,nested,5,овсянников косметика где производят,4,58
2026-09-09,овсянников косметика,Волгоградская область,10950,campaign,DEVICE_ALL,nested,6,овсянников косметика бесплатно,2,58
2026-09-09,овсянников косметика,Воронежская область,10672,campaign,DEVICE_ALL,nested,1,овсянников косметика,73,73
2026-09-09,овсянников косметика,Воронежская область,10672,campaign,DEVICE_ALL,nested,2,овсянников косметика и парфюмерия,16,73
2026-09-09,овсянников косметика,Воронежская область,10672,campaign,DEVICE_ALL,nested,3,овсянников косметика официальный,10,73
2026-09-09,овсянников косметика,Воронежская область,10672,campaign,DEVICE_ALL,nested,4,овсянников косметика официальный сайт,6,73
2026-09-09,овсянников косметика,Воронежская область,10672,campaign,DEVICE_ALL,nested,5,косметика для бизнеса овсянников,4,73
2026-09-09,овсянников косметика,Воронежская область,10672,campaign,DEVICE_ALL,nested,6,овсянников косметика бесплатно,3,73
2026-09-09,овсянников косметика,Воронежская область,10672,campaign,DEVICE_ALL,nested,7,овсянников бренд косметики,2,73
2026-09-09,овсянников косметика,Воронежская область,10672,campaign,DEVICE_ALL,nested,8,овсянников косметика и парфюмерия официальный,2,73
2026-09-09,овсянников косметика,Воронежская область,10672,campaign,DEVICE_ALL,nested,9,овсянников косметика и парфюмерия официальный сайт,2,73
2026-09-09,овсянников косметика,Республика Мордовия,11117,campaign,DEVICE_ALL,nested,1,овсянников косметика,7,7
2026-09-09,овсянников косметика,Республика Мордовия,11117,campaign,DEVICE_ALL,nested,2,овсянников косметика официальный,1,7
2026-09-09,овсянников косметика,Республика Мордовия,11117,campaign,DEVICE_ALL,nested,3,овсянников косметика официальный сайт,1,7
2026-09-09,овсянников косметика,Орловская область,10772,campaign,DEVICE_ALL,nested,1,овсянников косметика,1,1
2026-09-09,овсянников косметика,Рязанская область,10776,campaign,DEVICE_ALL,nested,1,овсянников косметика,16,16
2026-09-09,овсянников косметика,Рязанская область,10776,campaign,DEVICE_ALL,nested,2,овсянников косметика и парфюмерия,4,16
2026-09-09,овсянников косметика,Рязанская область,10776,campaign,DEVICE_ALL,nested,3,овсянников бренд косметики,2,16
2026-09-09,овсянников косметика,Ярославская область,10841,campaign,DEVICE_ALL,nested,1,овсянников косметика,63,63
2026-09-09,овсянников косметика,Ярославская область,10841,campaign,DEVICE_ALL,nested,2,овсянников косметика и парфюмерия,6,63
2026-09-09,овсянников косметика,Ярославская область,10841,campaign,DEVICE_ALL,nested,3,овсянников косметика официальный,6,63
2026-09-09,овсянников косметика,Ярославская область,10841,campaign,DEVICE_ALL,nested,4,овсянников косметика официальный сайт,6,63
2026-09-09,овсянников косметика,Ярославская область,10841,campaign,DEVICE_ALL,nested,5,овсянников косметика бесплатно,5,63
2026-09-09,овсянников косметика,Ярославская область,10841,campaign,DEVICE_ALL,nested,6,косметика для бизнеса овсянников,2,63
2026-09-09,овсянников косметика,Ярославская область,10841,campaign,DEVICE_ALL,nested,7,овсянников бренд косметики,2,63
2026-09-09,овсянников косметика,Ярославская область,10841,campaign,DEVICE_ALL,nested,8,овсянников косметика и парфюмерия официальный,1,63
2026-09-09,овсянников косметика,Ярославская область,10841,campaign,DEVICE_ALL,nested,9,овсянников косметика и парфюмерия официальный сайт,1,63
2026-09-09,овсянников косметика,Костромская область,10699,campaign,DEVICE_ALL,nested,1,овсянников косметика,17,17
2026-09-09,овсянников косметика,Костромская область,10699,campaign,DEVICE_ALL,nested,2,овсянников косметика и парфюмерия,2,17
2026-09-09,овсянников косметика,Костромская область,10699,campaign,DEVICE_ALL,nested,3,овсянников косметика и парфюмерия официальный,2,17
2026-09-09,овсянников косметика,Костромская область,10699,campaign,DEVICE_ALL,nested,4,овсянников косметика и парфюмерия официальный сайт,2,17
2026-09-09,овсянников косметика,Костромская область,10699,campaign,DEVICE_ALL,nested,5,овсянников косметика официальный,2,17
2026-09-09,овсянников косметика,Костромская область,10699,campaign,DEVICE_ALL,nested,6,овсянников косметика официальный сайт,2,17
2026-09-09,овсянников косметика,Костромская область,10699,campaign,DEVICE_ALL,nested,7,косметика для бизнеса овсянников,1,17
2026-09-09,овсянников косметика,Липецкая область,10712,campaign,DEVICE_ALL,nested,1,овсянников косметика,4,4
2026-09-09,овсянников косметика,Республика Башкортостан,11111,campaign,DEVICE_ALL,nested,1,овсянников косметика,12,12
2026-09-09,овсянников косметика,Республика Башкортостан,11111,campaign,DEVICE_ALL,nested,2,овсянников косметика бесплатно,4,12
2026-09-09,овсянников косметика,Республика Башкортостан,11111,campaign,DEVICE_ALL,nested,3,овсянников косметика официальный,1,12
2026-09-09,овсянников косметика,Республика Башкортостан,11111,campaign,DEVICE_ALL,nested,4,овсянников косметика официальный сайт,1,12
2026-09-09,овсянников косметика,Новосибирская область,11316,campaign,DEVICE_ALL,nested,1,овсянников косметика,38,38
2026-09-09,овсянников косметика,Новосибирская область,11316,campaign,DEVICE_ALL,nested,2,овсянников косметика бесплатно,7,38
2026-09-09,овсянников косметика,Новосибирская область,11316,campaign,DEVICE_ALL,nested,3,овсянников косметика и парфюмерия,5,38
2026-09-09,овсянников косметика,Новосибирская область,11316,campaign,DEVICE_ALL,nested,4,овсянников косметика официальный,2,38
2026-09-09,овсянников косметика,Новосибирская область,11316,campaign,DEVICE_ALL,nested,5,овсянников косметика официальный сайт,2,38
2026-09-09,овсянников косметика,Саратовская область,11146,campaign,DEVICE_ALL,nested,1,овсянников косметика,23,23
2026-09-09,овсянников косметика,Саратовская область,11146,campaign,DEVICE_ALL,nested,2,овсянников косметика официальный,5,23
2026-09-09,овсянников косметика,Саратовская область,11146,campaign,DEVICE_ALL,nested,3,овсянников косметика официальный сайт,5,23
2026-09-09,овсянников косметика,Саратовская область,11146,campaign,DEVICE_ALL,nested,4,овсянников косметика и парфюмерия,2,23
2026-09-09,овсянников косметика,Саратовская область,11146,campaign,DEVICE_ALL,nested,5,овсянников косметика и парфюмерия официальный,2,23
2026-09-09,овсянников косметика,Саратовская область,11146,campaign,DEVICE_ALL,nested,6,овсянников косметика и парфюмерия официальный сайт,2,23
2026-09-09,овсянников косметика,Саратовская область,11146,campaign,DEVICE_ALL,nested,7,овсянников косметика бесплатно,1,23
2026-09-09,овсянников косметика,Томская область,11353,campaign,DEVICE_ALL,nested,1,овсянников косметика,13,13
2026-09-09,овсянников косметика,Томская область,11353,campaign,DEVICE_ALL,nested,2,овсянников косметика официальный,1,13
2026-09-09,овсянников косметика,Томская область,11353,campaign,DEVICE_ALL,nested,3,овсянников косметика официальный сайт,1,13
2026-09-09,овсянников косметика,Вологодская область,10853,campaign,DEVICE_ALL,nested,1,овсянников косметика,2,2
2026-09-09,овсянников косметика,Алтайский край,11235,campaign,DEVICE_ALL,nested,1,овсянников косметика,5,5
2026-09-09,овсянников косметика,Ивановская область,10687,campaign,DEVICE_ALL,nested,1,овсянников косметика,10,10
2026-09-09,овсянников косметика,Ивановская область,10687,campaign,DEVICE_ALL,nested,2,овсянников косметика и парфюмерия,1,10
2026-09-09,овсянников косметика,Кемеровская область,11282,control,DEVICE_ALL,nested,1,овсянников косметика,1,1
2026-09-09,овсянников косметика,Кировская область,11070,control,DEVICE_ALL,nested,1,овсянников косметика,2,2
2026-09-09,овсянников косметика,Кировская область,11070,control,DEVICE_ALL,nested,2,овсянников парфюмированная косметика,2,2
2026-09-09,овсянников косметика,Пензенская область,11095,control,DEVICE_ALL,nested,1,овсянников косметика,6,6
2026-09-09,овсянников косметика,Ростовская область,11029,control,DEVICE_ALL,nested,1,овсянников косметика,15,15
2026-09-09,овсянников косметика,Тульская область,10832,control,DEVICE_ALL,nested,1,овсянников косметика,6,6
2026-09-09,овсянников косметика,Тульская область,10832,control,DEVICE_ALL,nested,2,империя косметики овсянников,1,6
2026-09-09,овсянников купить,Тюменская область,11176,campaign,DEVICE_ALL,association,1,приобрести как пишется,98,5
2026-09-09,овсянников купить,Тюменская область,11176,campaign,DEVICE_ALL,association,2,купля продажа,13138,5
2026-09-09,овсянников купить,Тюменская область,11176,campaign,DEVICE_ALL,association,3,изт маркет,9,5
2026-09-09,овсянников купить,Тюменская область,11176,campaign,DEVICE_ALL,association,4,b2b продажи это,26,5
2026-09-09,овсянников купить,Тюменская область,11176,campaign,DEVICE_ALL,association,5,я покупаю,1333,5
2026-09-09,овсянников купить,Тюменская область,11176,campaign,DEVICE_ALL,association,6,моя цена,1380,5
2026-09-09,овсянников купить,Тюменская область,11176,campaign,DEVICE_ALL,association,7,b2b продажи что это,22,5
2026-09-09,овсянников купить,Тюменская область,11176,campaign,DEVICE_ALL,association,8,отдел продаж,828,5
2026-09-09,овсянников купить,Тюменская область,11176,campaign,DEVICE_ALL,association,9,какие монеты ценятся сейчас и их цена,12,5
2026-09-09,овсянников купить,Тюменская область,11176,campaign,DEVICE_ALL,association,10,наши цены,189,5
2026-09-09,овсянников купить,Тюменская область,11176,campaign,DEVICE_ALL,association,11,ты знаешь себе цену ты бесценна,7,5
2026-09-09,овсянников купить,Тюменская область,11176,campaign,DEVICE_ALL,association,12,мои покупки,221,5
2026-09-09,овсянников купить,Тюменская область,11176,campaign,DEVICE_ALL,association,13,b2c продажи что это,17,5
2026-09-09,овсянников купить,Тюменская область,11176,campaign,DEVICE_ALL,association,14,розничная цена это,16,5
2026-09-09,овсянников купить,Волгоградская область,10950,campaign,DEVICE_ALL,association,1,приобрести как пишется,107,20
2026-09-09,овсянников купить,Волгоградская область,10950,campaign,DEVICE_ALL,association,2,купля продажа,16709,20
2026-09-09,овсянников купить,Волгоградская область,10950,campaign,DEVICE_ALL,association,3,изт маркет,6,20
2026-09-09,овсянников купить,Волгоградская область,10950,campaign,DEVICE_ALL,association,4,b2b продажи это,25,20
2026-09-09,овсянников купить,Волгоградская область,10950,campaign,DEVICE_ALL,association,5,я покупаю,1993,20
2026-09-09,овсянников купить,Волгоградская область,10950,campaign,DEVICE_ALL,association,6,моя цена,2482,20
2026-09-09,овсянников купить,Волгоградская область,10950,campaign,DEVICE_ALL,association,7,b2b продажи что это,21,20
2026-09-09,овсянников купить,Волгоградская область,10950,campaign,DEVICE_ALL,association,8,отдел продаж,1284,20
2026-09-09,овсянников купить,Волгоградская область,10950,campaign,DEVICE_ALL,association,9,какие монеты ценятся сейчас и их цена,25,20
2026-09-09,овсянников купить,Волгоградская область,10950,campaign,DEVICE_ALL,association,10,наши цены,514,20
2026-09-09,овсянников купить,Волгоградская область,10950,campaign,DEVICE_ALL,association,11,ты знаешь себе цену ты бесценна,8,20
2026-09-09,овсянников купить,Волгоградская область,10950,campaign,DEVICE_ALL,association,12,мои покупки,290,20
2026-09-09,овсянников купить,Волгоградская область,10950,campaign,DEVICE_ALL,association,13,b2c продажи что это,2,20
2026-09-09,овсянников купить,Волгоградская область,10950,campaign,DEVICE_ALL,association,14,розничная цена это,28,20
2026-09-09,овсянников купить,Воронежская область,10672,campaign,DEVICE_ALL,association,1,приобрести как пишется,161,6
2026-09-09,овсянников купить,Воронежская область,10672,campaign,DEVICE_ALL,association,2,купля продажа,18003,6
2026-09-09,овсянников купить,Воронежская область,10672,campaign,DEVICE_ALL,association,3,изт маркет,5,6
2026-09-09,овсянников купить,Воронежская область,10672,campaign,DEVICE_ALL,association,4,b2b продажи это,46,6
2026-09-09,овсянников купить,Воронежская область,10672,campaign,DEVICE_ALL,association,5,я покупаю,1939,6
2026-09-09,овсянников купить,Воронежская область,10672,campaign,DEVICE_ALL,association,6,моя цена,2142,6
2026-09-09,овсянников купить,Воронежская область,10672,campaign,DEVICE_ALL,association,7,b2b продажи что это,40,6
2026-09-09,овсянников купить,Воронежская область,10672,campaign,DEVICE_ALL,association,8,отдел продаж,1878,6
2026-09-09,овсянников купить,Воронежская область,10672,campaign,DEVICE_ALL,association,9,какие монеты ценятся сейчас и их цена,16,6
2026-09-09,овсянников купить,Воронежская область,10672,campaign,DEVICE_ALL,association,10,наши цены,283,6
2026-09-09,овсянников купить,Воронежская область,10672,campaign,DEVICE_ALL,association,11,ты знаешь себе цену ты бесценна,26,6
2026-09-09,овсянников купить,Воронежская область,10672,campaign,DEVICE_ALL,association,12,мои покупки,342,6
2026-09-09,овсянников купить,Воронежская область,10672,campaign,DEVICE_ALL,association,13,b2c продажи что это,16,6
2026-09-09,овсянников купить,Воронежская область,10672,campaign,DEVICE_ALL,association,14,розничная цена это,11,6
2026-09-09,овсянников купить,Орловская область,10772,campaign,DEVICE_ALL,association,1,приобрести как пишется,38,167
2026-09-09,овсянников купить,Орловская область,10772,campaign,DEVICE_ALL,association,2,купля продажа,6446,167
2026-09-09,овсянников купить,Орловская область,10772,campaign,DEVICE_ALL,association,3,изт маркет,3,167
2026-09-09,овсянников купить,Орловская область,10772,campaign,DEVICE_ALL,association,4,b2b продажи это,13,167
2026-09-09,овсянников купить,Орловская область,10772,campaign,DEVICE_ALL,association,5,я покупаю,963,167
2026-09-09,овсянников купить,Орловская область,10772,campaign,DEVICE_ALL,association,6,моя цена,776,167
2026-09-09,овсянников купить,Орловская область,10772,campaign,DEVICE_ALL,association,7,b2b продажи что это,12,167
2026-09-09,овсянников купить,Орловская область,10772,campaign,DEVICE_ALL,association,8,отдел продаж,284,167
2026-09-09,овсянников купить,Орловская область,10772,campaign,DEVICE_ALL,association,9,какие монеты ценятся сейчас и их цена,9,167
2026-09-09,овсянников купить,Орловская область,10772,campaign,DEVICE_ALL,association,10,наши цены,113,167
2026-09-09,овсянников купить,Орловская область,10772,campaign,DEVICE_ALL,association,11,ты знаешь себе цену ты бесценна,2,167
2026-09-09,овсянников купить,Орловская область,10772,campaign,DEVICE_ALL,association,12,мои покупки,141,167
2026-09-09,овсянников купить,Орловская область,10772,campaign,DEVICE_ALL,association,13,b2c продажи что это,7,167
2026-09-09,овсянников купить,Орловская область,10772,campaign,DEVICE_ALL,association,14,розничная цена это,4,167
2026-09-09,овсянников купить,Ярославская область,10841,campaign,DEVICE_ALL,association,1,приобрести как пишется,48,14
2026-09-09,овсянников купить,Ярославская область,10841,campaign,DEVICE_ALL,association,2,купля продажа,12050,14
2026-09-09,овсянников купить,Ярославская область,10841,campaign,DEVICE_ALL,association,3,изт маркет,1,14
2026-09-09,овсянников купить,Ярославская область,10841,campaign,DEVICE_ALL,association,4,b2b продажи это,28,14
2026-09-09,овсянников купить,Ярославская область,10841,campaign,DEVICE_ALL,association,5,я покупаю,1031,14
2026-09-09,овсянников купить,Ярославская область,10841,campaign,DEVICE_ALL,association,6,моя цена,1305,14
2026-09-09,овсянников купить,Ярославская область,10841,campaign,DEVICE_ALL,association,7,b2b продажи что это,23,14
2026-09-09,овсянников купить,Ярославская область,10841,campaign,DEVICE_ALL,association,8,отдел продаж,820,14
2026-09-09,овсянников купить,Ярославская область,10841,campaign,DEVICE_ALL,association,9,какие монеты ценятся сейчас и их цена,8,14
2026-09-09,овсянников купить,Ярославская область,10841,campaign,DEVICE_ALL,association,10,наши цены,183,14
2026-09-09,овсянников купить,Ярославская область,10841,campaign,DEVICE_ALL,association,11,ты знаешь себе цену ты бесценна,11,14
2026-09-09,овсянников купить,Ярославская область,10841,campaign,DEVICE_ALL,association,12,мои покупки,227,14
2026-09-09,овсянников купить,Ярославская область,10841,campaign,DEVICE_ALL,association,13,b2c продажи что это,3,14
2026-09-09,овсянников купить,Ярославская область,10841,campaign,DEVICE_ALL,association,14,розничная цена это,9,14
2026-09-09,овсянников купить,Костромская область,10699,campaign,DEVICE_ALL,association,1,приобрести как пишется,35,25
2026-09-09,овсянников купить,Костромская область,10699,campaign,DEVICE_ALL,association,2,купля продажа,5613,25
2026-09-09,овсянников купить,Костромская область,10699,campaign,DEVICE_ALL,association,3,изт маркет,1,25
2026-09-09,овсянников купить,Костромская область,10699,campaign,DEVICE_ALL,association,4,b2b продажи это,6,25
2026-09-09,овсянников купить,Костромская область,10699,campaign,DEVICE_ALL,association,5,я покупаю,486,25
2026-09-09,овсянников купить,Костромская область,10699,campaign,DEVICE_ALL,association,6,моя цена,346,25
2026-09-09,овсянников купить,Костромская область,10699,campaign,DEVICE_ALL,association,7,b2b продажи что это,4,25
2026-09-09,овсянников купить,Костромская область,10699,campaign,DEVICE_ALL,association,8,отдел продаж,308,25
2026-09-09,овсянников купить,Костромская область,10699,campaign,DEVICE_ALL,association,9,какие монеты ценятся сейчас и их цена,2,25
2026-09-09,овсянников купить,Костромская область,10699,campaign,DEVICE_ALL,association,10,наши цены,79,25
2026-09-09,овсянников купить,Костромская область,10699,campaign,DEVICE_ALL,association,11,мсг37 рф прайс листы,3,25
2026-09-09,овсянников купить,Костромская область,10699,campaign,DEVICE_ALL,association,12,ты знаешь себе цену ты бесценна,3,25
2026-09-09,овсянников купить,Костромская область,10699,campaign,DEVICE_ALL,association,13,мои покупки,85,25
2026-09-09,овсянников купить,Костромская область,10699,campaign,DEVICE_ALL,association,14,b2c продажи что это,1,25
2026-09-09,овсянников купить,Костромская область,10699,campaign,DEVICE_ALL,association,15,розничная цена это,2,25
2026-09-09,овсянников купить,Липецкая область,10712,campaign,DEVICE_ALL,association,1,приобрести как пишется,61,
2026-09-09,овсянников купить,Липецкая область,10712,campaign,DEVICE_ALL,association,2,купля продажа,8567,
2026-09-09,овсянников купить,Липецкая область,10712,campaign,DEVICE_ALL,association,3,изт маркет,18,
2026-09-09,овсянников купить,Липецкая область,10712,campaign,DEVICE_ALL,association,4,b2b продажи это,10,
2026-09-09,овсянников купить,Липецкая область,10712,campaign,DEVICE_ALL,association,5,я покупаю,864,
2026-09-09,овсянников купить,Липецкая область,10712,campaign,DEVICE_ALL,association,6,моя цена,918,
2026-09-09,овсянников купить,Липецкая область,10712,campaign,DEVICE_ALL,association,7,b2b продажи что это,7,
2026-09-09,овсянников купить,Липецкая область,10712,campaign,DEVICE_ALL,association,8,отдел продаж,557,
2026-09-09,овсянников купить,Липецкая область,10712,campaign,DEVICE_ALL,association,9,какие монеты ценятся сейчас и их цена,2,
2026-09-09,овсянников купить,Липецкая область,10712,campaign,DEVICE_ALL,association,10,наши цены,405,
2026-09-09,овсянников купить,Липецкая область,10712,campaign,DEVICE_ALL,association,11,ты знаешь себе цену ты бесценна,6,
2026-09-09,овсянников купить,Липецкая область,10712,campaign,DEVICE_ALL,association,12,мои покупки,121,
2026-09-09,овсянников купить,Липецкая область,10712,campaign,DEVICE_ALL,association,13,b2c продажи что это,4,
2026-09-09,овсянников купить,Липецкая область,10712,campaign,DEVICE_ALL,association,14,розничная цена это,4,
2026-09-09,овсянников купить,Республика Башкортостан,11111,campaign,DEVICE_ALL,association,1,приобрести как пишется,195,4
2026-09-09,овсянников купить,Республика Башкортостан,11111,campaign,DEVICE_ALL,association,2,купля продажа,25973,4
2026-09-09,овсянников купить,Республика Башкортостан,11111,campaign,DEVICE_ALL,association,3,изт маркет,25,4
2026-09-09,овсянников купить,Республика Башкортостан,11111,campaign,DEVICE_ALL,association,4,b2b продажи это,60,4
2026-09-09,овсянников купить,Республика Башкортостан,11111,campaign,DEVICE_ALL,association,5,я покупаю,2662,4
2026-09-09,овсянников купить,Республика Башкортостан,11111,campaign,DEVICE_ALL,association,6,моя цена,2626,4
2026-09-09,овсянников купить,Республика Башкортостан,11111,campaign,DEVICE_ALL,association,7,b2b продажи что это,43,4
2026-09-09,овсянников купить,Республика Башкортостан,11111,campaign,DEVICE_ALL,association,8,отдел продаж,2028,4
2026-09-09,овсянников купить,Республика Башкортостан,11111,campaign,DEVICE_ALL,association,9,какие монеты ценятся сейчас и их цена,28,4
2026-09-09,овсянников купить,Республика Башкортостан,11111,campaign,DEVICE_ALL,association,10,наши цены,394,4
2026-09-09,овсянников купить,Республика Башкортостан,11111,campaign,DEVICE_ALL,association,11,ты знаешь себе цену ты бесценна,7,4
2026-09-09,овсянников купить,Республика Башкортостан,11111,campaign,DEVICE_ALL,association,12,мои покупки,720,4
2026-09-09,овсянников купить,Республика Башкортостан,11111,campaign,DEVICE_ALL,association,13,b2c продажи что это,16,4
2026-09-09,овсянников купить,Республика Башкортостан,11111,campaign,DEVICE_ALL,association,14,розничная цена это,24,4
2026-09-09,овсянников купить,Новосибирская область,11316,campaign,DEVICE_ALL,association,1,приобрести как пишется,196,4
2026-09-09,овсянников купить,Новосибирская область,11316,campaign,DEVICE_ALL,association,2,купля продажа,24400,4
2026-09-09,овсянников купить,Новосибирская область,11316,campaign,DEVICE_ALL,association,3,изт маркет,36,4
2026-09-09,овсянников купить,Новосибирская область,11316,campaign,DEVICE_ALL,association,4,b2b продажи это,95,4
2026-09-09,овсянников купить,Новосибирская область,11316,campaign,DEVICE_ALL,association,5,я покупаю,2302,4
2026-09-09,овсянников купить,Новосибирская область,11316,campaign,DEVICE_ALL,association,6,моя цена,2259,4
2026-09-09,овсянников купить,Новосибирская область,11316,campaign,DEVICE_ALL,association,7,b2b продажи что это,72,4
2026-09-09,овсянников купить,Новосибирская область,11316,campaign,DEVICE_ALL,association,8,отдел продаж,2191,4
2026-09-09,овсянников купить,Новосибирская область,11316,campaign,DEVICE_ALL,association,9,какие монеты ценятся сейчас и их цена,25,4
2026-09-09,овсянников купить,Новосибирская область,11316,campaign,DEVICE_ALL,association,10,наши цены,258,4
2026-09-09,овсянников купить,Новосибирская область,11316,campaign,DEVICE_ALL,association,11,ты знаешь себе цену ты бесценна,10,4
2026-09-09,овсянников купить,Новосибирская область,11316,campaign,DEVICE_ALL,association,12,мои покупки,374,4
2026-09-09,овсянников купить,Новосибирская область,11316,campaign,DEVICE_ALL,association,13,b2c продажи что это,14,4
2026-09-09,овсянников купить,Новосибирская область,11316,campaign,DEVICE_ALL,association,14,розничная цена это,17,4
2026-09-09,овсянников купить,Саратовская область,11146,campaign,DEVICE_ALL,association,1,мазь от зуда кожи на теле,19,2
2026-09-09,овсянников купить,Саратовская область,11146,campaign,DEVICE_ALL,association,2,индометацин софарма мазь для чего,4,2
2026-09-09,овсянников купить,Саратовская область,11146,campaign,DEVICE_ALL,association,3,пимафуцин мазь для чего применяется мужчинам,6,2
2026-09-09,овсянников купить,Саратовская область,11146,campaign,DEVICE_ALL,association,4,мазь супироцин для чего применяется,2,2
2026-09-09,овсянников купить,Саратовская область,11146,campaign,DEVICE_ALL,association,5,траумель мазь для чего предназначена цена,12,2
2026-09-09,овсянников купить,Саратовская область,11146,campaign,DEVICE_ALL,association,6,мупироцин мазь для чего применяется,4,2
2026-09-09,овсянников купить,Саратовская область,11146,campaign,DEVICE_ALL,association,7,уродерм мазь для чего применяется цена,3,2
2026-09-09,овсянников купить,Саратовская область,11146,campaign,DEVICE_ALL,association,8,мазь от зуда и раздражения кожи недорого,2,2
2026-09-09,овсянников купить,Саратовская область,11146,campaign,DEVICE_ALL,association,9,мазь снимающая зуд и раздражение на коже,3,2
2026-09-09,овсянников купить,Вологодская область,10853,campaign,DEVICE_ALL,association,1,приобрести как пишется,43,11
2026-09-09,овсянников купить,Вологодская область,10853,campaign,DEVICE_ALL,association,2,купля продажа,10202,11
2026-09-09,овсянников купить,Вологодская область,10853,campaign,DEVICE_ALL,association,3,изт маркет,2,11
2026-09-09,овсянников купить,Вологодская область,10853,campaign,DEVICE_ALL,association,4,b2b продажи это,20,11
2026-09-09,овсянников купить,Вологодская область,10853,campaign,DEVICE_ALL,association,5,я покупаю,877,11
2026-09-09,овсянников купить,Вологодская область,10853,campaign,DEVICE_ALL,association,6,моя цена,974,11
2026-09-09,овсянников купить,Вологодская область,10853,campaign,DEVICE_ALL,association,7,b2b продажи что это,18,11
2026-09-09,овсянников купить,Вологодская область,10853,campaign,DEVICE_ALL,association,8,отдел продаж,581,11
2026-09-09,овсянников купить,Вологодская область,10853,campaign,DEVICE_ALL,association,9,какие монеты ценятся сейчас и их цена,6,11
2026-09-09,овсянников купить,Вологодская область,10853,campaign,DEVICE_ALL,association,10,наши цены,215,11
2026-09-09,овсянников купить,Вологодская область,10853,campaign,DEVICE_ALL,association,11,ты знаешь себе цену ты бесценна,8,11
2026-09-09,овсянников купить,Вологодская область,10853,campaign,DEVICE_ALL,association,12,мои покупки,195,11
2026-09-09,овсянников купить,Вологодская область,10853,campaign,DEVICE_ALL,association,13,b2c продажи что это,4,11
2026-09-09,овсянников купить,Вологодская область,10853,campaign,DEVICE_ALL,association,14,розничная цена это,6,11
2026-09-09,овсянников купить,Алтайский край,11235,campaign,DEVICE_ALL,association,1,приобрести как пишется,80,4
2026-09-09,овсянников купить,Алтайский край,11235,campaign,DEVICE_ALL,association,2,купля продажа,16637,4
2026-09-09,овсянников купить,Алтайский край,11235,campaign,DEVICE_ALL,association,3,изт маркет,15,4
2026-09-09,овсянников купить,Алтайский край,11235,campaign,DEVICE_ALL,association,4,b2b продажи это,42,4
2026-09-09,овсянников купить,Алтайский край,11235,campaign,DEVICE_ALL,association,5,я покупаю,1311,4
2026-09-09,овсянников купить,Алтайский край,11235,campaign,DEVICE_ALL,association,6,моя цена,929,4
2026-09-09,овсянников купить,Алтайский край,11235,campaign,DEVICE_ALL,association,7,b2b продажи что это,37,4
2026-09-09,овсянников купить,Алтайский край,11235,campaign,DEVICE_ALL,association,8,отдел продаж,932,4
2026-09-09,овсянников купить,Алтайский край,11235,campaign,DEVICE_ALL,association,9,какие монеты ценятся сейчас и их цена,15,4
2026-09-09,овсянников купить,Алтайский край,11235,campaign,DEVICE_ALL,association,10,наши цены,176,4
2026-09-09,овсянников купить,Алтайский край,11235,campaign,DEVICE_ALL,association,11,ты знаешь себе цену ты бесценна,18,4
2026-09-09,овсянников купить,Алтайский край,11235,campaign,DEVICE_ALL,association,12,мои покупки,222,4
2026-09-09,овсянников купить,Алтайский край,11235,campaign,DEVICE_ALL,association,13,b2c продажи что это,6,4
2026-09-09,овсянников купить,Алтайский край,11235,campaign,DEVICE_ALL,association,14,розничная цена это,14,4
2026-09-09,овсянников купить,Ивановская область,10687,campaign,DEVICE_ALL,association,1,приобрести как пишется,30,11
2026-09-09,овсянников купить,Ивановская область,10687,campaign,DEVICE_ALL,association,2,купля продажа,7804,11
2026-09-09,овсянников купить,Ивановская область,10687,campaign,DEVICE_ALL,association,3,изт маркет,3,11
2026-09-09,овсянников купить,Ивановская область,10687,campaign,DEVICE_ALL,association,4,b2b продажи это,21,11
2026-09-09,овсянников купить,Ивановская область,10687,campaign,DEVICE_ALL,association,5,я покупаю,693,11
2026-09-09,овсянников купить,Ивановская область,10687,campaign,DEVICE_ALL,association,6,моя цена,1164,11
2026-09-09,овсянников купить,Ивановская область,10687,campaign,DEVICE_ALL,association,7,b2b продажи что это,14,11
2026-09-09,овсянников купить,Ивановская область,10687,campaign,DEVICE_ALL,association,8,отдел продаж,478,11
2026-09-09,овсянников купить,Ивановская область,10687,campaign,DEVICE_ALL,association,9,какие монеты ценятся сейчас и их цена,2,11
2026-09-09,овсянников купить,Ивановская область,10687,campaign,DEVICE_ALL,association,10,наши цены,173,11
2026-09-09,овсянников купить,Ивановская область,10687,campaign,DEVICE_ALL,association,11,мсг37 рф прайс листы,1015,11
2026-09-09,овсянников купить,Ивановская область,10687,campaign,DEVICE_ALL,association,12,ты знаешь себе цену ты бесценна,2,11
2026-09-09,овсянников купить,Ивановская область,10687,campaign,DEVICE_ALL,association,13,мои покупки,110,11
2026-09-09,овсянников купить,Ивановская область,10687,campaign,DEVICE_ALL,association,14,b2c продажи что это,1,11
2026-09-09,овсянников купить,Ивановская область,10687,campaign,DEVICE_ALL,association,15,розничная цена это,2,11
2026-09-09,овсянников купить,Омская область,11318,campaign,DEVICE_ALL,association,1,мазь арника для чего применяется,30,2
2026-09-09,овсянников купить,Омская область,11318,campaign,DEVICE_ALL,association,2,мазь метилсалицилат от чего помогает цена,9,2
2026-09-09,овсянников купить,Омская область,11318,campaign,DEVICE_ALL,association,3,бепантен мазь для чего применяется,13,2
2026-09-09,овсянников купить,Омская область,11318,campaign,DEVICE_ALL,association,4,мазь ортофен для чего предназначена,4,2
2026-09-09,овсянников купить,Омская область,11318,campaign,DEVICE_ALL,association,5,фуцидин мазь от чего она помогает,2,2
2026-09-09,овсянников купить,Омская область,11318,campaign,DEVICE_ALL,association,6,окопник мазь для чего,5,2
2026-09-09,овсянников купить,Омская область,11318,campaign,DEVICE_ALL,association,7,синофлановая мазь от чего помогает цена,1,2
2026-09-09,овсянников купить,Омская область,11318,campaign,DEVICE_ALL,association,8,гидрокортизон акос мазь для чего применяется,12,2
2026-09-09,овсянников купить,Омская область,11318,campaign,DEVICE_ALL,association,9,пимафуцин мазь для чего применяется мужчинам,4,2
2026-09-09,овсянников купить,Омская область,11318,campaign,DEVICE_ALL,association,10,мазь фуцидин для чего применяется,14,2
2026-09-09,овсянников купить,Омская область,11318,campaign,DEVICE_ALL,association,11,мазь супироцин для чего применяется,9,2
2026-09-09,овсянников купить,Омская область,11318,campaign,DEVICE_ALL,association,12,траумель мазь для чего предназначена цена,2,2
2026-09-09,овсянников купить,Омская область,11318,campaign,DEVICE_ALL,association,13,бороплюс мазь от чего помогает цена,2,2
2026-09-09,овсянников купить,Омская область,11318,campaign,DEVICE_ALL,association,14,мазь левомеколь для чего применяется цена,30,2
2026-09-09,овсянников купить,Астраханская область,10946,control,DEVICE_ALL,association,1,приобрести как пишется,46,2
2026-09-09,овсянников купить,Астраханская область,10946,control,DEVICE_ALL,association,2,купля продажа,6141,2
2026-09-09,овсянников купить,Астраханская область,10946,control,DEVICE_ALL,association,3,изт маркет,4,2
2026-09-09,овсянников купить,Астраханская область,10946,control,DEVICE_ALL,association,4,b2b продажи это,8,2
2026-09-09,овсянников купить,Астраханская область,10946,control,DEVICE_ALL,association,5,я покупаю,591,2
2026-09-09,овсянников купить,Астраханская область,10946,control,DEVICE_ALL,association,6,моя цена,848,2
2026-09-09,овсянников купить,Астраханская область,10946,control,DEVICE_ALL,association,7,b2b продажи что это,5,2
2026-09-09,овсянников купить,Астраханская область,10946,control,DEVICE_ALL,association,8,отдел продаж,263,2
2026-09-09,овсянников купить,Астраханская область,10946,control,DEVICE_ALL,association,9,какие монеты ценятся сейчас и их цена,4,2
2026-09-09,овсянников купить,Астраханская область,10946,control,DEVICE_ALL,association,10,наши цены,45,2
2026-09-09,овсянников купить,Астраханская область,10946,control,DEVICE_ALL,association,11,ты знаешь себе цену ты бесценна,1,2
2026-09-09,овсянников купить,Астраханская область,10946,control,DEVICE_ALL,association,12,мои покупки,78,2
2026-09-09,овсянников купить,Астраханская область,10946,control,DEVICE_ALL,association,13,b2c продажи что это,2,2
2026-09-09,овсянников купить,Астраханская область,10946,control,DEVICE_ALL,association,14,розничная цена это,28,2
2026-09-09,овсянников купить,Кемеровская область,11282,control,DEVICE_ALL,association,1,домик на окраине,48,2
2026-09-09,овсянников купить,Кемеровская область,11282,control,DEVICE_ALL,association,2,договор купли продажи дома,498,2
2026-09-09,овсянников купить,Кемеровская область,11282,control,DEVICE_ALL,association,3,продажа домов,15522,2
2026-09-09,овсянников купить,Кемеровская область,11282,control,DEVICE_ALL,association,4,модульный домик,104,2
2026-09-09,овсянников купить,Кемеровская область,11282,control,DEVICE_ALL,association,5,покупка дома,2055,2
2026-09-09,овсянников купить,Кемеровская область,11282,control,DEVICE_ALL,association,6,домик лесника,23,2
2026-09-09,овсянников купить,Кемеровская область,11282,control,DEVICE_ALL,association,7,продается дом,603,2
2026-09-09,овсянников купить,Кемеровская область,11282,control,DEVICE_ALL,association,8,дачные домики под ключ недорого цены,18,2
2026-09-09,овсянников купить,Кемеровская область,11282,control,DEVICE_ALL,association,9,модульный домик для дачи,15,2
2026-09-09,овсянников купить,Кемеровская область,11282,control,DEVICE_ALL,association,10,дом на продажу,2533,2
2026-09-09,овсянников купить,Кемеровская область,11282,control,DEVICE_ALL,association,11,молитва на продажу дома и земельного участка,12,2
2026-09-09,овсянников купить,Кемеровская область,11282,control,DEVICE_ALL,association,12,модульный дом цена,413,2
2026-09-09,овсянников купить,Кемеровская область,11282,control,DEVICE_ALL,association,13,документы для продажи дома,91,2
2026-09-09,овсянников купить,Кемеровская область,11282,control,DEVICE_ALL,association,14,домик для курей,2,2
2026-09-09,овсянников купить,Кемеровская область,11282,control,DEVICE_ALL,association,15,летние домики для дачи недорого,16,2
2026-09-09,овсянников купить,Кемеровская область,11282,control,DEVICE_ALL,association,16,купить домик для дачи,57,2
2026-09-09,овсянников купить,Кировская область,11070,control,DEVICE_ALL,association,1,приобрести как пишется,62,16
2026-09-09,овсянников купить,Кировская область,11070,control,DEVICE_ALL,association,2,купля продажа,10007,16
2026-09-09,овсянников купить,Кировская область,11070,control,DEVICE_ALL,association,3,изт маркет,1,16
2026-09-09,овсянников купить,Кировская область,11070,control,DEVICE_ALL,association,4,b2b продажи это,20,16
2026-09-09,овсянников купить,Кировская область,11070,control,DEVICE_ALL,association,5,я покупаю,872,16
2026-09-09,овсянников купить,Кировская область,11070,control,DEVICE_ALL,association,6,моя цена,1066,16
2026-09-09,овсянников купить,Кировская область,11070,control,DEVICE_ALL,association,7,b2b продажи что это,19,16
2026-09-09,овсянников купить,Кировская область,11070,control,DEVICE_ALL,association,8,отдел продаж,744,16
2026-09-09,овсянников купить,Кировская область,11070,control,DEVICE_ALL,association,9,какие монеты ценятся сейчас и их цена,7,16
2026-09-09,овсянников купить,Кировская область,11070,control,DEVICE_ALL,association,10,наши цены,211,16
2026-09-09,овсянников купить,Кировская область,11070,control,DEVICE_ALL,association,11,ты знаешь себе цену ты бесценна,4,16
2026-09-09,овсянников купить,Кировская область,11070,control,DEVICE_ALL,association,12,мои покупки,163,16
2026-09-09,овсянников купить,Кировская область,11070,control,DEVICE_ALL,association,13,b2c продажи что это,3,16
2026-09-09,овсянников купить,Кировская область,11070,control,DEVICE_ALL,association,14,розничная цена это,9,16
2026-09-09,овсянников купить,Ростовская область,11029,control,DEVICE_ALL,association,1,приобрести как пишется,239,12
2026-09-09,овсянников купить,Ростовская область,11029,control,DEVICE_ALL,association,2,купля продажа,31460,12
2026-09-09,овсянников купить,Ростовская область,11029,control,DEVICE_ALL,association,3,изт маркет,16,12
2026-09-09,овсянников купить,Ростовская область,11029,control,DEVICE_ALL,association,4,b2b продажи это,82,12
2026-09-09,овсянников купить,Ростовская область,11029,control,DEVICE_ALL,association,5,я покупаю,3545,12
2026-09-09,овсянников купить,Ростовская область,11029,control,DEVICE_ALL,association,6,моя цена,4391,12
2026-09-09,овсянников купить,Ростовская область,11029,control,DEVICE_ALL,association,7,b2b продажи что это,45,12
2026-09-09,овсянников купить,Ростовская область,11029,control,DEVICE_ALL,association,8,отдел продаж,2545,12
2026-09-09,овсянников купить,Ростовская область,11029,control,DEVICE_ALL,association,9,какие монеты ценятся сейчас и их цена,28,12
2026-09-09,овсянников купить,Ростовская область,11029,control,DEVICE_ALL,association,10,наши цены,785,12
2026-09-09,овсянников купить,Ростовская область,11029,control,DEVICE_ALL,association,11,ты знаешь себе цену ты бесценна,17,12
2026-09-09,овсянников купить,Ростовская область,11029,control,DEVICE_ALL,association,12,мои покупки,526,12
2026-09-09,овсянников купить,Ростовская область,11029,control,DEVICE_ALL,association,13,b2c продажи что это,12,12
2026-09-09,овсянников купить,Ростовская область,11029,control,DEVICE_ALL,association,14,розничная цена это,39,12
2026-09-09,овсянников купить,Тульская область,10832,control,DEVICE_ALL,association,1,литература 7 класс учебник,626,2
2026-09-09,овсянников купить,Тульская область,10832,control,DEVICE_ALL,association,2,литература 9 класс учебник,611,2
2026-09-09,овсянников купить,Тульская область,10832,control,DEVICE_ALL,association,3,учебник по литературе 7 класс,186,2
2026-09-09,овсянников купить,Тульская область,10832,control,DEVICE_ALL,association,4,учебник по литературе 9 класс,160,2
2026-09-09,овсянников купить,Тульская область,10832,control,DEVICE_ALL,association,5,одиссея книга сколько страниц,10,2
2026-09-09,овсянников купить,Тульская область,10832,control,DEVICE_ALL,association,6,познавательная литература купить,9,2
2026-09-09,овсянников купить,Тульская область,10832,control,DEVICE_ALL,association,7,книга мартова,64,2
2026-09-09,овсянников купить,Тульская область,10832,control,DEVICE_ALL,association,8,библия различные авторы книга слушать,2,2
2026-09-09,овсянников купить,Тульская область,10832,control,DEVICE_ALL,association,9,ревизор сколько страниц в книге,2,2
2026-09-09,овсянников купить,Тульская область,10832,control,DEVICE_ALL,association,10,где приобрести трудовую книжку,2,2
2026-09-09,овсянников купить,Тульская область,10832,control,DEVICE_ALL,association,11,тарас бульба книга сколько страниц,11,2
2026-09-09,овсянников купить,Тульская область,10832,control,DEVICE_ALL,association,12,содержание учебника по литературе 7 класс,7,2
2026-09-09,овсянников купить,Тюменская область,11176,campaign,DEVICE_ALL,nested,1,овсянников купить,5,5
2026-09-09,овсянников купить,Тюменская область,11176,campaign,DEVICE_ALL,nested,2,купить книгу овсянникова,2,5
2026-09-09,овсянников купить,Тюменская область,11176,campaign,DEVICE_ALL,nested,3,купить дом в овсянниково,1,5
2026-09-09,овсянников купить,Тюменская область,11176,campaign,DEVICE_ALL,nested,4,куплю дом деревне овсянников,1,5
2026-09-09,овсянников купить,Волгоградская область,10950,campaign,DEVICE_ALL,nested,1,овсянников купить,20,20
2026-09-09,овсянников купить,Волгоградская область,10950,campaign,DEVICE_ALL,nested,2,овсянников мыло купить,7,20
2026-09-09,овсянников купить,Волгоградская область,10950,campaign,DEVICE_ALL,nested,3,купить мед алтайский из овсянникова в озон,5,20
2026-09-09,овсянников купить,Волгоградская область,10950,campaign,DEVICE_ALL,nested,4,купить овсянников краснодар,1,20
2026-09-09,овсянников купить,Воронежская область,10672,campaign,DEVICE_ALL,nested,1,овсянников купить,6,6
2026-09-09,овсянников купить,Орловская область,10772,campaign,DEVICE_ALL,nested,1,овсянников купить,167,167
2026-09-09,овсянников купить,Орловская область,10772,campaign,DEVICE_ALL,nested,2,овсянниково орел купить,120,167
2026-09-09,овсянников купить,Орловская область,10772,campaign,DEVICE_ALL,nested,3,купить дом в овсянниково,106,167
2026-09-09,овсянников купить,Орловская область,10772,campaign,DEVICE_ALL,nested,4,купить дом в овсянниково орел,84,167
2026-09-09,овсянников купить,Орловская область,10772,campaign,DEVICE_ALL,nested,5,куплю дом деревне овсянников,81,167
2026-09-09,овсянников купить,Орловская область,10772,campaign,DEVICE_ALL,nested,6,авито овсянников купить дом,75,167
2026-09-09,овсянников купить,Орловская область,10772,campaign,DEVICE_ALL,nested,7,авито орел купить купить дом овсянниково,75,167
2026-09-09,овсянников купить,Орловская область,10772,campaign,DEVICE_ALL,nested,8,авито орел купить дом в деревне овсянниково,68,167
2026-09-09,овсянников купить,Орловская область,10772,campaign,DEVICE_ALL,nested,9,купить дом в овсянниково орловский район,18,167
2026-09-09,овсянников купить,Орловская область,10772,campaign,DEVICE_ALL,nested,10,овсянниково купить участок,11,167
2026-09-09,овсянников купить,Орловская область,10772,campaign,DEVICE_ALL,nested,11,купить дом д овсянниково,11,167
2026-09-09,овсянников купить,Орловская область,10772,campaign,DEVICE_ALL,nested,12,авито орел купить дачу овсянниково,9,167
2026-09-09,овсянников купить,Орловская область,10772,campaign,DEVICE_ALL,nested,13,купить дом в деревне овсянниково город орел,8,167
2026-09-09,овсянников купить,Ярославская область,10841,campaign,DEVICE_ALL,nested,1,овсянников купить,14,14
2026-09-09,овсянников купить,Ярославская область,10841,campaign,DEVICE_ALL,nested,2,овсянников крем купить,11,14
2026-09-09,овсянников купить,Ярославская область,10841,campaign,DEVICE_ALL,nested,3,овсянников крем для рук купить,8,14
2026-09-09,овсянников купить,Ярославская область,10841,campaign,DEVICE_ALL,nested,4,овсянников черный перец купить,5,14
2026-09-09,овсянников купить,Ярославская область,10841,campaign,DEVICE_ALL,nested,5,овсянников где купить,2,14
2026-09-09,овсянников купить,Ярославская область,10841,campaign,DEVICE_ALL,nested,6,куплю дом деревне овсянников,1,14
2026-09-09,овсянников купить,Костромская область,10699,campaign,DEVICE_ALL,nested,1,овсянников купить,25,25
2026-09-09,овсянников купить,Липецкая область,10712,campaign,DEVICE_ALL,nested,1,овсянникову купили,1,
2026-09-09,овсянников купить,Республика Башкортостан,11111,campaign,DEVICE_ALL,nested,1,овсянников купить,4,4
2026-09-09,овсянников купить,Республика Башкортостан,11111,campaign,DEVICE_ALL,nested,2,овсянников где купить,2,4
2026-09-09,овсянников купить,Новосибирская область,11316,campaign,DEVICE_ALL,nested,1,овсянников купить,4,4
2026-09-09,овсянников купить,Новосибирская область,11316,campaign,DEVICE_ALL,nested,2,овсянников крем купить,1,4
2026-09-09,овсянников купить,Саратовская область,11146,campaign,DEVICE_ALL,nested,1,овсянников крем для рук купить,2,2
2026-09-09,овсянников купить,Саратовская область,11146,campaign,DEVICE_ALL,nested,2,овсянников крем купить,2,2
2026-09-09,овсянников купить,Саратовская область,11146,campaign,DEVICE_ALL,nested,3,овсянников купить,2,2
2026-09-09,овсянников купить,Вологодская область,10853,campaign,DEVICE_ALL,nested,1,овсянников купить,11,11
2026-09-09,овсянников купить,Вологодская область,10853,campaign,DEVICE_ALL,nested,2,савсан набор овсянникова купить,10,11
2026-09-09,овсянников купить,Алтайский край,11235,campaign,DEVICE_ALL,nested,1,овсянников купить,4,4
2026-09-09,овсянников купить,Алтайский край,11235,campaign,DEVICE_ALL,nested,2,купить дом в овсянниково,1,4
2026-09-09,овсянников купить,Ивановская область,10687,campaign,DEVICE_ALL,nested,1,овсянников купить,11,11
2026-09-09,овсянников купить,Ивановская область,10687,campaign,DEVICE_ALL,nested,2,купить дом в овсянниково,8,11
2026-09-09,овсянников купить,Ивановская область,10687,campaign,DEVICE_ALL,nested,3,купить дом в овсянниково шуйский район,6,11
2026-09-09,овсянников купить,Ивановская область,10687,campaign,DEVICE_ALL,nested,4,овсянников где купить,2,11
2026-09-09,овсянников купить,Омская область,11318,campaign,DEVICE_ALL,nested,1,овсянников крем купить,2,2
2026-09-09,овсянников купить,Омская область,11318,campaign,DEVICE_ALL,nested,2,овсянников купить,2,2
2026-09-09,овсянников купить,Астраханская область,10946,control,DEVICE_ALL,nested,1,овсянников купить,2,2
2026-09-09,овсянников купить,Кемеровская область,11282,control,DEVICE_ALL,nested,1,купить дом в овсянниково,2,2
2026-09-09,овсянников купить,Кемеровская область,11282,control,DEVICE_ALL,nested,2,овсянников купить,2,2
2026-09-09,овсянников купить,Кировская область,11070,control,DEVICE_ALL,nested,1,овсянников купить,16,16
2026-09-09,овсянников купить,Кировская область,11070,control,DEVICE_ALL,nested,2,овсянников где купить,7,16
2026-09-09,овсянников купить,Кировская область,11070,control,DEVICE_ALL,nested,3,авито овсянников купить дом,2,16
2026-09-09,овсянников купить,Кировская область,11070,control,DEVICE_ALL,nested,4,овсянников крем для рук купить,2,16
2026-09-09,овсянников купить,Кировская область,11070,control,DEVICE_ALL,nested,5,овсянников крем купить,2,16
2026-09-09,овсянников купить,Кировская область,11070,control,DEVICE_ALL,nested,6,овсянников мыло купить,2,16
2026-09-09,овсянников купить,Кировская область,11070,control,DEVICE_ALL,nested,7,овсянников черный перец купить,2,16
2026-09-09,овсянников купить,Ростовская область,11029,control,DEVICE_ALL,nested,1,овсянников купить,12,12
2026-09-09,овсянников купить,Ростовская область,11029,control,DEVICE_ALL,nested,2,овсянников мыло жидкое купить,2,12
2026-09-09,овсянников купить,Ростовская область,11029,control,DEVICE_ALL,nested,3,овсянников мыло купить,2,12
2026-09-09,овсянников купить,Ростовская область,11029,control,DEVICE_ALL,nested,4,купить дом овсянниково,1,12
2026-09-09,овсянников купить,Ростовская область,11029,control,DEVICE_ALL,nested,5,овсянниково купить участок,1,12
2026-09-09,овсянников купить,Тульская область,10832,control,DEVICE_ALL,nested,1,купить книгу овсянникова,2,2
2026-09-09,овсянников купить,Тульская область,10832,control,DEVICE_ALL,nested,2,овсянников купить,2,2
2026-09-09,овсянников мыло,Тюменская область,11176,campaign,DEVICE_ALL,association,1,дегтярное мыло,772,15
2026-09-09,овсянников мыло,Тюменская область,11176,campaign,DEVICE_ALL,association,2,дегтярное мыло для чего,118,15
2026-09-09,овсянников мыло,Тюменская область,11176,campaign,DEVICE_ALL,association,3,марсельское мыло,14,15
2026-09-09,овсянников мыло,Тюменская область,11176,campaign,DEVICE_ALL,association,4,кокосовое хозяйственное мыло,13,15
2026-09-09,овсянников мыло,Тюменская область,11176,campaign,DEVICE_ALL,association,5,soap skin,14,15
2026-09-09,овсянников мыло,Тюменская область,11176,campaign,DEVICE_ALL,association,6,мыло земляничное,8,15
2026-09-09,овсянников мыло,Тюменская область,11176,campaign,DEVICE_ALL,association,7,можно ли умываться мылом,17,15
2026-09-09,овсянников мыло,Тюменская область,11176,campaign,DEVICE_ALL,association,8,можно ли умываться дегтярным мылом,2,15
2026-09-09,овсянников мыло,Тюменская область,11176,campaign,DEVICE_ALL,association,9,можно ли мыться дегтярным мылом,1,15
2026-09-09,овсянников мыло,Тюменская область,11176,campaign,DEVICE_ALL,association,10,можно ли мыть лицо дегтярным мылом,5,15
2026-09-09,овсянников мыло,Тюменская область,11176,campaign,DEVICE_ALL,association,11,хозяйственное мыло для лица,13,15
2026-09-09,овсянников мыло,Волгоградская область,10950,campaign,DEVICE_ALL,association,1,дегтярное мыло,1351,29
2026-09-09,овсянников мыло,Волгоградская область,10950,campaign,DEVICE_ALL,association,2,дегтярное мыло для чего,247,29
2026-09-09,овсянников мыло,Волгоградская область,10950,campaign,DEVICE_ALL,association,3,марсельское мыло,16,29
2026-09-09,овсянников мыло,Волгоградская область,10950,campaign,DEVICE_ALL,association,4,мыление мыла,2,29
2026-09-09,овсянников мыло,Волгоградская область,10950,campaign,DEVICE_ALL,association,5,кокосовое хозяйственное мыло,23,29
2026-09-09,овсянников мыло,Волгоградская область,10950,campaign,DEVICE_ALL,association,6,soap skin,21,29
2026-09-09,овсянников мыло,Волгоградская область,10950,campaign,DEVICE_ALL,association,7,мыло земляничное,17,29
2026-09-09,овсянников мыло,Волгоградская область,10950,campaign,DEVICE_ALL,association,8,можно ли умываться мылом,30,29
2026-09-09,овсянников мыло,Волгоградская область,10950,campaign,DEVICE_ALL,association,9,можно ли умываться дегтярным мылом,7,29
2026-09-09,овсянников мыло,Волгоградская область,10950,campaign,DEVICE_ALL,association,10,можно ли мыться дегтярным мылом,7,29
2026-09-09,овсянников мыло,Волгоградская область,10950,campaign,DEVICE_ALL,association,11,зеленое мыло от каких вредителей,4,29
2026-09-09,овсянников мыло,Волгоградская область,10950,campaign,DEVICE_ALL,association,12,можно ли мыть лицо дегтярным мылом,4,29
2026-09-09,овсянников мыло,Волгоградская область,10950,campaign,DEVICE_ALL,association,13,зеленое мыло от мучнистого червеца,1,29
2026-09-09,овсянников мыло,Волгоградская область,10950,campaign,DEVICE_ALL,association,14,хозяйственное мыло для лица,8,29
2026-09-09,овсянников мыло,Воронежская область,10672,campaign,DEVICE_ALL,association,1,дегтярное мыло,1301,17
2026-09-09,овсянников мыло,Воронежская область,10672,campaign,DEVICE_ALL,association,2,дегтярное мыло для чего,212,17
2026-09-09,овсянников мыло,Воронежская область,10672,campaign,DEVICE_ALL,association,3,марсельское мыло,21,17
2026-09-09,овсянников мыло,Воронежская область,10672,campaign,DEVICE_ALL,association,4,мыление мыла,29,17
2026-09-09,овсянников мыло,Воронежская область,10672,campaign,DEVICE_ALL,association,5,кокосовое хозяйственное мыло,57,17
2026-09-09,овсянников мыло,Воронежская область,10672,campaign,DEVICE_ALL,association,6,soap skin,22,17
2026-09-09,овсянников мыло,Воронежская область,10672,campaign,DEVICE_ALL,association,7,мыло земляничное,35,17
2026-09-09,овсянников мыло,Воронежская область,10672,campaign,DEVICE_ALL,association,8,можно ли умываться мылом,22,17
2026-09-09,овсянников мыло,Воронежская область,10672,campaign,DEVICE_ALL,association,9,можно ли умываться дегтярным мылом,3,17
2026-09-09,овсянников мыло,Воронежская область,10672,campaign,DEVICE_ALL,association,10,можно ли мыться дегтярным мылом,1,17
2026-09-09,овсянников мыло,Воронежская область,10672,campaign,DEVICE_ALL,association,11,можно ли мыть лицо дегтярным мылом,6,17
2026-09-09,овсянников мыло,Воронежская область,10672,campaign,DEVICE_ALL,association,12,зеленое мыло от мучнистого червеца,7,17
2026-09-09,овсянников мыло,Воронежская область,10672,campaign,DEVICE_ALL,association,13,хозяйственное мыло для лица,3,17
2026-09-09,овсянников мыло,Орловская область,10772,campaign,DEVICE_ALL,association,1,дегтярное мыло,420,4
2026-09-09,овсянников мыло,Орловская область,10772,campaign,DEVICE_ALL,association,2,дегтярное мыло для чего,28,4
2026-09-09,овсянников мыло,Орловская область,10772,campaign,DEVICE_ALL,association,3,марсельское мыло,4,4
2026-09-09,овсянников мыло,Орловская область,10772,campaign,DEVICE_ALL,association,4,кокосовое хозяйственное мыло,5,4
2026-09-09,овсянников мыло,Орловская область,10772,campaign,DEVICE_ALL,association,5,можно ли умываться мылом,15,4
2026-09-09,овсянников мыло,Орловская область,10772,campaign,DEVICE_ALL,association,6,можно ли мыться дегтярным мылом,1,4
2026-09-09,овсянников мыло,Орловская область,10772,campaign,DEVICE_ALL,association,7,зеленое мыло от каких вредителей,2,4
2026-09-09,овсянников мыло,Рязанская область,10776,campaign,DEVICE_ALL,association,1,дегтярное мыло,630,9
2026-09-09,овсянников мыло,Рязанская область,10776,campaign,DEVICE_ALL,association,2,дегтярное мыло для чего,92,9
2026-09-09,овсянников мыло,Рязанская область,10776,campaign,DEVICE_ALL,association,3,марсельское мыло,6,9
2026-09-09,овсянников мыло,Рязанская область,10776,campaign,DEVICE_ALL,association,4,кокосовое хозяйственное мыло,12,9
2026-09-09,овсянников мыло,Рязанская область,10776,campaign,DEVICE_ALL,association,5,soap skin,25,9
2026-09-09,овсянников мыло,Рязанская область,10776,campaign,DEVICE_ALL,association,6,мыло земляничное,22,9
2026-09-09,овсянников мыло,Рязанская область,10776,campaign,DEVICE_ALL,association,7,можно ли умываться мылом,11,9
2026-09-09,овсянников мыло,Рязанская область,10776,campaign,DEVICE_ALL,association,8,можно ли умываться дегтярным мылом,2,9
2026-09-09,овсянников мыло,Рязанская область,10776,campaign,DEVICE_ALL,association,9,можно ли мыться дегтярным мылом,4,9
2026-09-09,овсянников мыло,Рязанская область,10776,campaign,DEVICE_ALL,association,10,зеленое мыло от каких вредителей,2,9
2026-09-09,овсянников мыло,Рязанская область,10776,campaign,DEVICE_ALL,association,11,можно ли мыть лицо дегтярным мылом,1,9
2026-09-09,овсянников мыло,Рязанская область,10776,campaign,DEVICE_ALL,association,12,зеленое мыло от мучнистого червеца,1,9
2026-09-09,овсянников мыло,Рязанская область,10776,campaign,DEVICE_ALL,association,13,хозяйственное мыло для лица,6,9
2026-09-09,овсянников мыло,Ярославская область,10841,campaign,DEVICE_ALL,association,1,дегтярное мыло,774,30
2026-09-09,овсянников мыло,Ярославская область,10841,campaign,DEVICE_ALL,association,2,дегтярное мыло для чего,87,30
2026-09-09,овсянников мыло,Ярославская область,10841,campaign,DEVICE_ALL,association,3,марсельское мыло,29,30
2026-09-09,овсянников мыло,Ярославская область,10841,campaign,DEVICE_ALL,association,4,кокосовое хозяйственное мыло,4,30
2026-09-09,овсянников мыло,Ярославская область,10841,campaign,DEVICE_ALL,association,5,soap skin,27,30
2026-09-09,овсянников мыло,Ярославская область,10841,campaign,DEVICE_ALL,association,6,мыло земляничное,3,30
2026-09-09,овсянников мыло,Ярославская область,10841,campaign,DEVICE_ALL,association,7,можно ли умываться мылом,2,30
2026-09-09,овсянников мыло,Ярославская область,10841,campaign,DEVICE_ALL,association,8,можно ли мыться дегтярным мылом,2,30
2026-09-09,овсянников мыло,Ярославская область,10841,campaign,DEVICE_ALL,association,9,зеленое мыло от каких вредителей,2,30
2026-09-09,овсянников мыло,Ярославская область,10841,campaign,DEVICE_ALL,association,10,можно ли мыть лицо дегтярным мылом,5,30
2026-09-09,овсянников мыло,Ярославская область,10841,campaign,DEVICE_ALL,association,11,зеленое мыло от мучнистого червеца,1,30
2026-09-09,овсянников мыло,Костромская область,10699,campaign,DEVICE_ALL,association,1,дегтярное мыло,322,5
2026-09-09,овсянников мыло,Костромская область,10699,campaign,DEVICE_ALL,association,2,дегтярное мыло для чего,36,5
2026-09-09,овсянников мыло,Костромская область,10699,campaign,DEVICE_ALL,association,3,мыление мыла,2,5
2026-09-09,овсянников мыло,Костромская область,10699,campaign,DEVICE_ALL,association,4,soap skin,5,5
2026-09-09,овсянников мыло,Костромская область,10699,campaign,DEVICE_ALL,association,5,мыло земляничное,4,5
2026-09-09,овсянников мыло,Костромская область,10699,campaign,DEVICE_ALL,association,6,можно ли умываться мылом,3,5
2026-09-09,овсянников мыло,Костромская область,10699,campaign,DEVICE_ALL,association,7,можно ли мыться дегтярным мылом,1,5
2026-09-09,овсянников мыло,Костромская область,10699,campaign,DEVICE_ALL,association,8,можно ли мыть лицо дегтярным мылом,1,5
2026-09-09,овсянников мыло,Липецкая область,10712,campaign,DEVICE_ALL,association,1,серное мыло для чего,6,1
2026-09-09,овсянников мыло,Липецкая область,10712,campaign,DEVICE_ALL,association,2,серно дегтярное мыло,2,1
2026-09-09,овсянников мыло,Липецкая область,10712,campaign,DEVICE_ALL,association,3,перец душистый молотый,5,1
2026-09-09,овсянников мыло,Липецкая область,10712,campaign,DEVICE_ALL,association,4,можно ли умываться дегтярным мылом,2,1
2026-09-09,овсянников мыло,Липецкая область,10712,campaign,DEVICE_ALL,association,5,перцовое мыло,1,1
2026-09-09,овсянников мыло,Липецкая область,10712,campaign,DEVICE_ALL,association,6,лечо нежное без уксуса и масла,2,1
2026-09-09,овсянников мыло,Липецкая область,10712,campaign,DEVICE_ALL,association,7,зеленое мыло от мучнистого червеца,2,1
2026-09-09,овсянников мыло,Республика Башкортостан,11111,campaign,DEVICE_ALL,association,1,дегтярное мыло,1969,11
2026-09-09,овсянников мыло,Республика Башкортостан,11111,campaign,DEVICE_ALL,association,2,дегтярное мыло для чего,261,11
2026-09-09,овсянников мыло,Республика Башкортостан,11111,campaign,DEVICE_ALL,association,3,марсельское мыло,15,11
2026-09-09,овсянников мыло,Республика Башкортостан,11111,campaign,DEVICE_ALL,association,4,мыление мыла,12,11
2026-09-09,овсянников мыло,Республика Башкортостан,11111,campaign,DEVICE_ALL,association,5,кокосовое хозяйственное мыло,12,11
2026-09-09,овсянников мыло,Республика Башкортостан,11111,campaign,DEVICE_ALL,association,6,soap skin,37,11
2026-09-09,овсянников мыло,Республика Башкортостан,11111,campaign,DEVICE_ALL,association,7,мыло земляничное,15,11
2026-09-09,овсянников мыло,Республика Башкортостан,11111,campaign,DEVICE_ALL,association,8,можно ли умываться мылом,23,11
2026-09-09,овсянников мыло,Республика Башкортостан,11111,campaign,DEVICE_ALL,association,9,можно ли умываться дегтярным мылом,4,11
2026-09-09,овсянников мыло,Республика Башкортостан,11111,campaign,DEVICE_ALL,association,10,можно ли мыться дегтярным мылом,9,11
2026-09-09,овсянников мыло,Республика Башкортостан,11111,campaign,DEVICE_ALL,association,11,зеленое мыло от каких вредителей,1,11
2026-09-09,овсянников мыло,Республика Башкортостан,11111,campaign,DEVICE_ALL,association,12,можно ли мыть лицо дегтярным мылом,9,11
2026-09-09,овсянников мыло,Республика Башкортостан,11111,campaign,DEVICE_ALL,association,13,хозяйственное мыло для лица,10,11
2026-09-09,овсянников мыло,Республика Башкортостан,11111,campaign,DEVICE_ALL,association,14,мыло nowa,33,11
2026-09-09,овсянников мыло,Новосибирская область,11316,campaign,DEVICE_ALL,association,1,дегтярное мыло,1756,18
2026-09-09,овсянников мыло,Новосибирская область,11316,campaign,DEVICE_ALL,association,2,дегтярное мыло для чего,147,18
2026-09-09,овсянников мыло,Новосибирская область,11316,campaign,DEVICE_ALL,association,3,марсельское мыло,12,18
2026-09-09,овсянников мыло,Новосибирская область,11316,campaign,DEVICE_ALL,association,4,мыление мыла,4,18
2026-09-09,овсянников мыло,Новосибирская область,11316,campaign,DEVICE_ALL,association,5,кокосовое хозяйственное мыло,15,18
2026-09-09,овсянников мыло,Новосибирская область,11316,campaign,DEVICE_ALL,association,6,soap skin,47,18
2026-09-09,овсянников мыло,Новосибирская область,11316,campaign,DEVICE_ALL,association,7,мыло земляничное,23,18
2026-09-09,овсянников мыло,Новосибирская область,11316,campaign,DEVICE_ALL,association,8,можно ли умываться мылом,28,18
2026-09-09,овсянников мыло,Новосибирская область,11316,campaign,DEVICE_ALL,association,9,можно ли умываться дегтярным мылом,4,18
2026-09-09,овсянников мыло,Новосибирская область,11316,campaign,DEVICE_ALL,association,10,можно ли мыться дегтярным мылом,5,18
2026-09-09,овсянников мыло,Новосибирская область,11316,campaign,DEVICE_ALL,association,11,зеленое мыло от каких вредителей,7,18
2026-09-09,овсянников мыло,Новосибирская область,11316,campaign,DEVICE_ALL,association,12,можно ли мыть лицо дегтярным мылом,3,18
2026-09-09,овсянников мыло,Саратовская область,11146,campaign,DEVICE_ALL,association,1,дегтярное мыло,1083,7
2026-09-09,овсянников мыло,Саратовская область,11146,campaign,DEVICE_ALL,association,2,дегтярное мыло для чего,179,7
2026-09-09,овсянников мыло,Саратовская область,11146,campaign,DEVICE_ALL,association,3,мыление мыла,7,7
2026-09-09,овсянников мыло,Саратовская область,11146,campaign,DEVICE_ALL,association,4,кокосовое хозяйственное мыло,20,7
2026-09-09,овсянников мыло,Саратовская область,11146,campaign,DEVICE_ALL,association,5,soap skin,22,7
2026-09-09,овсянников мыло,Саратовская область,11146,campaign,DEVICE_ALL,association,6,мыло земляничное,13,7
2026-09-09,овсянников мыло,Саратовская область,11146,campaign,DEVICE_ALL,association,7,можно ли умываться мылом,15,7
2026-09-09,овсянников мыло,Саратовская область,11146,campaign,DEVICE_ALL,association,8,можно ли умываться дегтярным мылом,2,7
2026-09-09,овсянников мыло,Саратовская область,11146,campaign,DEVICE_ALL,association,9,можно ли мыться дегтярным мылом,1,7
2026-09-09,овсянников мыло,Саратовская область,11146,campaign,DEVICE_ALL,association,10,можно ли мыть лицо дегтярным мылом,2,7
2026-09-09,овсянников мыло,Саратовская область,11146,campaign,DEVICE_ALL,association,11,зеленое мыло от мучнистого червеца,6,7
2026-09-09,овсянников мыло,Саратовская область,11146,campaign,DEVICE_ALL,association,12,хозяйственное мыло для лица,5,7
2026-09-09,овсянников мыло,Вологодская область,10853,campaign,DEVICE_ALL,association,1,дегтярное мыло,611,1
2026-09-09,овсянников мыло,Вологодская область,10853,campaign,DEVICE_ALL,association,2,дегтярное мыло для чего,47,1
2026-09-09,овсянников мыло,Вологодская область,10853,campaign,DEVICE_ALL,association,3,марсельское мыло,6,1
2026-09-09,овсянников мыло,Вологодская область,10853,campaign,DEVICE_ALL,association,4,кокосовое хозяйственное мыло,1,1
2026-09-09,овсянников мыло,Вологодская область,10853,campaign,DEVICE_ALL,association,5,soap skin,13,1
2026-09-09,овсянников мыло,Вологодская область,10853,campaign,DEVICE_ALL,association,6,мыло земляничное,22,1
2026-09-09,овсянников мыло,Вологодская область,10853,campaign,DEVICE_ALL,association,7,можно ли умываться мылом,2,1
2026-09-09,овсянников мыло,Вологодская область,10853,campaign,DEVICE_ALL,association,8,можно ли мыться дегтярным мылом,4,1
2026-09-09,овсянников мыло,Вологодская область,10853,campaign,DEVICE_ALL,association,9,можно ли мыть лицо дегтярным мылом,4,1
2026-09-09,овсянников мыло,Вологодская область,10853,campaign,DEVICE_ALL,association,10,хозяйственное мыло для лица,4,1
2026-09-09,овсянников мыло,Ивановская область,10687,campaign,DEVICE_ALL,association,1,дегтярное мыло,674,10
2026-09-09,овсянников мыло,Ивановская область,10687,campaign,DEVICE_ALL,association,2,дегтярное мыло для чего,105,10
2026-09-09,овсянников мыло,Ивановская область,10687,campaign,DEVICE_ALL,association,3,марсельское мыло,9,10
2026-09-09,овсянников мыло,Ивановская область,10687,campaign,DEVICE_ALL,association,4,кокосовое хозяйственное мыло,15,10
2026-09-09,овсянников мыло,Ивановская область,10687,campaign,DEVICE_ALL,association,5,soap skin,15,10
2026-09-09,овсянников мыло,Ивановская область,10687,campaign,DEVICE_ALL,association,6,мыло земляничное,62,10
2026-09-09,овсянников мыло,Ивановская область,10687,campaign,DEVICE_ALL,association,7,можно ли умываться мылом,12,10
2026-09-09,овсянников мыло,Ивановская область,10687,campaign,DEVICE_ALL,association,8,можно ли умываться дегтярным мылом,2,10
2026-09-09,овсянников мыло,Ивановская область,10687,campaign,DEVICE_ALL,association,9,можно ли мыться дегтярным мылом,4,10
2026-09-09,овсянников мыло,Ивановская область,10687,campaign,DEVICE_ALL,association,10,можно ли мыть лицо дегтярным мылом,3,10
2026-09-09,овсянников мыло,Ивановская область,10687,campaign,DEVICE_ALL,association,11,хозяйственное мыло для лица,6,10
2026-09-09,овсянников мыло,Омская область,11318,campaign,DEVICE_ALL,association,1,дегтярное мыло,1014,3
2026-09-09,овсянников мыло,Омская область,11318,campaign,DEVICE_ALL,association,2,дегтярное мыло для чего,118,3
2026-09-09,овсянников мыло,Омская область,11318,campaign,DEVICE_ALL,association,3,марсельское мыло,10,3
2026-09-09,овсянников мыло,Омская область,11318,campaign,DEVICE_ALL,association,4,кокосовое хозяйственное мыло,20,3
2026-09-09,овсянников мыло,Омская область,11318,campaign,DEVICE_ALL,association,5,soap skin,16,3
2026-09-09,овсянников мыло,Омская область,11318,campaign,DEVICE_ALL,association,6,мыло земляничное,11,3
2026-09-09,овсянников мыло,Омская область,11318,campaign,DEVICE_ALL,association,7,можно ли умываться мылом,19,3
2026-09-09,овсянников мыло,Омская область,11318,campaign,DEVICE_ALL,association,8,зеленое мыло от каких вредителей,2,3
2026-09-09,овсянников мыло,Омская область,11318,campaign,DEVICE_ALL,association,9,можно ли мыть лицо дегтярным мылом,3,3
2026-09-09,овсянников мыло,Омская область,11318,campaign,DEVICE_ALL,association,10,хозяйственное мыло для лица,6,3
2026-09-09,овсянников мыло,Омская область,11318,campaign,DEVICE_ALL,association,11,мыло nowa,6,3
2026-09-09,овсянников мыло,Астраханская область,10946,control,DEVICE_ALL,association,1,дегтярное мыло,494,4
2026-09-09,овсянников мыло,Астраханская область,10946,control,DEVICE_ALL,association,2,дегтярное мыло для чего,107,4
2026-09-09,овсянников мыло,Астраханская область,10946,control,DEVICE_ALL,association,3,марсельское мыло,2,4
2026-09-09,овсянников мыло,Астраханская область,10946,control,DEVICE_ALL,association,4,кокосовое хозяйственное мыло,3,4
2026-09-09,овсянников мыло,Астраханская область,10946,control,DEVICE_ALL,association,5,soap skin,6,4
2026-09-09,овсянников мыло,Астраханская область,10946,control,DEVICE_ALL,association,6,мыло земляничное,1,4
2026-09-09,овсянников мыло,Астраханская область,10946,control,DEVICE_ALL,association,7,можно ли умываться мылом,6,4
2026-09-09,овсянников мыло,Астраханская область,10946,control,DEVICE_ALL,association,8,можно ли умываться дегтярным мылом,2,4
2026-09-09,овсянников мыло,Астраханская область,10946,control,DEVICE_ALL,association,9,можно ли мыться дегтярным мылом,1,4
2026-09-09,овсянников мыло,Астраханская область,10946,control,DEVICE_ALL,association,10,хозяйственное мыло для лица,3,4
2026-09-09,овсянников мыло,Кемеровская область,11282,control,DEVICE_ALL,association,1,дегтярное мыло,1438,1
2026-09-09,овсянников мыло,Кемеровская область,11282,control,DEVICE_ALL,association,2,дегтярное мыло для чего,183,1
2026-09-09,овсянников мыло,Кемеровская область,11282,control,DEVICE_ALL,association,3,марсельское мыло,4,1
2026-09-09,овсянников мыло,Кемеровская область,11282,control,DEVICE_ALL,association,4,кокосовое хозяйственное мыло,29,1
2026-09-09,овсянников мыло,Кемеровская область,11282,control,DEVICE_ALL,association,5,soap skin,22,1
2026-09-09,овсянников мыло,Кемеровская область,11282,control,DEVICE_ALL,association,6,мыло земляничное,11,1
2026-09-09,овсянников мыло,Кемеровская область,11282,control,DEVICE_ALL,association,7,можно ли умываться мылом,13,1
2026-09-09,овсянников мыло,Кемеровская область,11282,control,DEVICE_ALL,association,8,можно ли умываться дегтярным мылом,1,1
2026-09-09,овсянников мыло,Кемеровская область,11282,control,DEVICE_ALL,association,9,можно ли мыться дегтярным мылом,6,1
2026-09-09,овсянников мыло,Кемеровская область,11282,control,DEVICE_ALL,association,10,можно ли мыть лицо дегтярным мылом,7,1
2026-09-09,овсянников мыло,Кемеровская область,11282,control,DEVICE_ALL,association,11,хозяйственное мыло для лица,8,1
2026-09-09,овсянников мыло,Кировская область,11070,control,DEVICE_ALL,association,1,дегтярное мыло,646,25
2026-09-09,овсянников мыло,Кировская область,11070,control,DEVICE_ALL,association,2,дегтярное мыло для чего,64,25
2026-09-09,овсянников мыло,Кировская область,11070,control,DEVICE_ALL,association,3,марсельское мыло,1,25
2026-09-09,овсянников мыло,Кировская область,11070,control,DEVICE_ALL,association,4,кокосовое хозяйственное мыло,5,25
2026-09-09,овсянников мыло,Кировская область,11070,control,DEVICE_ALL,association,5,soap skin,27,25
2026-09-09,овсянников мыло,Кировская область,11070,control,DEVICE_ALL,association,6,мыло земляничное,16,25
2026-09-09,овсянников мыло,Кировская область,11070,control,DEVICE_ALL,association,7,можно ли умываться мылом,11,25
2026-09-09,овсянников мыло,Кировская область,11070,control,DEVICE_ALL,association,8,можно ли умываться дегтярным мылом,2,25
2026-09-09,овсянников мыло,Кировская область,11070,control,DEVICE_ALL,association,9,можно ли мыться дегтярным мылом,4,25
2026-09-09,овсянников мыло,Кировская область,11070,control,DEVICE_ALL,association,10,зеленое мыло от каких вредителей,2,25
2026-09-09,овсянников мыло,Кировская область,11070,control,DEVICE_ALL,association,11,мыло nowa,3,25
2026-09-09,овсянников мыло,Ростовская область,11029,control,DEVICE_ALL,association,1,дегтярное мыло,2319,27
2026-09-09,овсянников мыло,Ростовская область,11029,control,DEVICE_ALL,association,2,дегтярное мыло для чего,405,27
2026-09-09,овсянников мыло,Ростовская область,11029,control,DEVICE_ALL,association,3,марсельское мыло,40,27
2026-09-09,овсянников мыло,Ростовская область,11029,control,DEVICE_ALL,association,4,мыление мыла,4,27
2026-09-09,овсянников мыло,Ростовская область,11029,control,DEVICE_ALL,association,5,кокосовое хозяйственное мыло,39,27
2026-09-09,овсянников мыло,Ростовская область,11029,control,DEVICE_ALL,association,6,soap skin,50,27
2026-09-09,овсянников мыло,Ростовская область,11029,control,DEVICE_ALL,association,7,мыло земляничное,40,27
2026-09-09,овсянников мыло,Ростовская область,11029,control,DEVICE_ALL,association,8,можно ли умываться мылом,44,27
2026-09-09,овсянников мыло,Ростовская область,11029,control,DEVICE_ALL,association,9,можно ли умываться дегтярным мылом,7,27
2026-09-09,овсянников мыло,Ростовская область,11029,control,DEVICE_ALL,association,10,можно ли мыться дегтярным мылом,4,27
2026-09-09,овсянников мыло,Ростовская область,11029,control,DEVICE_ALL,association,11,зеленое мыло от каких вредителей,9,27
2026-09-09,овсянников мыло,Ростовская область,11029,control,DEVICE_ALL,association,12,gaze мыло,3,27
2026-09-09,овсянников мыло,Ростовская область,11029,control,DEVICE_ALL,association,13,можно ли мыть лицо дегтярным мылом,5,27
2026-09-09,овсянников мыло,Ростовская область,11029,control,DEVICE_ALL,association,14,зеленое мыло от мучнистого червеца,3,27
2026-09-09,овсянников мыло,Ростовская область,11029,control,DEVICE_ALL,association,15,хозяйственное мыло для лица,4,27
2026-09-09,овсянников мыло,Тульская область,10832,control,DEVICE_ALL,association,1,дегтярное мыло,858,2
2026-09-09,овсянников мыло,Тульская область,10832,control,DEVICE_ALL,association,2,дегтярное мыло для чего,174,2
2026-09-09,овсянников мыло,Тульская область,10832,control,DEVICE_ALL,association,3,марсельское мыло,2,2
2026-09-09,овсянников мыло,Тульская область,10832,control,DEVICE_ALL,association,4,мыление мыла,17,2
2026-09-09,овсянников мыло,Тульская область,10832,control,DEVICE_ALL,association,5,кокосовое хозяйственное мыло,20,2
2026-09-09,овсянников мыло,Тульская область,10832,control,DEVICE_ALL,association,6,soap skin,14,2
2026-09-09,овсянников мыло,Тульская область,10832,control,DEVICE_ALL,association,7,мыло земляничное,19,2
2026-09-09,овсянников мыло,Тульская область,10832,control,DEVICE_ALL,association,8,можно ли умываться мылом,25,2
2026-09-09,овсянников мыло,Тульская область,10832,control,DEVICE_ALL,association,9,можно ли умываться дегтярным мылом,4,2
2026-09-09,овсянников мыло,Тульская область,10832,control,DEVICE_ALL,association,10,можно ли мыться дегтярным мылом,8,2
2026-09-09,овсянников мыло,Тульская область,10832,control,DEVICE_ALL,association,11,можно ли мыть лицо дегтярным мылом,3,2
2026-09-09,овсянников мыло,Тульская область,10832,control,DEVICE_ALL,association,12,зеленое мыло от мучнистого червеца,1,2
2026-09-09,овсянников мыло,Тульская область,10832,control,DEVICE_ALL,association,13,хозяйственное мыло для лица,2,2
2026-09-09,овсянников мыло,Тюменская область,11176,campaign,DEVICE_ALL,nested,1,овсянников мыло,15,15
2026-09-09,овсянников мыло,Тюменская область,11176,campaign,DEVICE_ALL,nested,2,гель мыло овсянников,7,15
2026-09-09,овсянников мыло,Тюменская область,11176,campaign,DEVICE_ALL,nested,3,мыло овсянников черный перец,4,15
2026-09-09,овсянников мыло,Тюменская область,11176,campaign,DEVICE_ALL,nested,4,мыло овсянников тайный советник,2,15
2026-09-09,овсянников мыло,Тюменская область,11176,campaign,DEVICE_ALL,nested,5,овсянников мыло жидкое,2,15
2026-09-09,овсянников мыло,Тюменская область,11176,campaign,DEVICE_ALL,nested,6,овсянников мыло официальный сайт,1,15
2026-09-09,овсянников мыло,Волгоградская область,10950,campaign,DEVICE_ALL,nested,1,овсянников мыло,29,29
2026-09-09,овсянников мыло,Волгоградская область,10950,campaign,DEVICE_ALL,nested,2,овсянников мыло купить,7,29
2026-09-09,овсянников мыло,Волгоградская область,10950,campaign,DEVICE_ALL,nested,3,овсянников мыло официальный сайт,1,29
2026-09-09,овсянников мыло,Воронежская область,10672,campaign,DEVICE_ALL,nested,1,овсянников мыло,17,17
2026-09-09,овсянников мыло,Воронежская область,10672,campaign,DEVICE_ALL,nested,2,овсянников мыло официальный сайт,5,17
2026-09-09,овсянников мыло,Орловская область,10772,campaign,DEVICE_ALL,nested,1,овсянников мыло,4,4
2026-09-09,овсянников мыло,Рязанская область,10776,campaign,DEVICE_ALL,nested,1,овсянников мыло,9,9
2026-09-09,овсянников мыло,Ярославская область,10841,campaign,DEVICE_ALL,nested,1,овсянников мыло,30,30
2026-09-09,овсянников мыло,Ярославская область,10841,campaign,DEVICE_ALL,nested,2,овсянников мыло жидкое,7,30
2026-09-09,овсянников мыло,Ярославская область,10841,campaign,DEVICE_ALL,nested,3,жидкое мыло черный перец овсянников,5,30
2026-09-09,овсянников мыло,Ярославская область,10841,campaign,DEVICE_ALL,nested,4,мыло овсянников черный перец,5,30
2026-09-09,овсянников мыло,Ярославская область,10841,campaign,DEVICE_ALL,nested,5,мыло и крем овсянников,2,30
2026-09-09,овсянников мыло,Ярославская область,10841,campaign,DEVICE_ALL,nested,6,мыло для рук овсянников,1,30
2026-09-09,овсянников мыло,Ярославская область,10841,campaign,DEVICE_ALL,nested,7,парфюмированное мыло овсянников,1,30
2026-09-09,овсянников мыло,Костромская область,10699,campaign,DEVICE_ALL,nested,1,овсянников мыло,5,5
2026-09-09,овсянников мыло,Липецкая область,10712,campaign,DEVICE_ALL,nested,1,мыло овсянников черный перец,1,1
2026-09-09,овсянников мыло,Липецкая область,10712,campaign,DEVICE_ALL,nested,2,овсянников мыло,1,1
2026-09-09,овсянников мыло,Республика Башкортостан,11111,campaign,DEVICE_ALL,nested,1,овсянников мыло,11,11
2026-09-09,овсянников мыло,Республика Башкортостан,11111,campaign,DEVICE_ALL,nested,2,овсянников мыло жидкое,4,11
2026-09-09,овсянников мыло,Республика Башкортостан,11111,campaign,DEVICE_ALL,nested,3,мыло для рук овсянников,4,11
2026-09-09,овсянников мыло,Республика Башкортостан,11111,campaign,DEVICE_ALL,nested,4,мыло овсянников черный перец,2,11
2026-09-09,овсянников мыло,Новосибирская область,11316,campaign,DEVICE_ALL,nested,1,овсянников мыло,18,18
2026-09-09,овсянников мыло,Новосибирская область,11316,campaign,DEVICE_ALL,nested,2,овсянников мыло официальный сайт,5,18
2026-09-09,овсянников мыло,Саратовская область,11146,campaign,DEVICE_ALL,nested,1,овсянников мыло,7,7
2026-09-09,овсянников мыло,Вологодская область,10853,campaign,DEVICE_ALL,nested,1,овсянников мыло,1,1
2026-09-09,овсянников мыло,Ивановская область,10687,campaign,DEVICE_ALL,nested,1,овсянников мыло,10,10
2026-09-09,овсянников мыло,Ивановская область,10687,campaign,DEVICE_ALL,nested,2,мыло и крем овсянников,2,10
2026-09-09,овсянников мыло,Омская область,11318,campaign,DEVICE_ALL,nested,1,овсянников мыло,3,3
2026-09-09,овсянников мыло,Омская область,11318,campaign,DEVICE_ALL,nested,2,овсянников мыло жидкое,1,3
2026-09-09,овсянников мыло,Астраханская область,10946,control,DEVICE_ALL,nested,1,овсянников мыло,4,4
2026-09-09,овсянников мыло,Кемеровская область,11282,control,DEVICE_ALL,nested,1,овсянников мыло,1,1
2026-09-09,овсянников мыло,Кировская область,11070,control,DEVICE_ALL,nested,1,овсянников мыло,25,25
2026-09-09,овсянников мыло,Кировская область,11070,control,DEVICE_ALL,nested,2,овсянников мыло официальный сайт,3,25
2026-09-09,овсянников мыло,Кировская область,11070,control,DEVICE_ALL,nested,3,гель мыло овсянников,2,25
2026-09-09,овсянников мыло,Кировская область,11070,control,DEVICE_ALL,nested,4,мыло овсянников черный перец,2,25
2026-09-09,овсянников мыло,Кировская область,11070,control,DEVICE_ALL,nested,5,овсянников мыло купить,2,25
2026-09-09,овсянников мыло,Ростовская область,11029,control,DEVICE_ALL,nested,1,овсянников мыло,27,27
2026-09-09,овсянников мыло,Ростовская область,11029,control,DEVICE_ALL,nested,2,овсянников мыло жидкое,7,27
2026-09-09,овсянников мыло,Ростовская область,11029,control,DEVICE_ALL,nested,3,жидкое мыло черный перец овсянников,4,27
2026-09-09,овсянников мыло,Ростовская область,11029,control,DEVICE_ALL,nested,4,мыло овсянников черный перец,4,27
2026-09-09,овсянников мыло,Ростовская область,11029,control,DEVICE_ALL,nested,5,овсянников мыло жидкое купить,2,27
2026-09-09,овсянников мыло,Ростовская область,11029,control,DEVICE_ALL,nested,6,овсянников мыло купить,2,27
2026-09-09,овсянников мыло,Ростовская область,11029,control,DEVICE_ALL,nested,7,парфюмированное мыло овсянников,1,27
2026-09-09,овсянников мыло,Тульская область,10832,control,DEVICE_ALL,nested,1,овсянников мыло,2,2
