fetched_at,phrase,region_name,region_id,region_type,device,kind,rank,nested_phrase,count,total_count
2026-09-15,овсянников косметика,Тюменская область,11176,campaign,DEVICE_ALL,association,1,kosmetista,2,17
2026-09-15,овсянников косметика,Тюменская область,11176,campaign,DEVICE_ALL,association,2,эксфолиант что это,5,17
2026-09-15,овсянников косметика,Тюменская область,11176,campaign,DEVICE_ALL,association,3,эксфолиант это,7,17
2026-09-15,овсянников косметика,Тюменская область,11176,campaign,DEVICE_ALL,association,4,для чего нужен лосьон для лица,5,17
2026-09-15,овсянников косметика,Тюменская область,11176,campaign,DEVICE_ALL,association,5,косметическое масло,298,17
2026-09-15,овсянников косметика,Тюменская область,11176,campaign,DEVICE_ALL,association,6,что нужно для макияжа лица,42,17
2026-09-15,овсянников косметика,Тюменская область,11176,campaign,DEVICE_ALL,association,7,чем отмыть тональный крем с одежды,1,17
2026-09-15,овсянников косметика,Тюменская область,11176,campaign,DEVICE_ALL,association,8,средства для ухода за лицом bioderma,1,17
2026-09-15,овсянников косметика,Тюменская область,11176,campaign,DEVICE_ALL,association,9,эксфолиант что это такое,3,17
2026-09-15,овсянников косметика,Тюменская область,11176,campaign,DEVICE_ALL,association,10,средства для ухода за лицом,89,17
2026-09-15,овсянников косметика,Тюменская область,11176,campaign,DEVICE_ALL,association,11,косметические средства,207,17
2026-09-15,овсянников косметика,Тюменская область,11176,campaign,DEVICE_ALL,association,12,тональное средство,146,17
2026-09-15,овсянников косметика,Тюменская область,11176,campaign,DEVICE_ALL,association,13,что такое экзосомы в косметологии для лица,3,17
2026-09-15,овсянников косметика,Тюменская область,11176,campaign,DEVICE_ALL,association,14,косметическая основа,11,17
2026-09-15,овсянников косметика,Волгоградская область,10950,campaign,DEVICE_ALL,association,1,kosmetista,19,54
2026-09-15,овсянников косметика,Волгоградская область,10950,campaign,DEVICE_ALL,association,2,эксфолиант что это,36,54
2026-09-15,овсянников косметика,Волгоградская область,10950,campaign,DEVICE_ALL,association,3,эксфолиант это,47,54
2026-09-15,овсянников косметика,Волгоградская область,10950,campaign,DEVICE_ALL,association,4,для чего нужен лосьон для лица,10,54
2026-09-15,овсянников косметика,Волгоградская область,10950,campaign,DEVICE_ALL,association,5,косметическое масло,431,54
2026-09-15,овсянников косметика,Волгоградская область,10950,campaign,DEVICE_ALL,association,6,что нужно для макияжа лица,55,54
2026-09-15,овсянников косметика,Волгоградская область,10950,campaign,DEVICE_ALL,association,7,чем отмыть тональный крем с одежды,4,54
2026-09-15,овсянников косметика,Волгоградская область,10950,campaign,DEVICE_ALL,association,8,машнит косметикс,2,54
2026-09-15,овсянников косметика,Волгоградская область,10950,campaign,DEVICE_ALL,association,9,средства для ухода за лицом,172,54
2026-09-15,овсянников косметика,Волгоградская область,10950,campaign,DEVICE_ALL,association,10,косметические средства,346,54
2026-09-15,овсянников косметика,Волгоградская область,10950,campaign,DEVICE_ALL,association,11,aya cosmetics,9,54
2026-09-15,овсянников косметика,Волгоградская область,10950,campaign,DEVICE_ALL,association,12,тональное средство,155,54
2026-09-15,овсянников косметика,Волгоградская область,10950,campaign,DEVICE_ALL,association,13,что такое лосьон для лица,1,54
2026-09-15,овсянников косметика,Волгоградская область,10950,campaign,DEVICE_ALL,association,14,что такое экзосомы в косметологии для лица,1,54
2026-09-15,овсянников косметика,Волгоградская область,10950,campaign,DEVICE_ALL,association,15,косметическая основа,12,54
2026-09-15,овсянников косметика,Волгоградская область,10950,campaign,DEVICE_ALL,association,16,podonail cosmetics,2,54
2026-09-15,овсянников косметика,Воронежская область,10672,campaign,DEVICE_ALL,association,1,kosmetista,11,93
2026-09-15,овсянников косметика,Воронежская область,10672,campaign,DEVICE_ALL,association,2,эксфолиант что это,18,93
2026-09-15,овсянников косметика,Воронежская область,10672,campaign,DEVICE_ALL,association,3,эксфолиант это,26,93
2026-09-15,овсянников косметика,Воронежская область,10672,campaign,DEVICE_ALL,association,4,для чего нужен лосьон для лица,10,93
2026-09-15,овсянников косметика,Воронежская область,10672,campaign,DEVICE_ALL,association,5,косметическое масло,451,93
2026-09-15,овсянников косметика,Воронежская область,10672,campaign,DEVICE_ALL,association,6,что нужно для макияжа лица,36,93
2026-09-15,овсянников косметика,Воронежская область,10672,campaign,DEVICE_ALL,association,7,чем отмыть тональный крем с одежды,2,93
2026-09-15,овсянников косметика,Воронежская область,10672,campaign,DEVICE_ALL,association,8,средства для ухода за лицом bioderma,2,93
2026-09-15,овсянников косметика,Воронежская область,10672,campaign,DEVICE_ALL,association,9,kisy cosmetics,10,93
2026-09-15,овсянников косметика,Воронежская область,10672,campaign,DEVICE_ALL,association,10,эксфолиант что это такое,1,93
2026-09-15,овсянников косметика,Воронежская область,10672,campaign,DEVICE_ALL,association,11,машнит косметикс,2,93
2026-09-15,овсянников косметика,Воронежская область,10672,campaign,DEVICE_ALL,association,12,средства для ухода за лицом,206,93
2026-09-15,овсянников косметика,Воронежская область,10672,campaign,DEVICE_ALL,association,13,косметические средства,332,93
2026-09-15,овсянников косметика,Воронежская область,10672,campaign,DEVICE_ALL,association,14,aya cosmetics,4,93
2026-09-15,овсянников косметика,Воронежская область,10672,campaign,DEVICE_ALL,association,15,тональное средство,231,93
2026-09-15,овсянников косметика,Воронежская область,10672,campaign,DEVICE_ALL,association,16,что такое лосьон для лица,2,93
2026-09-15,овсянников косметика,Воронежская область,10672,campaign,DEVICE_ALL,association,17,косметическая основа,9,93
2026-09-15,овсянников косметика,Республика Мордовия,11117,campaign,DEVICE_ALL,association,1,эксфолиант что это,2,7
2026-09-15,овсянников косметика,Республика Мордовия,11117,campaign,DEVICE_ALL,association,2,эксфолиант это,4,7
2026-09-15,овсянников косметика,Республика Мордовия,11117,campaign,DEVICE_ALL,association,3,косметическое масло,82,7
2026-09-15,овсянников косметика,Республика Мордовия,11117,campaign,DEVICE_ALL,association,4,что нужно для макияжа лица,18,7
2026-09-15,овсянников косметика,Республика Мордовия,11117,campaign,DEVICE_ALL,association,5,kisy cosmetics,2,7
2026-09-15,овсянников косметика,Республика Мордовия,11117,campaign,DEVICE_ALL,association,6,эксфолиант что это такое,2,7
2026-09-15,овсянников косметика,Республика Мордовия,11117,campaign,DEVICE_ALL,association,7,средства для ухода за лицом,58,7
2026-09-15,овсянников косметика,Республика Мордовия,11117,campaign,DEVICE_ALL,association,8,косметические средства,93,7
2026-09-15,овсянников косметика,Республика Мордовия,11117,campaign,DEVICE_ALL,association,9,тональное средство,63,7
2026-09-15,овсянников косметика,Республика Мордовия,11117,campaign,DEVICE_ALL,association,10,косметическая основа,4,7
2026-09-15,овсянников косметика,Орловская область,10772,campaign,DEVICE_ALL,association,1,эксфолиант что это,2,3
2026-09-15,овсянников косметика,Орловская область,10772,campaign,DEVICE_ALL,association,2,эксфолиант это,7,3
2026-09-15,овсянников косметика,Орловская область,10772,campaign,DEVICE_ALL,association,3,косметическое масло,73,3
2026-09-15,овсянников косметика,Орловская область,10772,campaign,DEVICE_ALL,association,4,что нужно для макияжа лица,11,3
2026-09-15,овсянников косметика,Орловская область,10772,campaign,DEVICE_ALL,association,5,чем отмыть тональный крем с одежды,1,3
2026-09-15,овсянников косметика,Орловская область,10772,campaign,DEVICE_ALL,association,6,средства для ухода за лицом bioderma,1,3
2026-09-15,овсянников косметика,Орловская область,10772,campaign,DEVICE_ALL,association,7,машнит косметикс,1,3
2026-09-15,овсянников косметика,Орловская область,10772,campaign,DEVICE_ALL,association,8,средства для ухода за лицом,38,3
2026-09-15,овсянников косметика,Орловская область,10772,campaign,DEVICE_ALL,association,9,косметические средства,102,3
2026-09-15,овсянников косметика,Орловская область,10772,campaign,DEVICE_ALL,association,10,тональное средство,72,3
2026-09-15,овсянников косметика,Орловская область,10772,campaign,DEVICE_ALL,association,11,что такое экзосомы в косметологии для лица,2,3
2026-09-15,овсянников косметика,Орловская область,10772,campaign,DEVICE_ALL,association,12,косметическая основа,1,3
2026-09-15,овсянников косметика,Рязанская область,10776,campaign,DEVICE_ALL,association,1,kosmetista,14,23
2026-09-15,овсянников косметика,Рязанская область,10776,campaign,DEVICE_ALL,association,2,эксфолиант что это,12,23
2026-09-15,овсянников косметика,Рязанская область,10776,campaign,DEVICE_ALL,association,3,эксфолиант это,15,23
2026-09-15,овсянников косметика,Рязанская область,10776,campaign,DEVICE_ALL,association,4,для чего нужен лосьон для лица,1,23
2026-09-15,овсянников косметика,Рязанская область,10776,campaign,DEVICE_ALL,association,5,косметическое масло,236,23
2026-09-15,овсянников косметика,Рязанская область,10776,campaign,DEVICE_ALL,association,6,что нужно для макияжа лица,27,23
2026-09-15,овсянников косметика,Рязанская область,10776,campaign,DEVICE_ALL,association,7,эксфолиант что это такое,2,23
2026-09-15,овсянников косметика,Рязанская область,10776,campaign,DEVICE_ALL,association,8,средства для ухода за лицом,80,23
2026-09-15,овсянников косметика,Рязанская область,10776,campaign,DEVICE_ALL,association,9,косметические средства,150,23
2026-09-15,овсянников косметика,Рязанская область,10776,campaign,DEVICE_ALL,association,10,aya cosmetics,8,23
2026-09-15,овсянников косметика,Рязанская область,10776,campaign,DEVICE_ALL,association,11,тональное средство,73,23
2026-09-15,овсянников косметика,Рязанская область,10776,campaign,DEVICE_ALL,association,12,что такое лосьон для лица,3,23
2026-09-15,овсянников косметика,Рязанская область,10776,campaign,DEVICE_ALL,association,13,косметическая основа,20,23
2026-09-15,овсянников косметика,Рязанская область,10776,campaign,DEVICE_ALL,association,14,podonail cosmetics,2,23
2026-09-15,овсянников косметика,Ярославская область,10841,campaign,DEVICE_ALL,association,1,kosmetista,6,87
2026-09-15,овсянников косметика,Ярославская область,10841,campaign,DEVICE_ALL,association,2,эксфолиант что это,9,87
2026-09-15,овсянников косметика,Ярославская область,10841,campaign,DEVICE_ALL,association,3,эксфолиант это,15,87
2026-09-15,овсянников косметика,Ярославская область,10841,campaign,DEVICE_ALL,association,4,для чего нужен лосьон для лица,7,87
2026-09-15,овсянников косметика,Ярославская область,10841,campaign,DEVICE_ALL,association,5,косметическое масло,159,87
2026-09-15,овсянников косметика,Ярославская область,10841,campaign,DEVICE_ALL,association,6,что нужно для макияжа лица,27,87
2026-09-15,овсянников косметика,Ярославская область,10841,campaign,DEVICE_ALL,association,7,чем отмыть тональный крем с одежды,1,87
2026-09-15,овсянников косметика,Ярославская область,10841,campaign,DEVICE_ALL,association,8,эксфолиант что это такое,2,87
2026-09-15,овсянников косметика,Ярославская область,10841,campaign,DEVICE_ALL,association,9,средства для ухода за лицом,111,87
2026-09-15,овсянников косметика,Ярославская область,10841,campaign,DEVICE_ALL,association,10,косметические средства,197,87
2026-09-15,овсянников косметика,Ярославская область,10841,campaign,DEVICE_ALL,association,11,aya cosmetics,9,87
2026-09-15,овсянников косметика,Ярославская область,10841,campaign,DEVICE_ALL,association,12,тональное средство,132,87
2026-09-15,овсянников косметика,Ярославская область,10841,campaign,DEVICE_ALL,association,13,косметическая основа,17,87
2026-09-15,овсянников косметика,Костромская область,10699,campaign,DEVICE_ALL,association,1,эксфолиант это,3,32
2026-09-15,овсянников косметика,Костромская область,10699,campaign,DEVICE_ALL,association,2,косметическое масло,61,32
2026-09-15,овсянников косметика,Костромская область,10699,campaign,DEVICE_ALL,association,3,что нужно для макияжа лица,41,32
2026-09-15,овсянников косметика,Костромская область,10699,campaign,DEVICE_ALL,association,4,средства для ухода за лицом,32,32
2026-09-15,овсянников косметика,Костромская область,10699,campaign,DEVICE_ALL,association,5,косметические средства,82,32
2026-09-15,овсянников косметика,Костромская область,10699,campaign,DEVICE_ALL,association,6,aya cosmetics,1,32
2026-09-15,овсянников косметика,Костромская область,10699,campaign,DEVICE_ALL,association,7,тональное средство,26,32
2026-09-15,овсянников косметика,Костромская область,10699,campaign,DEVICE_ALL,association,8,косметическая основа,8,32
2026-09-15,овсянников косметика,Липецкая область,10712,campaign,DEVICE_ALL,association,1,kosmetista,53,5
2026-09-15,овсянников косметика,Липецкая область,10712,campaign,DEVICE_ALL,association,2,эксфолиант что это,1,5
2026-09-15,овсянников косметика,Липецкая область,10712,campaign,DEVICE_ALL,association,3,эксфолиант это,1,5
2026-09-15,овсянников косметика,Липецкая область,10712,campaign,DEVICE_ALL,association,4,косметическое масло,97,5
2026-09-15,овсянников косметика,Липецкая область,10712,campaign,DEVICE_ALL,association,5,что нужно для макияжа лица,46,5
2026-09-15,овсянников косметика,Липецкая область,10712,campaign,DEVICE_ALL,association,6,чем отмыть тональный крем с одежды,2,5
2026-09-15,овсянников косметика,Липецкая область,10712,campaign,DEVICE_ALL,association,7,kisy cosmetics,2,5
2026-09-15,овсянников косметика,Липецкая область,10712,campaign,DEVICE_ALL,association,8,эксфолиант что это такое,1,5
2026-09-15,овсянников косметика,Липецкая область,10712,campaign,DEVICE_ALL,association,9,машнит косметикс,1,5
2026-09-15,овсянников косметика,Липецкая область,10712,campaign,DEVICE_ALL,association,10,средства для ухода за лицом,96,5
2026-09-15,овсянников косметика,Липецкая область,10712,campaign,DEVICE_ALL,association,11,косметические средства,168,5
2026-09-15,овсянников косметика,Липецкая область,10712,campaign,DEVICE_ALL,association,12,тональное средство,76,5
2026-09-15,овсянников косметика,Липецкая область,10712,campaign,DEVICE_ALL,association,13,косметическая основа,8,5
2026-09-15,овсянников косметика,Республика Башкортостан,11111,campaign,DEVICE_ALL,association,1,kosmetista,37,7
2026-09-15,овсянников косметика,Республика Башкортостан,11111,campaign,DEVICE_ALL,association,2,эксфолиант что это,9,7
2026-09-15,овсянников косметика,Республика Башкортостан,11111,campaign,DEVICE_ALL,association,3,эксфолиант это,17,7
2026-09-15,овсянников косметика,Республика Башкортостан,11111,campaign,DEVICE_ALL,association,4,для чего нужен лосьон для лица,25,7
2026-09-15,овсянников косметика,Республика Башкортостан,11111,campaign,DEVICE_ALL,association,5,косметическое масло,487,7
2026-09-15,овсянников косметика,Республика Башкортостан,11111,campaign,DEVICE_ALL,association,6,что нужно для макияжа лица,75,7
2026-09-15,овсянников косметика,Республика Башкортостан,11111,campaign,DEVICE_ALL,association,7,чем отмыть тональный крем с одежды,8,7
2026-09-15,овсянников косметика,Республика Башкортостан,11111,campaign,DEVICE_ALL,association,8,средства для ухода за лицом bioderma,1,7
2026-09-15,овсянников косметика,Республика Башкортостан,11111,campaign,DEVICE_ALL,association,9,эксфолиант что это такое,7,7
2026-09-15,овсянников косметика,Республика Башкортостан,11111,campaign,DEVICE_ALL,association,10,машнит косметикс,9,7
2026-09-15,овсянников косметика,Республика Башкортостан,11111,campaign,DEVICE_ALL,association,11,средства для ухода за лицом,252,7
2026-09-15,овсянников косметика,Республика Башкортостан,11111,campaign,DEVICE_ALL,association,12,косметические средства,354,7
2026-09-15,овсянников косметика,Республика Башкортостан,11111,campaign,DEVICE_ALL,association,13,aya cosmetics,6,7
2026-09-15,овсянников косметика,Республика Башкортостан,11111,campaign,DEVICE_ALL,association,14,тональное средство,198,7
2026-09-15,овсянников косметика,Республика Башкортостан,11111,campaign,DEVICE_ALL,association,15,что такое лосьон для лица,7,7
2026-09-15,овсянников косметика,Республика Башкортостан,11111,campaign,DEVICE_ALL,association,16,косметическая основа,19,7
2026-09-15,овсянников косметика,Республика Башкортостан,11111,campaign,DEVICE_ALL,association,17,podonail cosmetics,2,7
2026-09-15,овсянников косметика,Новосибирская область,11316,campaign,DEVICE_ALL,association,1,kosmetista,6,53
2026-09-15,овсянников косметика,Новосибирская область,11316,campaign,DEVICE_ALL,association,2,эксфолиант что это,5,53
2026-09-15,овсянников косметика,Новосибирская область,11316,campaign,DEVICE_ALL,association,3,эксфолиант это,12,53
2026-09-15,овсянников косметика,Новосибирская область,11316,campaign,DEVICE_ALL,association,4,для чего нужен лосьон для лица,20,53
2026-09-15,овсянников косметика,Новосибирская область,11316,campaign,DEVICE_ALL,association,5,косметическое масло,411,53
2026-09-15,овсянников косметика,Новосибирская область,11316,campaign,DEVICE_ALL,association,6,что нужно для макияжа лица,72,53
2026-09-15,овсянников косметика,Новосибирская область,11316,campaign,DEVICE_ALL,association,7,kisy cosmetics,6,53
2026-09-15,овсянников косметика,Новосибирская область,11316,campaign,DEVICE_ALL,association,8,эксфолиант что это такое,3,53
2026-09-15,овсянников косметика,Новосибирская область,11316,campaign,DEVICE_ALL,association,9,машнит косметикс,4,53
2026-09-15,овсянников косметика,Новосибирская область,11316,campaign,DEVICE_ALL,association,10,средства для ухода за лицом,227,53
2026-09-15,овсянников косметика,Новосибирская область,11316,campaign,DEVICE_ALL,association,11,косметические средства,455,53
2026-09-15,овсянников косметика,Новосибирская область,11316,campaign,DEVICE_ALL,association,12,aya cosmetics,6,53
2026-09-15,овсянников косметика,Новосибирская область,11316,campaign,DEVICE_ALL,association,13,тональное средство,301,53
2026-09-15,овсянников косметика,Новосибирская область,11316,campaign,DEVICE_ALL,association,14,что такое экзосомы в косметологии для лица,1,53
2026-09-15,овсянников косметика,Новосибирская область,11316,campaign,DEVICE_ALL,association,15,косметическая основа,31,53
2026-09-15,овсянников косметика,Новосибирская область,11316,campaign,DEVICE_ALL,association,16,podonail cosmetics,2,53
2026-09-15,овсянников косметика,Саратовская область,11146,campaign,DEVICE_ALL,association,1,эксфолиант что это,12,45
2026-09-15,овсянников косметика,Саратовская область,11146,campaign,DEVICE_ALL,association,2,эксфолиант это,20,45
2026-09-15,овсянников косметика,Саратовская область,11146,campaign,DEVICE_ALL,association,3,для чего нужен лосьон для лица,10,45
2026-09-15,овсянников косметика,Саратовская область,11146,campaign,DEVICE_ALL,association,4,косметическое масло,334,45
2026-09-15,овсянников косметика,Саратовская область,11146,campaign,DEVICE_ALL,association,5,что нужно для макияжа лица,40,45
2026-09-15,овсянников косметика,Саратовская область,11146,campaign,DEVICE_ALL,association,6,чем отмыть тональный крем с одежды,1,45
2026-09-15,овсянников косметика,Саратовская область,11146,campaign,DEVICE_ALL,association,7,средства для ухода за лицом bioderma,1,45
2026-09-15,овсянников косметика,Саратовская область,11146,campaign,DEVICE_ALL,association,8,kisy cosmetics,5,45
2026-09-15,овсянников косметика,Саратовская область,11146,campaign,DEVICE_ALL,association,9,эксфолиант что это такое,4,45
2026-09-15,овсянников косметика,Саратовская область,11146,campaign,DEVICE_ALL,association,10,машнит косметикс,1,45
2026-09-15,овсянников косметика,Саратовская область,11146,campaign,DEVICE_ALL,association,11,средства для ухода за лицом,141,45
2026-09-15,овсянников косметика,Саратовская область,11146,campaign,DEVICE_ALL,association,12,косметические средства,221,45
2026-09-15,овсянников косметика,Саратовская область,11146,campaign,DEVICE_ALL,association,13,aya cosmetics,2,45
2026-09-15,овсянников косметика,Саратовская область,11146,campaign,DEVICE_ALL,association,14,тональное средство,142,45
2026-09-15,овсянников косметика,Саратовская область,11146,campaign,DEVICE_ALL,association,15,что такое лосьон для лица,4,45
2026-09-15,овсянников косметика,Саратовская область,11146,campaign,DEVICE_ALL,association,16,косметическая основа,13,45
2026-09-15,овсянников косметика,Саратовская область,11146,campaign,DEVICE_ALL,association,17,podonail cosmetics,3,45
2026-09-15,овсянников косметика,Томская область,11353,campaign,DEVICE_ALL,association,1,эксфолиант что это,1,13
2026-09-15,овсянников косметика,Томская область,11353,campaign,DEVICE_ALL,association,2,эксфолиант это,3,13
2026-09-15,овсянников косметика,Томская область,11353,campaign,DEVICE_ALL,association,3,для чего нужен лосьон для лица,4,13
2026-09-15,овсянников косметика,Томская область,11353,campaign,DEVICE_ALL,association,4,косметическое масло,125,13
2026-09-15,овсянников косметика,Томская область,11353,campaign,DEVICE_ALL,association,5,что нужно для макияжа лица,8,13
2026-09-15,овсянников косметика,Томская область,11353,campaign,DEVICE_ALL,association,6,средства для ухода за лицом,45,13
2026-09-15,овсянников косметика,Томская область,11353,campaign,DEVICE_ALL,association,7,косметические средства,122,13
2026-09-15,овсянников косметика,Томская область,11353,campaign,DEVICE_ALL,association,8,тональное средство,49,13
2026-09-15,овсянников косметика,Томская область,11353,campaign,DEVICE_ALL,association,9,косметическая основа,7,13
2026-09-15,овсянников косметика,Вологодская область,10853,campaign,DEVICE_ALL,association,1,kosmetista,1,9
2026-09-15,овсянников косметика,Вологодская область,10853,campaign,DEVICE_ALL,association,2,эксфолиант что это,6,9
2026-09-15,овсянников косметика,Вологодская область,10853,campaign,DEVICE_ALL,association,3,эксфолиант это,11,9
2026-09-15,овсянников косметика,Вологодская область,10853,campaign,DEVICE_ALL,association,4,для чего нужен лосьон для лица,3,9
2026-09-15,овсянников косметика,Вологодская область,10853,campaign,DEVICE_ALL,association,5,косметическое масло,191,9
2026-09-15,овсянников косметика,Вологодская область,10853,campaign,DEVICE_ALL,association,6,что нужно для макияжа лица,26,9
2026-09-15,овсянников косметика,Вологодская область,10853,campaign,DEVICE_ALL,association,7,чем отмыть тональный крем с одежды,5,9
2026-09-15,овсянников косметика,Вологодская область,10853,campaign,DEVICE_ALL,association,8,средства для ухода за лицом bioderma,6,9
2026-09-15,овсянников косметика,Вологодская область,10853,campaign,DEVICE_ALL,association,9,kisy cosmetics,4,9
2026-09-15,овсянников косметика,Вологодская область,10853,campaign,DEVICE_ALL,association,10,эксфолиант что это такое,1,9
2026-09-15,овсянников косметика,Вологодская область,10853,campaign,DEVICE_ALL,association,11,машнит косметикс,2,9
2026-09-15,овсянников косметика,Вологодская область,10853,campaign,DEVICE_ALL,association,12,средства для ухода за лицом,101,9
2026-09-15,овсянников косметика,Вологодская область,10853,campaign,DEVICE_ALL,association,13,косметические средства,178,9
2026-09-15,овсянников косметика,Вологодская область,10853,campaign,DEVICE_ALL,association,14,тональное средство,90,9
2026-09-15,овсянников косметика,Вологодская область,10853,campaign,DEVICE_ALL,association,15,что такое лосьон для лица,2,9
2026-09-15,овсянников косметика,Вологодская область,10853,campaign,DEVICE_ALL,association,16,косметическая основа,11,9
2026-09-15,овсянников косметика,Алтайский край,11235,campaign,DEVICE_ALL,association,1,kosmetista,1,6
2026-09-15,овсянников косметика,Алтайский край,11235,campaign,DEVICE_ALL,association,2,эксфолиант что это,4,6
2026-09-15,овсянников косметика,Алтайский край,11235,campaign,DEVICE_ALL,association,3,эксфолиант это,9,6
2026-09-15,овсянников косметика,Алтайский край,11235,campaign,DEVICE_ALL,association,4,для чего нужен лосьон для лица,1,6
2026-09-15,овсянников косметика,Алтайский край,11235,campaign,DEVICE_ALL,association,5,косметическое масло,225,6
2026-09-15,овсянников косметика,Алтайский край,11235,campaign,DEVICE_ALL,association,6,что нужно для макияжа лица,34,6
2026-09-15,овсянников косметика,Алтайский край,11235,campaign,DEVICE_ALL,association,7,эксфолиант что это такое,1,6
2026-09-15,овсянников косметика,Алтайский край,11235,campaign,DEVICE_ALL,association,8,машнит косметикс,2,6
2026-09-15,овсянников косметика,Алтайский край,11235,campaign,DEVICE_ALL,association,9,средства для ухода за лицом,78,6
2026-09-15,овсянников косметика,Алтайский край,11235,campaign,DEVICE_ALL,association,10,косметические средства,246,6
2026-09-15,овсянников косметика,Алтайский край,11235,campaign,DEVICE_ALL,association,11,aya cosmetics,2,6
2026-09-15,овсянников косметика,Алтайский край,11235,campaign,DEVICE_ALL,association,12,тональное средство,122,6
2026-09-15,овсянников косметика,Алтайский край,11235,campaign,DEVICE_ALL,association,13,что такое лосьон для лица,2,6
2026-09-15,овсянников косметика,Алтайский край,11235,campaign,DEVICE_ALL,association,14,косметическая основа,21,6
2026-09-15,овсянников косметика,Ивановская область,10687,campaign,DEVICE_ALL,association,1,kosmetista,2,14
2026-09-15,овсянников косметика,Ивановская область,10687,campaign,DEVICE_ALL,association,2,эксфолиант что это,6,14
2026-09-15,овсянников косметика,Ивановская область,10687,campaign,DEVICE_ALL,association,3,эксфолиант это,14,14
2026-09-15,овсянников косметика,Ивановская область,10687,campaign,DEVICE_ALL,association,4,косметическое масло,178,14
2026-09-15,овсянников косметика,Ивановская область,10687,campaign,DEVICE_ALL,association,5,что нужно для макияжа лица,27,14
2026-09-15,овсянников косметика,Ивановская область,10687,campaign,DEVICE_ALL,association,6,чем отмыть тональный крем с одежды,4,14
2026-09-15,овсянников косметика,Ивановская область,10687,campaign,DEVICE_ALL,association,7,средства для ухода за лицом bioderma,1,14
2026-09-15,овсянников косметика,Ивановская область,10687,campaign,DEVICE_ALL,association,8,средства для ухода за лицом,35,14
2026-09-15,овсянников косметика,Ивановская область,10687,campaign,DEVICE_ALL,association,9,косметические средства,160,14
2026-09-15,овсянников косметика,Ивановская область,10687,campaign,DEVICE_ALL,association,10,тональное средство,93,14
2026-09-15,овсянников косметика,Ивановская область,10687,campaign,DEVICE_ALL,association,11,косметическая основа,3,14
2026-09-15,овсянников косметика,Астраханская область,10946,control,DEVICE_ALL,association,1,эксфолиант что это,3,2
2026-09-15,овсянников косметика,Астраханская область,10946,control,DEVICE_ALL,association,2,эксфолиант это,7,2
2026-09-15,овсянников косметика,Астраханская область,10946,control,DEVICE_ALL,association,3,косметическое масло,127,2
2026-09-15,овсянников косметика,Астраханская область,10946,control,DEVICE_ALL,association,4,что нужно для макияжа лица,14,2
2026-09-15,овсянников косметика,Астраханская область,10946,control,DEVICE_ALL,association,5,чем отмыть тональный крем с одежды,2,2
2026-09-15,овсянников косметика,Астраханская область,10946,control,DEVICE_ALL,association,6,машнит косметикс,5,2
2026-09-15,овсянников косметика,Астраханская область,10946,control,DEVICE_ALL,association,7,средства для ухода за лицом,44,2
2026-09-15,овсянников косметика,Астраханская область,10946,control,DEVICE_ALL,association,8,косметические средства,88,2
2026-09-15,овсянников косметика,Астраханская область,10946,control,DEVICE_ALL,association,9,тональное средство,66,2
2026-09-15,овсянников косметика,Астраханская область,10946,control,DEVICE_ALL,association,10,косметическая основа,4,2
2026-09-15,овсянников косметика,Кировская область,11070,control,DEVICE_ALL,association,1,kosmetista,1,2
2026-09-15,овсянников косметика,Кировская область,11070,control,DEVICE_ALL,association,2,эксфолиант что это,10,2
2026-09-15,овсянников косметика,Кировская область,11070,control,DEVICE_ALL,association,3,эксфолиант это,10,2
2026-09-15,овсянников косметика,Кировская область,11070,control,DEVICE_ALL,association,4,для чего нужен лосьон для лица,5,2
2026-09-15,овсянников косметика,Кировская область,11070,control,DEVICE_ALL,association,5,косметическое масло,115,2
2026-09-15,овсянников косметика,Кировская область,11070,control,DEVICE_ALL,association,6,что нужно для макияжа лица,30,2
2026-09-15,овсянников косметика,Кировская область,11070,control,DEVICE_ALL,association,7,эксфолиант что это такое,1,2
2026-09-15,овсянников косметика,Кировская область,11070,control,DEVICE_ALL,association,8,средства для ухода за лицом,80,2
2026-09-15,овсянников косметика,Кировская область,11070,control,DEVICE_ALL,association,9,косметические средства,180,2
2026-09-15,овсянников косметика,Кировская область,11070,control,DEVICE_ALL,association,10,aya cosmetics,9,2
2026-09-15,овсянников косметика,Кировская область,11070,control,DEVICE_ALL,association,11,тональное средство,56,2
2026-09-15,овсянников косметика,Кировская область,11070,control,DEVICE_ALL,association,12,что такое лосьон для лица,2,2
2026-09-15,овсянников косметика,Кировская область,11070,control,DEVICE_ALL,association,13,косметическая основа,7,2
2026-09-15,овсянников косметика,Кировская область,11070,control,DEVICE_ALL,association,14,podonail cosmetics,13,2
2026-09-15,овсянников косметика,Пензенская область,11095,control,DEVICE_ALL,association,1,kosmetista,2,6
2026-09-15,овсянников косметика,Пензенская область,11095,control,DEVICE_ALL,association,2,эксфолиант что это,7,6
2026-09-15,овсянников косметика,Пензенская область,11095,control,DEVICE_ALL,association,3,эксфолиант это,13,6
2026-09-15,овсянников косметика,Пензенская область,11095,control,DEVICE_ALL,association,4,для чего нужен лосьон для лица,2,6
2026-09-15,овсянников косметика,Пензенская область,11095,control,DEVICE_ALL,association,5,косметическое масло,176,6
2026-09-15,овсянников косметика,Пензенская область,11095,control,DEVICE_ALL,association,6,что нужно для макияжа лица,32,6
2026-09-15,овсянников косметика,Пензенская область,11095,control,DEVICE_ALL,association,7,чем отмыть тональный крем с одежды,4,6
2026-09-15,овсянников косметика,Пензенская область,11095,control,DEVICE_ALL,association,8,эксфолиант что это такое,3,6
2026-09-15,овсянников косметика,Пензенская область,11095,control,DEVICE_ALL,association,9,средства для ухода за лицом,68,6
2026-09-15,овсянников косметика,Пензенская область,11095,control,DEVICE_ALL,association,10,косметические средства,194,6
2026-09-15,овсянников косметика,Пензенская область,11095,control,DEVICE_ALL,association,11,тональное средство,169,6
2026-09-15,овсянников косметика,Пензенская область,11095,control,DEVICE_ALL,association,12,что такое лосьон для лица,2,6
2026-09-15,овсянников косметика,Пензенская область,11095,control,DEVICE_ALL,association,13,косметическая основа,2,6
2026-09-15,овсянников косметика,Ростовская область,11029,control,DEVICE_ALL,association,1,kosmetista,6,17
2026-09-15,овсянников косметика,Ростовская область,11029,control,DEVICE_ALL,association,2,эксфолиант что это,26,17
2026-09-15,овсянников косметика,Ростовская область,11029,control,DEVICE_ALL,association,3,эксфолиант это,33,17
2026-09-15,овсянников косметика,Ростовская область,11029,control,DEVICE_ALL,association,4,для чего нужен лосьон для лица,14,17
2026-09-15,овсянников косметика,Ростовская область,11029,control,DEVICE_ALL,association,5,косметическое масло,762,17
2026-09-15,овсянников косметика,Ростовская область,11029,control,DEVICE_ALL,association,6,что нужно для макияжа лица,101,17
2026-09-15,овсянников косметика,Ростовская область,11029,control,DEVICE_ALL,association,7,чем отмыть тональный крем с одежды,5,17
2026-09-15,овсянников косметика,Ростовская область,11029,control,DEVICE_ALL,association,8,средства для ухода за лицом bioderma,1,17
2026-09-15,овсянников косметика,Ростовская область,11029,control,DEVICE_ALL,association,9,kisy cosmetics,6,17
2026-09-15,овсянников косметика,Ростовская область,11029,control,DEVICE_ALL,association,10,эксфолиант что это такое,9,17
2026-09-15,овсянников косметика,Ростовская область,11029,control,DEVICE_ALL,association,11,машнит косметикс,6,17
2026-09-15,овсянников косметика,Ростовская область,11029,control,DEVICE_ALL,association,12,средства для ухода за лицом,296,17
2026-09-15,овсянников косметика,Ростовская область,11029,control,DEVICE_ALL,association,13,косметические средства,682,17
2026-09-15,овсянников косметика,Ростовская область,11029,control,DEVICE_ALL,association,14,тональное средство,392,17
2026-09-15,овсянников косметика,Ростовская область,11029,control,DEVICE_ALL,association,15,что такое экзосомы в косметологии для лица,1,17
2026-09-15,овсянников косметика,Ростовская область,11029,control,DEVICE_ALL,association,16,косметическая основа,42,17
2026-09-15,овсянников косметика,Ростовская область,11029,control,DEVICE_ALL,association,17,podonail cosmetics,2,17
2026-09-15,овсянников косметика,Тульская область,10832,control,DEVICE_ALL,association,1,kosmetista,2,7
2026-09-15,овсянников косметика,Тульская область,10832,control,DEVICE_ALL,association,2,эксфолиант что это,4,7
2026-09-15,овсянников косметика,Тульская область,10832,control,DEVICE_ALL,association,3,эксфолиант это,6,7
2026-09-15,овсянников косметика,Тульская область,10832,control,DEVICE_ALL,association,4,для чего нужен лосьон для лица,5,7
2026-09-15,овсянников косметика,Тульская область,10832,control,DEVICE_ALL,association,5,косметическое масло,227,7
2026-09-15,овсянников косметика,Тульская область,10832,control,DEVICE_ALL,association,6,что нужно для макияжа лица,24,7
2026-09-15,овсянников косметика,Тульская область,10832,control,DEVICE_ALL,association,7,эксфолиант что это такое,2,7
2026-09-15,овсянников косметика,Тульская область,10832,control,DEVICE_ALL,association,8,средства для ухода за лицом,122,7
2026-09-15,овсянников косметика,Тульская область,10832,control,DEVICE_ALL,association,9,косметические средства,254,7
2026-09-15,овсянников косметика,Тульская область,10832,control,DEVICE_ALL,association,10,тональное средство,107,7
2026-09-15,овсянников косметика,Тульская область,10832,control,DEVICE_ALL,association,11,что такое лосьон для лица,2,7
2026-09-15,овсянников косметика,Тульская область,10832,control,DEVICE_ALL,association,12,косметическая основа,4,7
2026-09-15,овсянников косметика,Тюменская область,11176,campaign,DEVICE_ALL,nested,1,овсянников косметика,17,17
2026-09-15,овсянников косметика,Тюменская область,11176,campaign,DEVICE_ALL,nested,2,овсянников косметика официальный,1,17
2026-09-15,овсянников косметика,Тюменская область,11176,campaign,DEVICE_ALL,nested,3,овсянников косметика официальный сайт,1,17
2026-09-15,овсянников косметика,Тюменская область,11176,campaign,DEVICE_ALL,nested,4,овсянников косметика отзывы,1,17
2026-09-15,овсянников косметика,Волгоградская область,10950,campaign,DEVICE_ALL,nested,1,овсянников косметика,54,54
2026-09-15,овсянников косметика,Волгоградская область,10950,campaign,DEVICE_ALL,nested,2,овсянников косметика официальный,12,54
2026-09-15,овсянников косметика,Волгоградская область,10950,campaign,DEVICE_ALL,nested,3,овсянников косметика официальный сайт,12,54
2026-09-15,овсянников косметика,Волгоградская область,10950,campaign,DEVICE_ALL,nested,4,овсянников косметика где производят,4,54
2026-09-15,овсянников косметика,Волгоградская область,10950,campaign,DEVICE_ALL,nested,5,овсянников косметика и парфюмерия,2,54
2026-09-15,овсянников косметика,Волгоградская область,10950,campaign,DEVICE_ALL,nested,6,овсянников косметика бесплатно,2,54
2026-09-15,овсянников косметика,Воронежская область,10672,campaign,DEVICE_ALL,nested,1,овсянников косметика,93,93
2026-09-15,овсянников косметика,Воронежская область,10672,campaign,DEVICE_ALL,nested,2,овсянников косметика и парфюмерия,21,93
2026-09-15,овсянников косметика,Воронежская область,10672,campaign,DEVICE_ALL,nested,3,российская косметика овсянников,16,93
2026-09-15,овсянников косметика,Воронежская область,10672,campaign,DEVICE_ALL,nested,4,овсянников косметика официальный,12,93
2026-09-15,овсянников косметика,Воронежская область,10672,campaign,DEVICE_ALL,nested,5,овсянников косметика официальный сайт,7,93
2026-09-15,овсянников косметика,Воронежская область,10672,campaign,DEVICE_ALL,nested,6,косметика для бизнеса овсянников,4,93
2026-09-15,овсянников косметика,Воронежская область,10672,campaign,DEVICE_ALL,nested,7,овсянников косметика бесплатно,3,93
2026-09-15,овсянников косметика,Воронежская область,10672,campaign,DEVICE_ALL,nested,8,овсянников бренд косметики,2,93
2026-09-15,овсянников косметика,Воронежская область,10672,campaign,DEVICE_ALL,nested,9,овсянников косметика и парфюмерия официальный,2,93
2026-09-15,овсянников косметика,Воронежская область,10672,campaign,DEVICE_ALL,nested,10,овсянников косметика и парфюмерия официальный сайт,2,93
2026-09-15,овсянников косметика,Республика Мордовия,11117,campaign,DEVICE_ALL,nested,1,овсянников косметика,7,7
2026-09-15,овсянников косметика,Республика Мордовия,11117,campaign,DEVICE_ALL,nested,2,овсянников косметика официальный,1,7
2026-09-15,овсянников косметика,Республика Мордовия,11117,campaign,DEVICE_ALL,nested,3,овсянников косметика официальный сайт,1,7
2026-09-15,овсянников косметика,Орловская область,10772,campaign,DEVICE_ALL,nested,1,овсянников косметика,3,3
2026-09-15,овсянников косметика,Рязанская область,10776,campaign,DEVICE_ALL,nested,1,овсянников косметика,23,23
2026-09-15,овсянников косметика,Рязанская область,10776,campaign,DEVICE_ALL,nested,2,овсянников косметика и парфюмерия,4,23
2026-09-15,овсянников косметика,Рязанская область,10776,campaign,DEVICE_ALL,nested,3,овсянников бренд косметики,2,23
2026-09-15,овсянников косметика,Ярославская область,10841,campaign,DEVICE_ALL,nested,1,овсянников косметика,87,87
2026-09-15,овсянников косметика,Ярославская область,10841,campaign,DEVICE_ALL,nested,2,овсянников косметика официальный,14,87
2026-09-15,овсянников косметика,Ярославская область,10841,campaign,DEVICE_ALL,nested,3,овсянников косметика официальный сайт,14,87
2026-09-15,овсянников косметика,Ярославская область,10841,campaign,DEVICE_ALL,nested,4,овсянников косметика и парфюмерия,11,87
2026-09-15,овсянников косметика,Ярославская область,10841,campaign,DEVICE_ALL,nested,5,овсянников косметика бесплатно,5,87
2026-09-15,овсянников косметика,Ярославская область,10841,campaign,DEVICE_ALL,nested,6,овсянников косметика и парфюмерия официальный,3,87
2026-09-15,овсянников косметика,Ярославская область,10841,campaign,DEVICE_ALL,nested,7,овсянников косметика и парфюмерия официальный сайт,3,87
2026-09-15,овсянников косметика,Ярославская область,10841,campaign,DEVICE_ALL,nested,8,российская косметика овсянников,3,87
2026-09-15,овсянников косметика,Ярославская область,10841,campaign,DEVICE_ALL,nested,9,косметика для бизнеса овсянников,2,87
2026-09-15,овсянников косметика,Ярославская область,10841,campaign,DEVICE_ALL,nested,10,овсянников бренд косметики,2,87
2026-09-15,овсянников косметика,Костромская область,10699,campaign,DEVICE_ALL,nested,1,овсянников косметика,32,32
2026-09-15,овсянников косметика,Костромская область,10699,campaign,DEVICE_ALL,nested,2,овсянников косметика официальный,5,32
2026-09-15,овсянников косметика,Костромская область,10699,campaign,DEVICE_ALL,nested,3,овсянников косметика официальный сайт,5,32
2026-09-15,овсянников косметика,Костромская область,10699,campaign,DEVICE_ALL,nested,4,овсянников косметика отзывы,4,32
2026-09-15,овсянников косметика,Костромская область,10699,campaign,DEVICE_ALL,nested,5,овсянников косметика и парфюмерия,2,32
2026-09-15,овсянников косметика,Костромская область,10699,campaign,DEVICE_ALL,nested,6,овсянников косметика и парфюмерия официальный,2,32
2026-09-15,овсянников косметика,Костромская область,10699,campaign,DEVICE_ALL,nested,7,овсянников косметика и парфюмерия официальный сайт,2,32
2026-09-15,овсянников косметика,Костромская область,10699,campaign,DEVICE_ALL,nested,8,косметика для бизнеса овсянников,1,32
2026-09-15,овсянников косметика,Костромская область,10699,campaign,DEVICE_ALL,nested,9,российская косметика овсянников,1,32
2026-09-15,овсянников косметика,Костромская область,10699,campaign,DEVICE_ALL,nested,10,овсянников бренд косметики,1,32
2026-09-15,овсянников косметика,Липецкая область,10712,campaign,DEVICE_ALL,nested,1,овсянников косметика,5,5
2026-09-15,овсянников косметика,Липецкая область,10712,campaign,DEVICE_ALL,nested,2,овсянников косметика где производят,1,5
2026-09-15,овсянников косметика,Республика Башкортостан,11111,campaign,DEVICE_ALL,nested,1,овсянников косметика,7,7
2026-09-15,овсянников косметика,Республика Башкортостан,11111,campaign,DEVICE_ALL,nested,2,овсянников косметика бесплатно,4,7
2026-09-15,овсянников косметика,Республика Башкортостан,11111,campaign,DEVICE_ALL,nested,3,овсянников косметика официальный,1,7
2026-09-15,овсянников косметика,Республика Башкортостан,11111,campaign,DEVICE_ALL,nested,4,овсянников косметика официальный сайт,1,7
2026-09-15,овсянников косметика,Новосибирская область,11316,campaign,DEVICE_ALL,nested,1,овсянников косметика,53,53
2026-09-15,овсянников косметика,Новосибирская область,11316,campaign,DEVICE_ALL,nested,2,овсянников косметика бесплатно,8,53
2026-09-15,овсянников косметика,Новосибирская область,11316,campaign,DEVICE_ALL,nested,3,овсянников косметика официальный,6,53
2026-09-15,овсянников косметика,Новосибирская область,11316,campaign,DEVICE_ALL,nested,4,овсянников косметика официальный сайт,5,53
2026-09-15,овсянников косметика,Новосибирская область,11316,campaign,DEVICE_ALL,nested,5,овсянников косметика и парфюмерия,5,53
2026-09-15,овсянников косметика,Саратовская область,11146,campaign,DEVICE_ALL,nested,1,овсянников косметика,45,45
2026-09-15,овсянников косметика,Саратовская область,11146,campaign,DEVICE_ALL,nested,2,овсянников косметика официальный,6,45
2026-09-15,овсянников косметика,Саратовская область,11146,campaign,DEVICE_ALL,nested,3,овсянников косметика официальный сайт,6,45
2026-09-15,овсянников косметика,Саратовская область,11146,campaign,DEVICE_ALL,nested,4,овсянников косметика и парфюмерия,2,45
2026-09-15,овсянников косметика,Саратовская область,11146,campaign,DEVICE_ALL,nested,5,овсянников косметика и парфюмерия официальный,2,45
2026-09-15,овсянников косметика,Саратовская область,11146,campaign,DEVICE_ALL,nested,6,овсянников косметика и парфюмерия официальный сайт,2,45
2026-09-15,овсянников косметика,Саратовская область,11146,campaign,DEVICE_ALL,nested,7,овсянников косметика бесплатно,1,45
2026-09-15,овсянников косметика,Томская область,11353,campaign,DEVICE_ALL,nested,1,овсянников косметика,13,13
2026-09-15,овсянников косметика,Томская область,11353,campaign,DEVICE_ALL,nested,2,овсянников косметика официальный,1,13
2026-09-15,овсянников косметика,Томская область,11353,campaign,DEVICE_ALL,nested,3,овсянников косметика официальный сайт,1,13
2026-09-15,овсянников косметика,Вологодская область,10853,campaign,DEVICE_ALL,nested,1,овсянников косметика,9,9
2026-09-15,овсянников косметика,Вологодская область,10853,campaign,DEVICE_ALL,nested,2,овсянников косметика официальный,2,9
2026-09-15,овсянников косметика,Вологодская область,10853,campaign,DEVICE_ALL,nested,3,овсянников косметика официальный сайт,2,9
2026-09-15,овсянников косметика,Алтайский край,11235,campaign,DEVICE_ALL,nested,1,овсянников косметика,6,6
2026-09-15,овсянников косметика,Ивановская область,10687,campaign,DEVICE_ALL,nested,1,овсянников косметика,14,14
2026-09-15,овсянников косметика,Ивановская область,10687,campaign,DEVICE_ALL,nested,2,овсянников косметика и парфюмерия,1,14
2026-09-15,овсянников косметика,Астраханская область,10946,control,DEVICE_ALL,nested,1,овсянников косметика,2,2
2026-09-15,овсянников косметика,Кировская область,11070,control,DEVICE_ALL,nested,1,овсянников косметика,2,2
2026-09-15,овсянников косметика,Кировская область,11070,control,DEVICE_ALL,nested,2,овсянников парфюмированная косметика,2,2
2026-09-15,овсянников косметика,Пензенская область,11095,control,DEVICE_ALL,nested,1,овсянников косметика,6,6
2026-09-15,овсянников косметика,Ростовская область,11029,control,DEVICE_ALL,nested,1,овсянников косметика,17,17
2026-09-15,овсянников косметика,Ростовская область,11029,control,DEVICE_ALL,nested,2,овсянников парфюмированная косметика,1,17
2026-09-15,овсянников косметика,Тульская область,10832,control,DEVICE_ALL,nested,1,овсянников косметика,7,7
2026-09-15,овсянников косметика,Тульская область,10832,control,DEVICE_ALL,nested,2,империя косметики овсянников,1,7
2026-09-15,овсянников косметика,Тульская область,10832,control,DEVICE_ALL,nested,3,овсянников косметика официальный,1,7
2026-09-15,овсянников косметика,Тульская область,10832,control,DEVICE_ALL,nested,4,овсянников косметика официальный сайт,1,7
2026-09-15,овсянников купить,Тюменская область,11176,campaign,DEVICE_ALL,association,1,приобрести как пишется,91,8
2026-09-15,овсянников купить,Тюменская область,11176,campaign,DEVICE_ALL,association,2,купля продажа,12931,8
2026-09-15,овсянников купить,Тюменская область,11176,campaign,DEVICE_ALL,association,3,изт маркет,11,8
2026-09-15,овсянников купить,Тюменская область,11176,campaign,DEVICE_ALL,association,4,b2b продажи это,23,8
2026-09-15,овсянников купить,Тюменская область,11176,campaign,DEVICE_ALL,association,5,я покупаю,1394,8
2026-09-15,овсянников купить,Тюменская область,11176,campaign,DEVICE_ALL,association,6,моя цена,1322,8
2026-09-15,овсянников купить,Тюменская область,11176,campaign,DEVICE_ALL,association,7,b2b продажи что это,19,8
2026-09-15,овсянников купить,Тюменская область,11176,campaign,DEVICE_ALL,association,8,отдел продаж,858,8
2026-09-15,овсянников купить,Тюменская область,11176,campaign,DEVICE_ALL,association,9,какие монеты ценятся сейчас и их цена,6,8
2026-09-15,овсянников купить,Тюменская область,11176,campaign,DEVICE_ALL,association,10,наши цены,191,8
2026-09-15,овсянников купить,Тюменская область,11176,campaign,DEVICE_ALL,association,11,ты знаешь себе цену ты бесценна,7,8
2026-09-15,овсянников купить,Тюменская область,11176,campaign,DEVICE_ALL,association,12,мои покупки,188,8
2026-09-15,овсянников купить,Тюменская область,11176,campaign,DEVICE_ALL,association,13,b2c продажи что это,13,8
2026-09-15,овсянников купить,Тюменская область,11176,campaign,DEVICE_ALL,association,14,розничная цена это,26,8
2026-09-15,овсянников купить,Волгоградская область,10950,campaign,DEVICE_ALL,association,1,приобрести как пишется,114,20
2026-09-15,овсянников купить,Волгоградская область,10950,campaign,DEVICE_ALL,association,2,купля продажа,16539,20
2026-09-15,овсянников купить,Волгоградская область,10950,campaign,DEVICE_ALL,association,3,изт маркет,9,20
2026-09-15,овсянников купить,Волгоградская область,10950,campaign,DEVICE_ALL,association,4,b2b продажи это,24,20
2026-09-15,овсянников купить,Волгоградская область,10950,campaign,DEVICE_ALL,association,5,я покупаю,1962,20
2026-09-15,овсянников купить,Волгоградская область,10950,campaign,DEVICE_ALL,association,6,моя цена,2553,20
2026-09-15,овсянников купить,Волгоградская область,10950,campaign,DEVICE_ALL,association,7,b2b продажи что это,21,20
2026-09-15,овсянников купить,Волгоградская область,10950,campaign,DEVICE_ALL,association,8,отдел продаж,1307,20
2026-09-15,овсянников купить,Волгоградская область,10950,campaign,DEVICE_ALL,association,9,какие монеты ценятся сейчас и их цена,23,20
2026-09-15,овсянников купить,Волгоградская область,10950,campaign,DEVICE_ALL,association,10,наши цены,504,20
2026-09-15,овсянников купить,Волгоградская область,10950,campaign,DEVICE_ALL,association,11,ты знаешь себе цену ты бесценна,5,20
2026-09-15,овсянников купить,Волгоградская область,10950,campaign,DEVICE_ALL,association,12,мои покупки,295,20
2026-09-15,овсянников купить,Волгоградская область,10950,campaign,DEVICE_ALL,association,13,b2c продажи что это,6,20
2026-09-15,овсянников купить,Волгоградская область,10950,campaign,DEVICE_ALL,association,14,розничная цена это,24,20
2026-09-15,овсянников купить,Воронежская область,10672,campaign,DEVICE_ALL,association,1,приобрести как пишется,180,6
2026-09-15,овсянников купить,Воронежская область,10672,campaign,DEVICE_ALL,association,2,купля продажа,18225,6
2026-09-15,овсянников купить,Воронежская область,10672,campaign,DEVICE_ALL,association,3,изт маркет,6,6
2026-09-15,овсянников купить,Воронежская область,10672,campaign,DEVICE_ALL,association,4,b2b продажи это,42,6
2026-09-15,овсянников купить,Воронежская область,10672,campaign,DEVICE_ALL,association,5,я покупаю,2093,6
2026-09-15,овсянников купить,Воронежская область,10672,campaign,DEVICE_ALL,association,6,моя цена,2128,6
2026-09-15,овсянников купить,Воронежская область,10672,campaign,DEVICE_ALL,association,7,b2b продажи что это,35,6
2026-09-15,овсянников купить,Воронежская область,10672,campaign,DEVICE_ALL,association,8,отдел продаж,1817,6
2026-09-15,овсянников купить,Воронежская область,10672,campaign,DEVICE_ALL,association,9,какие монеты ценятся сейчас и их цена,8,6
2026-09-15,овсянников купить,Воронежская область,10672,campaign,DEVICE_ALL,association,10,наши цены,345,6
2026-09-15,овсянников купить,Воронежская область,10672,campaign,DEVICE_ALL,association,11,ты знаешь себе цену ты бесценна,17,6
2026-09-15,овсянников купить,Воронежская область,10672,campaign,DEVICE_ALL,association,12,мои покупки,330,6
2026-09-15,овсянников купить,Воронежская область,10672,campaign,DEVICE_ALL,association,13,b2c продажи что это,16,6
2026-09-15,овсянников купить,Воронежская область,10672,campaign,DEVICE_ALL,association,14,розничная цена это,21,6
2026-09-15,овсянников купить,Орловская область,10772,campaign,DEVICE_ALL,association,1,приобрести как пишется,51,136
2026-09-15,овсянников купить,Орловская область,10772,campaign,DEVICE_ALL,association,2,купля продажа,6546,136
2026-09-15,овсянников купить,Орловская область,10772,campaign,DEVICE_ALL,association,3,изт маркет,1,136
2026-09-15,овсянников купить,Орловская область,10772,campaign,DEVICE_ALL,association,4,b2b продажи это,14,136
2026-09-15,овсянников купить,Орловская область,10772,campaign,DEVICE_ALL,association,5,я покупаю,880,136
2026-09-15,овсянников купить,Орловская область,10772,campaign,DEVICE_ALL,association,6,моя цена,719,136
2026-09-15,овсянников купить,Орловская область,10772,campaign,DEVICE_ALL,association,7,b2b продажи что это,13,136
2026-09-15,овсянников купить,Орловская область,10772,campaign,DEVICE_ALL,association,8,отдел продаж,278,136
2026-09-15,овсянников купить,Орловская область,10772,campaign,DEVICE_ALL,association,9,какие монеты ценятся сейчас и их цена,9,136
2026-09-15,овсянников купить,Орловская область,10772,campaign,DEVICE_ALL,association,10,наши цены,113,136
2026-09-15,овсянников купить,Орловская область,10772,campaign,DEVICE_ALL,association,11,ты знаешь себе цену ты бесценна,2,136
2026-09-15,овсянников купить,Орловская область,10772,campaign,DEVICE_ALL,association,12,мои покупки,150,136
2026-09-15,овсянников купить,Орловская область,10772,campaign,DEVICE_ALL,association,13,b2c продажи что это,6,136
2026-09-15,овсянников купить,Орловская область,10772,campaign,DEVICE_ALL,association,14,розничная цена это,5,136
2026-09-15,овсянников купить,Ярославская область,10841,campaign,DEVICE_ALL,association,1,приобрести как пишется,46,22
2026-09-15,овсянников купить,Ярославская область,10841,campaign,DEVICE_ALL,association,2,купля продажа,11606,22
2026-09-15,овсянников купить,Ярославская область,10841,campaign,DEVICE_ALL,association,3,изт маркет,1,22
2026-09-15,овсянников купить,Ярославская область,10841,campaign,DEVICE_ALL,association,4,b2b продажи это,17,22
2026-09-15,овсянников купить,Ярославская область,10841,campaign,DEVICE_ALL,association,5,я покупаю,1000,22
2026-09-15,овсянников купить,Ярославская область,10841,campaign,DEVICE_ALL,association,6,моя цена,1371,22
2026-09-15,овсянников купить,Ярославская область,10841,campaign,DEVICE_ALL,association,7,b2b продажи что это,13,22
2026-09-15,овсянников купить,Ярославская область,10841,campaign,DEVICE_ALL,association,8,отдел продаж,810,22
2026-09-15,овсянников купить,Ярославская область,10841,campaign,DEVICE_ALL,association,9,какие монеты ценятся сейчас и их цена,8,22
2026-09-15,овсянников купить,Ярославская область,10841,campaign,DEVICE_ALL,association,10,наши цены,194,22
2026-09-15,овсянников купить,Ярославская область,10841,campaign,DEVICE_ALL,association,11,ты знаешь себе цену ты бесценна,9,22
2026-09-15,овсянников купить,Ярославская область,10841,campaign,DEVICE_ALL,association,12,мои покупки,244,22
2026-09-15,овсянников купить,Ярославская область,10841,campaign,DEVICE_ALL,association,13,b2c продажи что это,3,22
2026-09-15,овсянников купить,Ярославская область,10841,campaign,DEVICE_ALL,association,14,розничная цена это,14,22
2026-09-15,овсянников купить,Костромская область,10699,campaign,DEVICE_ALL,association,1,приобрести как пишется,33,26
2026-09-15,овсянников купить,Костромская область,10699,campaign,DEVICE_ALL,association,2,купля продажа,5467,26
2026-09-15,овсянников купить,Костромская область,10699,campaign,DEVICE_ALL,association,3,изт маркет,1,26
2026-09-15,овсянников купить,Костромская область,10699,campaign,DEVICE_ALL,association,4,b2b продажи это,8,26
2026-09-15,овсянников купить,Костромская область,10699,campaign,DEVICE_ALL,association,5,я покупаю,410,26
2026-09-15,овсянников купить,Костромская область,10699,campaign,DEVICE_ALL,association,6,моя цена,339,26
2026-09-15,овсянников купить,Костромская область,10699,campaign,DEVICE_ALL,association,7,b2b продажи что это,5,26
2026-09-15,овсянников купить,Костромская область,10699,campaign,DEVICE_ALL,association,8,отдел продаж,294,26
2026-09-15,овсянников купить,Костромская область,10699,campaign,DEVICE_ALL,association,9,какие монеты ценятся сейчас и их цена,2,26
2026-09-15,овсянников купить,Костромская область,10699,campaign,DEVICE_ALL,association,10,наши цены,113,26
2026-09-15,овсянников купить,Костромская область,10699,campaign,DEVICE_ALL,association,11,мсг37 рф прайс листы,3,26
2026-09-15,овсянников купить,Костромская область,10699,campaign,DEVICE_ALL,association,12,ты знаешь себе цену ты бесценна,1,26
2026-09-15,овсянников купить,Костромская область,10699,campaign,DEVICE_ALL,association,13,мои покупки,114,26
2026-09-15,овсянников купить,Костромская область,10699,campaign,DEVICE_ALL,association,14,b2c продажи что это,2,26
2026-09-15,овсянников купить,Костромская область,10699,campaign,DEVICE_ALL,association,15,розничная цена это,2,26
2026-09-15,овсянников купить,Республика Башкортостан,11111,campaign,DEVICE_ALL,association,1,приобрести как пишется,207,5
2026-09-15,овсянников купить,Республика Башкортостан,11111,campaign,DEVICE_ALL,association,2,купля продажа,25852,5
2026-09-15,овсянников купить,Республика Башкортостан,11111,campaign,DEVICE_ALL,association,3,изт маркет,26,5
2026-09-15,овсянников купить,Республика Башкортостан,11111,campaign,DEVICE_ALL,association,4,b2b продажи это,60,5
2026-09-15,овсянников купить,Республика Башкортостан,11111,campaign,DEVICE_ALL,association,5,я покупаю,2752,5
2026-09-15,овсянников купить,Республика Башкортостан,11111,campaign,DEVICE_ALL,association,6,моя цена,2450,5
2026-09-15,овсянников купить,Республика Башкортостан,11111,campaign,DEVICE_ALL,association,7,b2b продажи что это,40,5
2026-09-15,овсянников купить,Республика Башкортостан,11111,campaign,DEVICE_ALL,association,8,отдел продаж,2093,5
2026-09-15,овсянников купить,Республика Башкортостан,11111,campaign,DEVICE_ALL,association,9,какие монеты ценятся сейчас и их цена,23,5
2026-09-15,овсянников купить,Республика Башкортостан,11111,campaign,DEVICE_ALL,association,10,наши цены,397,5
2026-09-15,овсянников купить,Республика Башкортостан,11111,campaign,DEVICE_ALL,association,11,ты знаешь себе цену ты бесценна,9,5
2026-09-15,овсянников купить,Республика Башкортостан,11111,campaign,DEVICE_ALL,association,12,мои покупки,750,5
2026-09-15,овсянников купить,Республика Башкортостан,11111,campaign,DEVICE_ALL,association,13,b2c продажи что это,16,5
2026-09-15,овсянников купить,Республика Башкортостан,11111,campaign,DEVICE_ALL,association,14,розничная цена это,38,5
2026-09-15,овсянников купить,Новосибирская область,11316,campaign,DEVICE_ALL,association,1,приобрести как пишется,190,3
2026-09-15,овсянников купить,Новосибирская область,11316,campaign,DEVICE_ALL,association,2,купля продажа,24287,3
2026-09-15,овсянников купить,Новосибирская область,11316,campaign,DEVICE_ALL,association,3,изт маркет,33,3
2026-09-15,овсянников купить,Новосибирская область,11316,campaign,DEVICE_ALL,association,4,b2b продажи это,84,3
2026-09-15,овсянников купить,Новосибирская область,11316,campaign,DEVICE_ALL,association,5,я покупаю,2379,3
2026-09-15,овсянников купить,Новосибирская область,11316,campaign,DEVICE_ALL,association,6,моя цена,2213,3
2026-09-15,овсянников купить,Новосибирская область,11316,campaign,DEVICE_ALL,association,7,b2b продажи что это,55,3
2026-09-15,овсянников купить,Новосибирская область,11316,campaign,DEVICE_ALL,association,8,отдел продаж,2144,3
2026-09-15,овсянников купить,Новосибирская область,11316,campaign,DEVICE_ALL,association,9,какие монеты ценятся сейчас и их цена,30,3
2026-09-15,овсянников купить,Новосибирская область,11316,campaign,DEVICE_ALL,association,10,наши цены,337,3
2026-09-15,овсянников купить,Новосибирская область,11316,campaign,DEVICE_ALL,association,11,ты знаешь себе цену ты бесценна,11,3
2026-09-15,овсянников купить,Новосибирская область,11316,campaign,DEVICE_ALL,association,12,мои покупки,373,3
2026-09-15,овсянников купить,Новосибирская область,11316,campaign,DEVICE_ALL,association,13,b2c продажи что это,15,3
2026-09-15,овсянников купить,Новосибирская область,11316,campaign,DEVICE_ALL,association,14,розничная цена это,19,3
2026-09-15,овсянников купить,Саратовская область,11146,campaign,DEVICE_ALL,association,1,приобрести как пишется,120,10
2026-09-15,овсянников купить,Саратовская область,11146,campaign,DEVICE_ALL,association,2,купля продажа,17073,10
2026-09-15,овсянников купить,Саратовская область,11146,campaign,DEVICE_ALL,association,3,изт маркет,8,10
2026-09-15,овсянников купить,Саратовская область,11146,campaign,DEVICE_ALL,association,4,b2b продажи это,33,10
2026-09-15,овсянников купить,Саратовская область,11146,campaign,DEVICE_ALL,association,5,я покупаю,1629,10
2026-09-15,овсянников купить,Саратовская область,11146,campaign,DEVICE_ALL,association,6,моя цена,3116,10
2026-09-15,овсянников купить,Саратовская область,11146,campaign,DEVICE_ALL,association,7,b2b продажи что это,28,10
2026-09-15,овсянников купить,Саратовская область,11146,campaign,DEVICE_ALL,association,8,отдел продаж,975,10
2026-09-15,овсянников купить,Саратовская область,11146,campaign,DEVICE_ALL,association,9,какие монеты ценятся сейчас и их цена,5,10
2026-09-15,овсянников купить,Саратовская область,11146,campaign,DEVICE_ALL,association,10,наши цены,245,10
2026-09-15,овсянников купить,Саратовская область,11146,campaign,DEVICE_ALL,association,11,ты знаешь себе цену ты бесценна,5,10
2026-09-15,овсянников купить,Саратовская область,11146,campaign,DEVICE_ALL,association,12,мои покупки,365,10
2026-09-15,овсянников купить,Саратовская область,11146,campaign,DEVICE_ALL,association,13,b2c продажи что это,7,10
2026-09-15,овсянников купить,Саратовская область,11146,campaign,DEVICE_ALL,association,14,розничная цена это,18,10
2026-09-15,овсянников купить,Вологодская область,10853,campaign,DEVICE_ALL,association,1,приобрести как пишется,50,11
2026-09-15,овсянников купить,Вологодская область,10853,campaign,DEVICE_ALL,association,2,купля продажа,10142,11
2026-09-15,овсянников купить,Вологодская область,10853,campaign,DEVICE_ALL,association,3,изт маркет,3,11
2026-09-15,овсянников купить,Вологодская область,10853,campaign,DEVICE_ALL,association,4,b2b продажи это,19,11
2026-09-15,овсянников купить,Вологодская область,10853,campaign,DEVICE_ALL,association,5,я покупаю,967,11
2026-09-15,овсянников купить,Вологодская область,10853,campaign,DEVICE_ALL,association,6,моя цена,1001,11
2026-09-15,овсянников купить,Вологодская область,10853,campaign,DEVICE_ALL,association,7,b2b продажи что это,17,11
2026-09-15,овсянников купить,Вологодская область,10853,campaign,DEVICE_ALL,association,8,отдел продаж,568,11
2026-09-15,овсянников купить,Вологодская область,10853,campaign,DEVICE_ALL,association,9,какие монеты ценятся сейчас и их цена,6,11
2026-09-15,овсянников купить,Вологодская область,10853,campaign,DEVICE_ALL,association,10,наши цены,206,11
2026-09-15,овсянников купить,Вологодская область,10853,campaign,DEVICE_ALL,association,11,ты знаешь себе цену ты бесценна,5,11
2026-09-15,овсянников купить,Вологодская область,10853,campaign,DEVICE_ALL,association,12,мои покупки,191,11
2026-09-15,овсянников купить,Вологодская область,10853,campaign,DEVICE_ALL,association,13,b2c продажи что это,6,11
2026-09-15,овсянников купить,Вологодская область,10853,campaign,DEVICE_ALL,association,14,розничная цена это,4,11
2026-09-15,овсянников купить,Алтайский край,11235,campaign,DEVICE_ALL,association,1,приобрести как пишется,83,5
2026-09-15,овсянников купить,Алтайский край,11235,campaign,DEVICE_ALL,association,2,купля продажа,16237,5
2026-09-15,овсянников купить,Алтайский край,11235,campaign,DEVICE_ALL,association,3,изт маркет,15,5
2026-09-15,овсянников купить,Алтайский край,11235,campaign,DEVICE_ALL,association,4,b2b продажи это,42,5
2026-09-15,овсянников купить,Алтайский край,11235,campaign,DEVICE_ALL,association,5,я покупаю,1334,5
2026-09-15,овсянников купить,Алтайский край,11235,campaign,DEVICE_ALL,association,6,моя цена,998,5
2026-09-15,овсянников купить,Алтайский край,11235,campaign,DEVICE_ALL,association,7,b2b продажи что это,36,5
2026-09-15,овсянников купить,Алтайский край,11235,campaign,DEVICE_ALL,association,8,отдел продаж,918,5
2026-09-15,овсянников купить,Алтайский край,11235,campaign,DEVICE_ALL,association,9,какие монеты ценятся сейчас и их цена,14,5
2026-09-15,овсянников купить,Алтайский край,11235,campaign,DEVICE_ALL,association,10,наши цены,226,5
2026-09-15,овсянников купить,Алтайский край,11235,campaign,DEVICE_ALL,association,11,ты знаешь себе цену ты бесценна,14,5
2026-09-15,овсянников купить,Алтайский край,11235,campaign,DEVICE_ALL,association,12,мои покупки,201,5
2026-09-15,овсянников купить,Алтайский край,11235,campaign,DEVICE_ALL,association,13,b2c продажи что это,4,5
2026-09-15,овсянников купить,Алтайский край,11235,campaign,DEVICE_ALL,association,14,розничная цена это,7,5
2026-09-15,овсянников купить,Ивановская область,10687,campaign,DEVICE_ALL,association,1,приобрести как пишется,37,12
2026-09-15,овсянников купить,Ивановская область,10687,campaign,DEVICE_ALL,association,2,купля продажа,7789,12
2026-09-15,овсянников купить,Ивановская область,10687,campaign,DEVICE_ALL,association,3,b2b продажи это,24,12
2026-09-15,овсянников купить,Ивановская область,10687,campaign,DEVICE_ALL,association,4,я покупаю,701,12
2026-09-15,овсянников купить,Ивановская область,10687,campaign,DEVICE_ALL,association,5,моя цена,1206,12
2026-09-15,овсянников купить,Ивановская область,10687,campaign,DEVICE_ALL,association,6,b2b продажи что это,14,12
2026-09-15,овсянников купить,Ивановская область,10687,campaign,DEVICE_ALL,association,7,отдел продаж,531,12
2026-09-15,овсянников купить,Ивановская область,10687,campaign,DEVICE_ALL,association,8,наши цены,198,12
2026-09-15,овсянников купить,Ивановская область,10687,campaign,DEVICE_ALL,association,9,мсг37 рф прайс листы,971,12
2026-09-15,овсянников купить,Ивановская область,10687,campaign,DEVICE_ALL,association,10,ты знаешь себе цену ты бесценна,2,12
2026-09-15,овсянников купить,Ивановская область,10687,campaign,DEVICE_ALL,association,11,мои покупки,125,12
2026-09-15,овсянников купить,Ивановская область,10687,campaign,DEVICE_ALL,association,12,b2c продажи что это,2,12
2026-09-15,овсянников купить,Ивановская область,10687,campaign,DEVICE_ALL,association,13,розничная цена это,3,12
2026-09-15,овсянников купить,Омская область,11318,campaign,DEVICE_ALL,association,1,мазь арника для чего применяется,34,2
2026-09-15,овсянников купить,Омская область,11318,campaign,DEVICE_ALL,association,2,мазь метилсалицилат от чего помогает цена,14,2
2026-09-15,овсянников купить,Омская область,11318,campaign,DEVICE_ALL,association,3,бепантен мазь для чего применяется,18,2
2026-09-15,овсянников купить,Омская область,11318,campaign,DEVICE_ALL,association,4,мазь ортофен для чего предназначена,2,2
2026-09-15,овсянников купить,Омская область,11318,campaign,DEVICE_ALL,association,5,фуцидин мазь от чего она помогает,2,2
2026-09-15,овсянников купить,Омская область,11318,campaign,DEVICE_ALL,association,6,окопник мазь для чего,2,2
2026-09-15,овсянников купить,Омская область,11318,campaign,DEVICE_ALL,association,7,синофлановая мазь от чего помогает цена,1,2
2026-09-15,овсянников купить,Омская область,11318,campaign,DEVICE_ALL,association,8,гидрокортизон акос мазь для чего применяется,14,2
2026-09-15,овсянников купить,Омская область,11318,campaign,DEVICE_ALL,association,9,пимафуцин мазь для чего применяется мужчинам,4,2
2026-09-15,овсянников купить,Омская область,11318,campaign,DEVICE_ALL,association,10,мазь фуцидин для чего применяется,14,2
2026-09-15,овсянников купить,Омская область,11318,campaign,DEVICE_ALL,association,11,мазь супироцин для чего применяется,9,2
2026-09-15,овсянников купить,Омская область,11318,campaign,DEVICE_ALL,association,12,траумель мазь для чего предназначена цена,7,2
2026-09-15,овсянников купить,Омская область,11318,campaign,DEVICE_ALL,association,13,бороплюс мазь от чего помогает цена,2,2
2026-09-15,овсянников купить,Омская область,11318,campaign,DEVICE_ALL,association,14,мазь левомеколь для чего применяется цена,26,2
2026-09-15,овсянников купить,Кемеровская область,11282,control,DEVICE_ALL,association,1,домик на окраине,42,2
2026-09-15,овсянников купить,Кемеровская область,11282,control,DEVICE_ALL,association,2,договор купли продажи дома,446,2
2026-09-15,овсянников купить,Кемеровская область,11282,control,DEVICE_ALL,association,3,продажа домов,14694,2
2026-09-15,овсянников купить,Кемеровская область,11282,control,DEVICE_ALL,association,4,модульный домик,96,2
2026-09-15,овсянников купить,Кемеровская область,11282,control,DEVICE_ALL,association,5,покупка дома,1947,2
2026-09-15,овсянников купить,Кемеровская область,11282,control,DEVICE_ALL,association,6,домик лесника,27,2
2026-09-15,овсянников купить,Кемеровская область,11282,control,DEVICE_ALL,association,7,продается дом,599,2
2026-09-15,овсянников купить,Кемеровская область,11282,control,DEVICE_ALL,association,8,дачные домики под ключ недорого цены,18,2
2026-09-15,овсянников купить,Кемеровская область,11282,control,DEVICE_ALL,association,9,модульный домик для дачи,15,2
2026-09-15,овсянников купить,Кемеровская область,11282,control,DEVICE_ALL,association,10,дом на продажу,2397,2
2026-09-15,овсянников купить,Кемеровская область,11282,control,DEVICE_ALL,association,11,молитва на продажу дома и земельного участка,11,2
2026-09-15,овсянников купить,Кемеровская область,11282,control,DEVICE_ALL,association,12,модульный дом цена,395,2
2026-09-15,овсянников купить,Кемеровская область,11282,control,DEVICE_ALL,association,13,документы для продажи дома,83,2
2026-09-15,овсянников купить,Кемеровская область,11282,control,DEVICE_ALL,association,14,летние домики для дачи недорого,9,2
2026-09-15,овсянников купить,Кемеровская область,11282,control,DEVICE_ALL,association,15,купить домик для дачи,35,2
2026-09-15,овсянников купить,Кемеровская область,11282,control,DEVICE_ALL,association,16,домик на дачу недорого,7,2
2026-09-15,овсянников купить,Кировская область,11070,control,DEVICE_ALL,association,1,приобрести как пишется,70,17
2026-09-15,овсянников купить,Кировская область,11070,control,DEVICE_ALL,association,2,купля продажа,10247,17
2026-09-15,овсянников купить,Кировская область,11070,control,DEVICE_ALL,association,3,изт маркет,2,17
2026-09-15,овсянников купить,Кировская область,11070,control,DEVICE_ALL,association,4,b2b продажи это,18,17
2026-09-15,овсянников купить,Кировская область,11070,control,DEVICE_ALL,association,5,я покупаю,901,17
2026-09-15,овсянников купить,Кировская область,11070,control,DEVICE_ALL,association,6,моя цена,1038,17
2026-09-15,овсянников купить,Кировская область,11070,control,DEVICE_ALL,association,7,b2b продажи что это,15,17
2026-09-15,овсянников купить,Кировская область,11070,control,DEVICE_ALL,association,8,отдел продаж,767,17
2026-09-15,овсянников купить,Кировская область,11070,control,DEVICE_ALL,association,9,какие монеты ценятся сейчас и их цена,7,17
2026-09-15,овсянников купить,Кировская область,11070,control,DEVICE_ALL,association,10,наши цены,227,17
2026-09-15,овсянников купить,Кировская область,11070,control,DEVICE_ALL,association,11,ты знаешь себе цену ты бесценна,2,17
2026-09-15,овсянников купить,Кировская область,11070,control,DEVICE_ALL,association,12,мои покупки,178,17
2026-09-15,овсянников купить,Кировская область,11070,control,DEVICE_ALL,association,13,b2c продажи что это,3,17
2026-09-15,овсянников купить,Кировская область,11070,control,DEVICE_ALL,association,14,розничная цена это,16,17
2026-09-15,овсянников купить,Ростовская область,11029,control,DEVICE_ALL,association,1,приобрести как пишется,247,13
2026-09-15,овсянников купить,Ростовская область,11029,control,DEVICE_ALL,association,2,купля продажа,31585,13
2026-09-15,овсянников купить,Ростовская область,11029,control,DEVICE_ALL,association,3,изт маркет,19,13
2026-09-15,овсянников купить,Ростовская область,11029,control,DEVICE_ALL,association,4,b2b продажи это,84,13
2026-09-15,овсянников купить,Ростовская область,11029,control,DEVICE_ALL,association,5,я покупаю,3645,13
2026-09-15,овсянников купить,Ростовская область,11029,control,DEVICE_ALL,association,6,моя цена,4491,13
2026-09-15,овсянников купить,Ростовская область,11029,control,DEVICE_ALL,association,7,b2b продажи что это,50,13
2026-09-15,овсянников купить,Ростовская область,11029,control,DEVICE_ALL,association,8,отдел продаж,2505,13
2026-09-15,овсянников купить,Ростовская область,11029,control,DEVICE_ALL,association,9,какие монеты ценятся сейчас и их цена,42,13
2026-09-15,овсянников купить,Ростовская область,11029,control,DEVICE_ALL,association,10,наши цены,808,13
2026-09-15,овсянников купить,Ростовская область,11029,control,DEVICE_ALL,association,11,ты знаешь себе цену ты бесценна,17,13
2026-09-15,овсянников купить,Ростовская область,11029,control,DEVICE_ALL,association,12,мои покупки,510,13
2026-09-15,овсянников купить,Ростовская область,11029,control,DEVICE_ALL,association,13,b2c продажи что это,13,13
2026-09-15,овсянников купить,Ростовская область,11029,control,DEVICE_ALL,association,14,розничная цена это,48,13
2026-09-15,овсянников купить,Тульская область,10832,control,DEVICE_ALL,association,1,приобрести как пишется,86,1
2026-09-15,овсянников купить,Тульская область,10832,control,DEVICE_ALL,association,2,купля продажа,11677,1
2026-09-15,овсянников купить,Тульская область,10832,control,DEVICE_ALL,association,3,изт маркет,1,1
2026-09-15,овсянников купить,Тульская область,10832,control,DEVICE_ALL,association,4,b2b продажи это,26,1
2026-09-15,овсянников купить,Тульская область,10832,control,DEVICE_ALL,association,5,я покупаю,973,1
2026-09-15,овсянников купить,Тульская область,10832,control,DEVICE_ALL,association,6,моя цена,1143,1
2026-09-15,овсянников купить,Тульская область,10832,control,DEVICE_ALL,association,7,b2b продажи что это,21,1
2026-09-15,овсянников купить,Тульская область,10832,control,DEVICE_ALL,association,8,отдел продаж,629,1
2026-09-15,овсянников купить,Тульская область,10832,control,DEVICE_ALL,association,9,наши цены,152,1
2026-09-15,овсянников купить,Тульская область,10832,control,DEVICE_ALL,association,10,ты знаешь себе цену ты бесценна,4,1
2026-09-15,овсянников купить,Тульская область,10832,control,DEVICE_ALL,association,11,мои покупки,297,1
2026-09-15,овсянников купить,Тульская область,10832,control,DEVICE_ALL,association,12,b2c продажи что это,7,1
2026-09-15,овсянников купить,Тульская область,10832,control,DEVICE_ALL,association,13,розничная цена это,16,1
2026-09-15,овсянников купить,Тюменская область,11176,campaign,DEVICE_ALL,nested,1,овсянников купить,8,8
2026-09-15,овсянников купить,Тюменская область,11176,campaign,DEVICE_ALL,nested,2,купить дом в овсянниково,2,8
2026-09-15,овсянников купить,Тюменская область,11176,campaign,DEVICE_ALL,nested,3,купить книгу овсянникова,2,8
2026-09-15,овсянников купить,Тюменская область,11176,campaign,DEVICE_ALL,nested,4,куплю дом деревне овсянников,1,8
2026-09-15,овсянников купить,Волгоградская область,10950,campaign,DEVICE_ALL,nested,1,овсянников купить,20,20
2026-09-15,овсянников купить,Волгоградская область,10950,campaign,DEVICE_ALL,nested,2,овсянников мыло купить,7,20
2026-09-15,овсянников купить,Волгоградская область,10950,campaign,DEVICE_ALL,nested,3,купить мед алтайский из овсянникова в озон,5,20
2026-09-15,овсянников купить,Воронежская область,10672,campaign,DEVICE_ALL,nested,1,овсянников купить,6,6
2026-09-15,овсянников купить,Орловская область,10772,campaign,DEVICE_ALL,nested,1,овсянников купить,136,136
2026-09-15,овсянников купить,Орловская область,10772,campaign,DEVICE_ALL,nested,2,овсянниково орел купить,100,136
2026-09-15,овсянников купить,Орловская область,10772,campaign,DEVICE_ALL,nested,3,купить дом в овсянниково,86,136
2026-09-15,овсянников купить,Орловская область,10772,campaign,DEVICE_ALL,nested,4,купить дом в орле в овсянниково,71,136
2026-09-15,овсянников купить,Орловская область,10772,campaign,DEVICE_ALL,nested,5,куплю дом деревне овсянников,68,136
2026-09-15,овсянников купить,Орловская область,10772,campaign,DEVICE_ALL,nested,6,авито овсянников купить дом,62,136
2026-09-15,овсянников купить,Орловская область,10772,campaign,DEVICE_ALL,nested,7,авито орел купить купить дом овсянниково,62,136
2026-09-15,овсянников купить,Орловская область,10772,campaign,DEVICE_ALL,nested,8,купить дом в овсянниково орловский район,10,136
2026-09-15,овсянников купить,Орловская область,10772,campaign,DEVICE_ALL,nested,9,купить дом в деревне овсянниково город орел,9,136
2026-09-15,овсянников купить,Орловская область,10772,campaign,DEVICE_ALL,nested,10,авито орел купить дачу овсянниково,9,136
2026-09-15,овсянников купить,Орловская область,10772,campaign,DEVICE_ALL,nested,11,купить дом д овсянниково,7,136
2026-09-15,овсянников купить,Орловская область,10772,campaign,DEVICE_ALL,nested,12,овсянниково купить участок,7,136
2026-09-15,овсянников купить,Ярославская область,10841,campaign,DEVICE_ALL,nested,1,овсянников купить,22,22
2026-09-15,овсянников купить,Ярославская область,10841,campaign,DEVICE_ALL,nested,2,овсянников крем купить,11,22
2026-09-15,овсянников купить,Ярославская область,10841,campaign,DEVICE_ALL,nested,3,овсянников крем для рук купить,8,22
2026-09-15,овсянников купить,Ярославская область,10841,campaign,DEVICE_ALL,nested,4,овсянников мыло купить,5,22
2026-09-15,овсянников купить,Ярославская область,10841,campaign,DEVICE_ALL,nested,5,овсянников черный перец купить,5,22
2026-09-15,овсянников купить,Ярославская область,10841,campaign,DEVICE_ALL,nested,6,овсянников где купить,2,22
2026-09-15,овсянников купить,Ярославская область,10841,campaign,DEVICE_ALL,nested,7,куплю дом деревне овсянников,1,22
2026-09-15,овсянников купить,Костромская область,10699,campaign,DEVICE_ALL,nested,1,овсянников купить,26,26
2026-09-15,овсянников купить,Республика Башкортостан,11111,campaign,DEVICE_ALL,nested,1,овсянников купить,5,5
2026-09-15,овсянников купить,Республика Башкортостан,11111,campaign,DEVICE_ALL,nested,2,овсянников где купить,2,5
2026-09-15,овсянников купить,Новосибирская область,11316,campaign,DEVICE_ALL,nested,1,овсянников купить,3,3
2026-09-15,овсянников купить,Саратовская область,11146,campaign,DEVICE_ALL,nested,1,овсянников купить,10,10
2026-09-15,овсянников купить,Саратовская область,11146,campaign,DEVICE_ALL,nested,2,овсянников крем для рук купить,2,10
2026-09-15,овсянников купить,Саратовская область,11146,campaign,DEVICE_ALL,nested,3,овсянников крем купить,2,10
2026-09-15,овсянников купить,Вологодская область,10853,campaign,DEVICE_ALL,nested,1,овсянников купить,11,11
2026-09-15,овсянников купить,Вологодская область,10853,campaign,DEVICE_ALL,nested,2,савсан набор овсянникова купить,10,11
2026-09-15,овсянников купить,Алтайский край,11235,campaign,DEVICE_ALL,nested,1,овсянников купить,5,5
2026-09-15,овсянников купить,Алтайский край,11235,campaign,DEVICE_ALL,nested,2,купить дом в овсянниково,1,5
2026-09-15,овсянников купить,Алтайский край,11235,campaign,DEVICE_ALL,nested,3,авито овсянников купить дом,1,5
2026-09-15,овсянников купить,Ивановская область,10687,campaign,DEVICE_ALL,nested,1,овсянников купить,12,12
2026-09-15,овсянников купить,Ивановская область,10687,campaign,DEVICE_ALL,nested,2,купить дом в овсянниково,8,12
2026-09-15,овсянников купить,Ивановская область,10687,campaign,DEVICE_ALL,nested,3,купить дом в овсянниково шуйский район,6,12
2026-09-15,овсянников купить,Ивановская область,10687,campaign,DEVICE_ALL,nested,4,овсянников где купить,2,12
2026-09-15,овсянников купить,Ивановская область,10687,campaign,DEVICE_ALL,nested,5,купить дом д овсянниково,1,12
2026-09-15,овсянников купить,Омская область,11318,campaign,DEVICE_ALL,nested,1,овсянников крем купить,2,2
2026-09-15,овсянников купить,Омская область,11318,campaign,DEVICE_ALL,nested,2,овсянников купить,2,2
2026-09-15,овсянников купить,Кемеровская область,11282,control,DEVICE_ALL,nested,1,купить дом в овсянниково,2,2
2026-09-15,овсянников купить,Кемеровская область,11282,control,DEVICE_ALL,nested,2,овсянников купить,2,2
2026-09-15,овсянников купить,Кировская область,11070,control,DEVICE_ALL,nested,1,овсянников купить,17,17
2026-09-15,овсянников купить,Кировская область,11070,control,DEVICE_ALL,nested,2,овсянников где купить,7,17
2026-09-15,овсянников купить,Кировская область,11070,control,DEVICE_ALL,nested,3,авито овсянников купить дом,2,17
2026-09-15,овсянников купить,Кировская область,11070,control,DEVICE_ALL,nested,4,овсянников крем для рук купить,2,17
2026-09-15,овсянников купить,Кировская область,11070,control,DEVICE_ALL,nested,5,овсянников крем купить,2,17
2026-09-15,овсянников купить,Кировская область,11070,control,DEVICE_ALL,nested,6,овсянников мыло купить,2,17
2026-09-15,овсянников купить,Кировская область,11070,control,DEVICE_ALL,nested,7,овсянников черный перец купить,2,17
2026-09-15,овсянников купить,Ростовская область,11029,control,DEVICE_ALL,nested,1,овсянников купить,13,13
2026-09-15,овсянников купить,Ростовская область,11029,control,DEVICE_ALL,nested,2,овсянников мыло жидкое купить,3,13
2026-09-15,овсянников купить,Ростовская область,11029,control,DEVICE_ALL,nested,3,овсянников мыло купить,3,13
2026-09-15,овсянников купить,Ростовская область,11029,control,DEVICE_ALL,nested,4,купить дом овсянниково,2,13
2026-09-15,овсянников купить,Ростовская область,11029,control,DEVICE_ALL,nested,5,куплю дом деревне овсянников,1,13
2026-09-15,овсянников купить,Ростовская область,11029,control,DEVICE_ALL,nested,6,овсянниково купить участок,1,13
2026-09-15,овсянников купить,Тульская область,10832,control,DEVICE_ALL,nested,1,овсянников купить,1,1
2026-09-15,овсянников мыло,Тюменская область,11176,campaign,DEVICE_ALL,association,1,дегтярное мыло,750,13
2026-09-15,овсянников мыло,Тюменская область,11176,campaign,DEVICE_ALL,association,2,дегтярное мыло для чего,124,13
2026-09-15,овсянников мыло,Тюменская область,11176,campaign,DEVICE_ALL,association,3,марсельское мыло,14,13
2026-09-15,овсянников мыло,Тюменская область,11176,campaign,DEVICE_ALL,association,4,кокосовое хозяйственное мыло,21,13
2026-09-15,овсянников мыло,Тюменская область,11176,campaign,DEVICE_ALL,association,5,soap skin,16,13
2026-09-15,овсянников мыло,Тюменская область,11176,campaign,DEVICE_ALL,association,6,мыло земляничное,14,13
2026-09-15,овсянников мыло,Тюменская область,11176,campaign,DEVICE_ALL,association,7,можно ли умываться мылом,10,13
2026-09-15,овсянников мыло,Тюменская область,11176,campaign,DEVICE_ALL,association,8,можно ли умываться дегтярным мылом,2,13
2026-09-15,овсянников мыло,Тюменская область,11176,campaign,DEVICE_ALL,association,9,можно ли мыть лицо дегтярным мылом,5,13
2026-09-15,овсянников мыло,Тюменская область,11176,campaign,DEVICE_ALL,association,10,хозяйственное мыло для лица,12,13
2026-09-15,овсянников мыло,Волгоградская область,10950,campaign,DEVICE_ALL,association,1,дегтярное мыло,1175,21
2026-09-15,овсянников мыло,Волгоградская область,10950,campaign,DEVICE_ALL,association,2,дегтярное мыло для чего,219,21
2026-09-15,овсянников мыло,Волгоградская область,10950,campaign,DEVICE_ALL,association,3,марсельское мыло,16,21
2026-09-15,овсянников мыло,Волгоградская область,10950,campaign,DEVICE_ALL,association,4,мыление мыла,2,21
2026-09-15,овсянников мыло,Волгоградская область,10950,campaign,DEVICE_ALL,association,5,кокосовое хозяйственное мыло,7,21
2026-09-15,овсянников мыло,Волгоградская область,10950,campaign,DEVICE_ALL,association,6,soap skin,27,21
2026-09-15,овсянников мыло,Волгоградская область,10950,campaign,DEVICE_ALL,association,7,мыло земляничное,15,21
2026-09-15,овсянников мыло,Волгоградская область,10950,campaign,DEVICE_ALL,association,8,можно ли умываться мылом,28,21
2026-09-15,овсянников мыло,Волгоградская область,10950,campaign,DEVICE_ALL,association,9,можно ли умываться дегтярным мылом,8,21
2026-09-15,овсянников мыло,Волгоградская область,10950,campaign,DEVICE_ALL,association,10,можно ли мыться дегтярным мылом,8,21
2026-09-15,овсянников мыло,Волгоградская область,10950,campaign,DEVICE_ALL,association,11,можно ли мыть лицо дегтярным мылом,2,21
2026-09-15,овсянников мыло,Волгоградская область,10950,campaign,DEVICE_ALL,association,12,зеленое мыло от мучнистого червеца,1,21
2026-09-15,овсянников мыло,Волгоградская область,10950,campaign,DEVICE_ALL,association,13,хозяйственное мыло для лица,8,21
2026-09-15,овсянников мыло,Воронежская область,10672,campaign,DEVICE_ALL,association,1,дегтярное мыло,1204,14
2026-09-15,овсянников мыло,Воронежская область,10672,campaign,DEVICE_ALL,association,2,дегтярное мыло для чего,212,14
2026-09-15,овсянников мыло,Воронежская область,10672,campaign,DEVICE_ALL,association,3,марсельское мыло,36,14
2026-09-15,овсянников мыло,Воронежская область,10672,campaign,DEVICE_ALL,association,4,мыление мыла,15,14
2026-09-15,овсянников мыло,Воронежская область,10672,campaign,DEVICE_ALL,association,5,кокосовое хозяйственное мыло,52,14
2026-09-15,овсянников мыло,Воронежская область,10672,campaign,DEVICE_ALL,association,6,soap skin,27,14
2026-09-15,овсянников мыло,Воронежская область,10672,campaign,DEVICE_ALL,association,7,мыло земляничное,20,14
2026-09-15,овсянников мыло,Воронежская область,10672,campaign,DEVICE_ALL,association,8,можно ли умываться мылом,22,14
2026-09-15,овсянников мыло,Воронежская область,10672,campaign,DEVICE_ALL,association,9,можно ли умываться дегтярным мылом,3,14
2026-09-15,овсянников мыло,Воронежская область,10672,campaign,DEVICE_ALL,association,10,можно ли мыться дегтярным мылом,1,14
2026-09-15,овсянников мыло,Воронежская область,10672,campaign,DEVICE_ALL,association,11,можно ли мыть лицо дегтярным мылом,6,14
2026-09-15,овсянников мыло,Воронежская область,10672,campaign,DEVICE_ALL,association,12,зеленое мыло от мучнистого червеца,7,14
2026-09-15,овсянников мыло,Воронежская область,10672,campaign,DEVICE_ALL,association,13,хозяйственное мыло для лица,8,14
2026-09-15,овсянников мыло,Орловская область,10772,campaign,DEVICE_ALL,association,1,дегтярное мыло,421,4
2026-09-15,овсянников мыло,Орловская область,10772,campaign,DEVICE_ALL,association,2,дегтярное мыло для чего,35,4
2026-09-15,овсянников мыло,Орловская область,10772,campaign,DEVICE_ALL,association,3,марсельское мыло,2,4
2026-09-15,овсянников мыло,Орловская область,10772,campaign,DEVICE_ALL,association,4,кокосовое хозяйственное мыло,7,4
2026-09-15,овсянников мыло,Орловская область,10772,campaign,DEVICE_ALL,association,5,мыло земляничное,1,4
2026-09-15,овсянников мыло,Орловская область,10772,campaign,DEVICE_ALL,association,6,можно ли умываться мылом,15,4
2026-09-15,овсянников мыло,Орловская область,10772,campaign,DEVICE_ALL,association,7,зеленое мыло от каких вредителей,2,4
2026-09-15,овсянников мыло,Орловская область,10772,campaign,DEVICE_ALL,association,8,хозяйственное мыло для лица,4,4
2026-09-15,овсянников мыло,Рязанская область,10776,campaign,DEVICE_ALL,association,1,дегтярное мыло,599,9
2026-09-15,овсянников мыло,Рязанская область,10776,campaign,DEVICE_ALL,association,2,дегтярное мыло для чего,98,9
2026-09-15,овсянников мыло,Рязанская область,10776,campaign,DEVICE_ALL,association,3,марсельское мыло,6,9
2026-09-15,овсянников мыло,Рязанская область,10776,campaign,DEVICE_ALL,association,4,кокосовое хозяйственное мыло,12,9
2026-09-15,овсянников мыло,Рязанская область,10776,campaign,DEVICE_ALL,association,5,soap skin,25,9
2026-09-15,овсянников мыло,Рязанская область,10776,campaign,DEVICE_ALL,association,6,мыло земляничное,25,9
2026-09-15,овсянников мыло,Рязанская область,10776,campaign,DEVICE_ALL,association,7,можно ли умываться мылом,12,9
2026-09-15,овсянников мыло,Рязанская область,10776,campaign,DEVICE_ALL,association,8,можно ли умываться дегтярным мылом,2,9
2026-09-15,овсянников мыло,Рязанская область,10776,campaign,DEVICE_ALL,association,9,можно ли мыться дегтярным мылом,4,9
2026-09-15,овсянников мыло,Рязанская область,10776,campaign,DEVICE_ALL,association,10,зеленое мыло от каких вредителей,4,9
2026-09-15,овсянников мыло,Рязанская область,10776,campaign,DEVICE_ALL,association,11,можно ли мыть лицо дегтярным мылом,1,9
2026-09-15,овсянников мыло,Рязанская область,10776,campaign,DEVICE_ALL,association,12,зеленое мыло от мучнистого червеца,1,9
2026-09-15,овсянников мыло,Рязанская область,10776,campaign,DEVICE_ALL,association,13,хозяйственное мыло для лица,6,9
2026-09-15,овсянников мыло,Ярославская область,10841,campaign,DEVICE_ALL,association,1,дегтярное мыло,706,36
2026-09-15,овсянников мыло,Ярославская область,10841,campaign,DEVICE_ALL,association,2,дегтярное мыло для чего,89,36
2026-09-15,овсянников мыло,Ярославская область,10841,campaign,DEVICE_ALL,association,3,марсельское мыло,32,36
2026-09-15,овсянников мыло,Ярославская область,10841,campaign,DEVICE_ALL,association,4,кокосовое хозяйственное мыло,11,36
2026-09-15,овсянников мыло,Ярославская область,10841,campaign,DEVICE_ALL,association,5,soap skin,25,36
2026-09-15,овсянников мыло,Ярославская область,10841,campaign,DEVICE_ALL,association,6,мыло земляничное,3,36
2026-09-15,овсянников мыло,Ярославская область,10841,campaign,DEVICE_ALL,association,7,можно ли умываться мылом,2,36
2026-09-15,овсянников мыло,Ярославская область,10841,campaign,DEVICE_ALL,association,8,можно ли мыться дегтярным мылом,5,36
2026-09-15,овсянников мыло,Ярославская область,10841,campaign,DEVICE_ALL,association,9,зеленое мыло от каких вредителей,2,36
2026-09-15,овсянников мыло,Ярославская область,10841,campaign,DEVICE_ALL,association,10,можно ли мыть лицо дегтярным мылом,2,36
2026-09-15,овсянников мыло,Ярославская область,10841,campaign,DEVICE_ALL,association,11,зеленое мыло от мучнистого червеца,1,36
2026-09-15,овсянников мыло,Костромская область,10699,campaign,DEVICE_ALL,association,1,дегтярное мыло,311,5
2026-09-15,овсянников мыло,Костромская область,10699,campaign,DEVICE_ALL,association,2,дегтярное мыло для чего,33,5
2026-09-15,овсянников мыло,Костромская область,10699,campaign,DEVICE_ALL,association,3,марсельское мыло,7,5
2026-09-15,овсянников мыло,Костромская область,10699,campaign,DEVICE_ALL,association,4,кокосовое хозяйственное мыло,1,5
2026-09-15,овсянников мыло,Костромская область,10699,campaign,DEVICE_ALL,association,5,soap skin,9,5
2026-09-15,овсянников мыло,Костромская область,10699,campaign,DEVICE_ALL,association,6,мыло земляничное,4,5
2026-09-15,овсянников мыло,Костромская область,10699,campaign,DEVICE_ALL,association,7,можно ли умываться мылом,3,5
2026-09-15,овсянников мыло,Костромская область,10699,campaign,DEVICE_ALL,association,8,можно ли мыться дегтярным мылом,1,5
2026-09-15,овсянников мыло,Костромская область,10699,campaign,DEVICE_ALL,association,9,можно ли мыть лицо дегтярным мылом,1,5
2026-09-15,овсянников мыло,Липецкая область,10712,campaign,DEVICE_ALL,association,1,дегтярное мыло,586,3
2026-09-15,овсянников мыло,Липецкая область,10712,campaign,DEVICE_ALL,association,2,дегтярное мыло для чего,89,3
2026-09-15,овсянников мыло,Липецкая область,10712,campaign,DEVICE_ALL,association,3,марсельское мыло,3,3
2026-09-15,овсянников мыло,Липецкая область,10712,campaign,DEVICE_ALL,association,4,мыление мыла,30,3
2026-09-15,овсянников мыло,Липецкая область,10712,campaign,DEVICE_ALL,association,5,кокосовое хозяйственное мыло,9,3
2026-09-15,овсянников мыло,Липецкая область,10712,campaign,DEVICE_ALL,association,6,soap skin,9,3
2026-09-15,овсянников мыло,Липецкая область,10712,campaign,DEVICE_ALL,association,7,мыло земляничное,4,3
2026-09-15,овсянников мыло,Липецкая область,10712,campaign,DEVICE_ALL,association,8,можно ли умываться мылом,16,3
2026-09-15,овсянников мыло,Липецкая область,10712,campaign,DEVICE_ALL,association,9,можно ли умываться дегтярным мылом,2,3
2026-09-15,овсянников мыло,Липецкая область,10712,campaign,DEVICE_ALL,association,10,зеленое мыло от мучнистого червеца,2,3
2026-09-15,овсянников мыло,Липецкая область,10712,campaign,DEVICE_ALL,association,11,хозяйственное мыло для лица,2,3
2026-09-15,овсянников мыло,Республика Башкортостан,11111,campaign,DEVICE_ALL,association,1,дегтярное мыло,2056,11
2026-09-15,овсянников мыло,Республика Башкортостан,11111,campaign,DEVICE_ALL,association,2,дегтярное мыло для чего,256,11
2026-09-15,овсянников мыло,Республика Башкортостан,11111,campaign,DEVICE_ALL,association,3,марсельское мыло,26,11
2026-09-15,овсянников мыло,Республика Башкортостан,11111,campaign,DEVICE_ALL,association,4,мыление мыла,8,11
2026-09-15,овсянников мыло,Республика Башкортостан,11111,campaign,DEVICE_ALL,association,5,кокосовое хозяйственное мыло,8,11
2026-09-15,овсянников мыло,Республика Башкортостан,11111,campaign,DEVICE_ALL,association,6,soap skin,37,11
2026-09-15,овсянников мыло,Республика Башкортостан,11111,campaign,DEVICE_ALL,association,7,мыло земляничное,15,11
2026-09-15,овсянников мыло,Республика Башкортостан,11111,campaign,DEVICE_ALL,association,8,можно ли умываться мылом,19,11
2026-09-15,овсянников мыло,Республика Башкортостан,11111,campaign,DEVICE_ALL,association,9,можно ли умываться дегтярным мылом,3,11
2026-09-15,овсянников мыло,Республика Башкортостан,11111,campaign,DEVICE_ALL,association,10,можно ли мыться дегтярным мылом,8,11
2026-09-15,овсянников мыло,Республика Башкортостан,11111,campaign,DEVICE_ALL,association,11,зеленое мыло от каких вредителей,1,11
2026-09-15,овсянников мыло,Республика Башкортостан,11111,campaign,DEVICE_ALL,association,12,можно ли мыть лицо дегтярным мылом,8,11
2026-09-15,овсянников мыло,Республика Башкортостан,11111,campaign,DEVICE_ALL,association,13,хозяйственное мыло для лица,8,11
2026-09-15,овсянников мыло,Новосибирская область,11316,campaign,DEVICE_ALL,association,1,дегтярное мыло,1587,18
2026-09-15,овсянников мыло,Новосибирская область,11316,campaign,DEVICE_ALL,association,2,дегтярное мыло для чего,140,18
2026-09-15,овсянников мыло,Новосибирская область,11316,campaign,DEVICE_ALL,association,3,марсельское мыло,17,18
2026-09-15,овсянников мыло,Новосибирская область,11316,campaign,DEVICE_ALL,association,4,мыление мыла,4,18
2026-09-15,овсянников мыло,Новосибирская область,11316,campaign,DEVICE_ALL,association,5,кокосовое хозяйственное мыло,22,18
2026-09-15,овсянников мыло,Новосибирская область,11316,campaign,DEVICE_ALL,association,6,soap skin,50,18
2026-09-15,овсянников мыло,Новосибирская область,11316,campaign,DEVICE_ALL,association,7,мыло земляничное,25,18
2026-09-15,овсянников мыло,Новосибирская область,11316,campaign,DEVICE_ALL,association,8,можно ли умываться мылом,22,18
2026-09-15,овсянников мыло,Новосибирская область,11316,campaign,DEVICE_ALL,association,9,можно ли умываться дегтярным мылом,4,18
2026-09-15,овсянников мыло,Новосибирская область,11316,campaign,DEVICE_ALL,association,10,можно ли мыться дегтярным мылом,5,18
2026-09-15,овсянников мыло,Новосибирская область,11316,campaign,DEVICE_ALL,association,11,зеленое мыло от каких вредителей,7,18
2026-09-15,овсянников мыло,Новосибирская область,11316,campaign,DEVICE_ALL,association,12,можно ли мыть лицо дегтярным мылом,6,18
2026-09-15,овсянников мыло,Саратовская область,11146,campaign,DEVICE_ALL,association,1,дегтярное мыло,1170,2
2026-09-15,овсянников мыло,Саратовская область,11146,campaign,DEVICE_ALL,association,2,дегтярное мыло для чего,164,2
2026-09-15,овсянников мыло,Саратовская область,11146,campaign,DEVICE_ALL,association,3,марсельское мыло,2,2
2026-09-15,овсянников мыло,Саратовская область,11146,campaign,DEVICE_ALL,association,4,мыление мыла,1,2
2026-09-15,овсянников мыло,Саратовская область,11146,campaign,DEVICE_ALL,association,5,кокосовое хозяйственное мыло,17,2
2026-09-15,овсянников мыло,Саратовская область,11146,campaign,DEVICE_ALL,association,6,soap skin,21,2
2026-09-15,овсянников мыло,Саратовская область,11146,campaign,DEVICE_ALL,association,7,мыло земляничное,19,2
2026-09-15,овсянников мыло,Саратовская область,11146,campaign,DEVICE_ALL,association,8,можно ли умываться мылом,18,2
2026-09-15,овсянников мыло,Саратовская область,11146,campaign,DEVICE_ALL,association,9,можно ли умываться дегтярным мылом,5,2
2026-09-15,овсянников мыло,Саратовская область,11146,campaign,DEVICE_ALL,association,10,можно ли мыться дегтярным мылом,3,2
2026-09-15,овсянников мыло,Саратовская область,11146,campaign,DEVICE_ALL,association,11,можно ли мыть лицо дегтярным мылом,2,2
2026-09-15,овсянников мыло,Саратовская область,11146,campaign,DEVICE_ALL,association,12,зеленое мыло от мучнистого червеца,6,2
2026-09-15,овсянников мыло,Саратовская область,11146,campaign,DEVICE_ALL,association,13,хозяйственное мыло для лица,5,2
2026-09-15,овсянников мыло,Вологодская область,10853,campaign,DEVICE_ALL,association,1,дегтярное мыло,598,1
2026-09-15,овсянников мыло,Вологодская область,10853,campaign,DEVICE_ALL,association,2,дегтярное мыло для чего,41,1
2026-09-15,овсянников мыло,Вологодская область,10853,campaign,DEVICE_ALL,association,3,марсельское мыло,8,1
2026-09-15,овсянников мыло,Вологодская область,10853,campaign,DEVICE_ALL,association,4,кокосовое хозяйственное мыло,1,1
2026-09-15,овсянников мыло,Вологодская область,10853,campaign,DEVICE_ALL,association,5,soap skin,21,1
2026-09-15,овсянников мыло,Вологодская область,10853,campaign,DEVICE_ALL,association,6,мыло земляничное,21,1
2026-09-15,овсянников мыло,Вологодская область,10853,campaign,DEVICE_ALL,association,7,можно ли умываться мылом,5,1
2026-09-15,овсянников мыло,Вологодская область,10853,campaign,DEVICE_ALL,association,8,можно ли умываться дегтярным мылом,2,1
2026-09-15,овсянников мыло,Вологодская область,10853,campaign,DEVICE_ALL,association,9,можно ли мыться дегтярным мылом,6,1
2026-09-15,овсянников мыло,Вологодская область,10853,campaign,DEVICE_ALL,association,10,можно ли мыть лицо дегтярным мылом,2,1
2026-09-15,овсянников мыло,Вологодская область,10853,campaign,DEVICE_ALL,association,11,хозяйственное мыло для лица,3,1
2026-09-15,овсянников мыло,Ивановская область,10687,campaign,DEVICE_ALL,association,1,мыло антипятин,27,2
2026-09-15,овсянников мыло,Ивановская область,10687,campaign,DEVICE_ALL,association,2,дегтярное мыло польза для кожи,10,2
2026-09-15,овсянников мыло,Ивановская область,10687,campaign,DEVICE_ALL,association,3,для чего нужно дегтярное мыло,5,2
2026-09-15,овсянников мыло,Ивановская область,10687,campaign,DEVICE_ALL,association,4,марсельское мыло,9,2
2026-09-15,овсянников мыло,Ивановская область,10687,campaign,DEVICE_ALL,association,5,овсяный кисель из геркулеса бабушкин рецепт,6,2
2026-09-15,овсянников мыло,Ивановская область,10687,campaign,DEVICE_ALL,association,6,кокосовое хозяйственное мыло,15,2
2026-09-15,овсянников мыло,Ивановская область,10687,campaign,DEVICE_ALL,association,7,овсяный кисель польза и вред,7,2
2026-09-15,овсянников мыло,Ивановская область,10687,campaign,DEVICE_ALL,association,8,гидрофильное масло для умывания как пользоваться,5,2
2026-09-15,овсянников мыло,Ивановская область,10687,campaign,DEVICE_ALL,association,9,мыло хозяйственное отбеливающее,20,2
2026-09-15,овсянников мыло,Ивановская область,10687,campaign,DEVICE_ALL,association,10,хозяйственное мыло для лица,5,2
2026-09-15,овсянников мыло,Ивановская область,10687,campaign,DEVICE_ALL,association,11,хозяйственное мыло русь,2,2
2026-09-15,овсянников мыло,Омская область,11318,campaign,DEVICE_ALL,association,1,дегтярное мыло,992,3
2026-09-15,овсянников мыло,Омская область,11318,campaign,DEVICE_ALL,association,2,дегтярное мыло для чего,125,3
2026-09-15,овсянников мыло,Омская область,11318,campaign,DEVICE_ALL,association,3,марсельское мыло,11,3
2026-09-15,овсянников мыло,Омская область,11318,campaign,DEVICE_ALL,association,4,кокосовое хозяйственное мыло,6,3
2026-09-15,овсянников мыло,Омская область,11318,campaign,DEVICE_ALL,association,5,soap skin,17,3
2026-09-15,овсянников мыло,Омская область,11318,campaign,DEVICE_ALL,association,6,мыло земляничное,12,3
2026-09-15,овсянников мыло,Омская область,11318,campaign,DEVICE_ALL,association,7,можно ли умываться мылом,20,3
2026-09-15,овсянников мыло,Омская область,11318,campaign,DEVICE_ALL,association,8,можно ли умываться дегтярным мылом,2,3
2026-09-15,овсянников мыло,Омская область,11318,campaign,DEVICE_ALL,association,9,можно ли мыть лицо дегтярным мылом,3,3
2026-09-15,овсянников мыло,Омская область,11318,campaign,DEVICE_ALL,association,10,хозяйственное мыло для лица,8,3
2026-09-15,овсянников мыло,Астраханская область,10946,control,DEVICE_ALL,association,1,дегтярное мыло,475,4
2026-09-15,овсянников мыло,Астраханская область,10946,control,DEVICE_ALL,association,2,дегтярное мыло для чего,98,4
2026-09-15,овсянников мыло,Астраханская область,10946,control,DEVICE_ALL,association,3,марсельское мыло,1,4
2026-09-15,овсянников мыло,Астраханская область,10946,control,DEVICE_ALL,association,4,кокосовое хозяйственное мыло,3,4
2026-09-15,овсянников мыло,Астраханская область,10946,control,DEVICE_ALL,association,5,soap skin,6,4
2026-09-15,овсянников мыло,Астраханская область,10946,control,DEVICE_ALL,association,6,мыло земляничное,4,4
2026-09-15,овсянников мыло,Астраханская область,10946,control,DEVICE_ALL,association,7,можно ли умываться мылом,7,4
2026-09-15,овсянников мыло,Астраханская область,10946,control,DEVICE_ALL,association,8,можно ли умываться дегтярным мылом,2,4
2026-09-15,овсянников мыло,Астраханская область,10946,control,DEVICE_ALL,association,9,можно ли мыться дегтярным мылом,1,4
2026-09-15,овсянников мыло,Астраханская область,10946,control,DEVICE_ALL,association,10,хозяйственное мыло для лица,3,4
2026-09-15,овсянников мыло,Кемеровская область,11282,control,DEVICE_ALL,association,1,дегтярное мыло,1308,1
2026-09-15,овсянников мыло,Кемеровская область,11282,control,DEVICE_ALL,association,2,дегтярное мыло для чего,188,1
2026-09-15,овсянников мыло,Кемеровская область,11282,control,DEVICE_ALL,association,3,марсельское мыло,4,1
2026-09-15,овсянников мыло,Кемеровская область,11282,control,DEVICE_ALL,association,4,кокосовое хозяйственное мыло,26,1
2026-09-15,овсянников мыло,Кемеровская область,11282,control,DEVICE_ALL,association,5,soap skin,18,1
2026-09-15,овсянников мыло,Кемеровская область,11282,control,DEVICE_ALL,association,6,мыло земляничное,2,1
2026-09-15,овсянников мыло,Кемеровская область,11282,control,DEVICE_ALL,association,7,можно ли умываться мылом,11,1
2026-09-15,овсянников мыло,Кемеровская область,11282,control,DEVICE_ALL,association,8,можно ли мыться дегтярным мылом,6,1
2026-09-15,овсянников мыло,Кемеровская область,11282,control,DEVICE_ALL,association,9,можно ли мыть лицо дегтярным мылом,6,1
2026-09-15,овсянников мыло,Кемеровская область,11282,control,DEVICE_ALL,association,10,хозяйственное мыло для лица,7,1
2026-09-15,овсянников мыло,Кировская область,11070,control,DEVICE_ALL,association,1,дегтярное мыло,602,17
2026-09-15,овсянников мыло,Кировская область,11070,control,DEVICE_ALL,association,2,дегтярное мыло для чего,64,17
2026-09-15,овсянников мыло,Кировская область,11070,control,DEVICE_ALL,association,3,марсельское мыло,2,17
2026-09-15,овсянников мыло,Кировская область,11070,control,DEVICE_ALL,association,4,мыление мыла,3,17
2026-09-15,овсянников мыло,Кировская область,11070,control,DEVICE_ALL,association,5,soap skin,20,17
2026-09-15,овсянников мыло,Кировская область,11070,control,DEVICE_ALL,association,6,мыло земляничное,8,17
2026-09-15,овсянников мыло,Кировская область,11070,control,DEVICE_ALL,association,7,можно ли умываться мылом,12,17
2026-09-15,овсянников мыло,Кировская область,11070,control,DEVICE_ALL,association,8,можно ли умываться дегтярным мылом,2,17
2026-09-15,овсянников мыло,Кировская область,11070,control,DEVICE_ALL,association,9,можно ли мыться дегтярным мылом,3,17
2026-09-15,овсянников мыло,Кировская область,11070,control,DEVICE_ALL,association,10,можно ли мыть лицо дегтярным мылом,1,17
2026-09-15,овсянников мыло,Ростовская область,11029,control,DEVICE_ALL,association,1,дегтярное мыло,2238,17
2026-09-15,овсянников мыло,Ростовская область,11029,control,DEVICE_ALL,association,2,дегтярное мыло для чего,433,17
2026-09-15,овсянников мыло,Ростовская область,11029,control,DEVICE_ALL,association,3,марсельское мыло,40,17
2026-09-15,овсянников мыло,Ростовская область,11029,control,DEVICE_ALL,association,4,кокосовое хозяйственное мыло,25,17
2026-09-15,овсянников мыло,Ростовская область,11029,control,DEVICE_ALL,association,5,soap skin,55,17
2026-09-15,овсянников мыло,Ростовская область,11029,control,DEVICE_ALL,association,6,мыло земляничное,49,17
2026-09-15,овсянников мыло,Ростовская область,11029,control,DEVICE_ALL,association,7,можно ли умываться мылом,41,17
2026-09-15,овсянников мыло,Ростовская область,11029,control,DEVICE_ALL,association,8,можно ли умываться дегтярным мылом,4,17
2026-09-15,овсянников мыло,Ростовская область,11029,control,DEVICE_ALL,association,9,можно ли мыться дегтярным мылом,3,17
2026-09-15,овсянников мыло,Ростовская область,11029,control,DEVICE_ALL,association,10,зеленое мыло от каких вредителей,5,17
2026-09-15,овсянников мыло,Ростовская область,11029,control,DEVICE_ALL,association,11,gaze мыло,3,17
2026-09-15,овсянников мыло,Ростовская область,11029,control,DEVICE_ALL,association,12,можно ли мыть лицо дегтярным мылом,7,17
2026-09-15,овсянников мыло,Ростовская область,11029,control,DEVICE_ALL,association,13,зеленое мыло от мучнистого червеца,2,17
2026-09-15,овсянников мыло,Ростовская область,11029,control,DEVICE_ALL,association,14,хозяйственное мыло для лица,11,17
2026-09-15,овсянников мыло,Тюменская область,11176,campaign,DEVICE_ALL,nested,1,овсянников мыло,13,13
2026-09-15,овсянников мыло,Тюменская область,11176,campaign,DEVICE_ALL,nested,2,гель мыло овсянников,7,13
2026-09-15,овсянников мыло,Тюменская область,11176,campaign,DEVICE_ALL,nested,3,мыло овсянников черный перец,4,13
2026-09-15,овсянников мыло,Тюменская область,11176,campaign,DEVICE_ALL,nested,4,овсянников мыло официальный сайт,1,13
2026-09-15,овсянников мыло,Волгоградская область,10950,campaign,DEVICE_ALL,nested,1,овсянников мыло,21,21
2026-09-15,овсянников мыло,Волгоградская область,10950,campaign,DEVICE_ALL,nested,2,овсянников мыло купить,7,21
2026-09-15,овсянников мыло,Воронежская область,10672,campaign,DEVICE_ALL,nested,1,овсянников мыло,14,14
2026-09-15,овсянников мыло,Воронежская область,10672,campaign,DEVICE_ALL,nested,2,овсянников мыло официальный сайт,3,14
2026-09-15,овсянников мыло,Орловская область,10772,campaign,DEVICE_ALL,nested,1,овсянников мыло,4,4
2026-09-15,овсянников мыло,Рязанская область,10776,campaign,DEVICE_ALL,nested,1,овсянников мыло,9,9
2026-09-15,овсянников мыло,Рязанская область,10776,campaign,DEVICE_ALL,nested,2,овсянников мыло отзывы,2,9
2026-09-15,овсянников мыло,Ярославская область,10841,campaign,DEVICE_ALL,nested,1,овсянников мыло,36,36
2026-09-15,овсянников мыло,Ярославская область,10841,campaign,DEVICE_ALL,nested,2,овсянников мыло жидкое,7,36
2026-09-15,овсянников мыло,Ярославская область,10841,campaign,DEVICE_ALL,nested,3,овсянников мыло купить,5,36
2026-09-15,овсянников мыло,Ярославская область,10841,campaign,DEVICE_ALL,nested,4,жидкое мыло черный перец овсянников,5,36
2026-09-15,овсянников мыло,Ярославская область,10841,campaign,DEVICE_ALL,nested,5,мыло овсянников черный перец,5,36
2026-09-15,овсянников мыло,Ярославская область,10841,campaign,DEVICE_ALL,nested,6,мыло и крем овсянников,2,36
2026-09-15,овсянников мыло,Ярославская область,10841,campaign,DEVICE_ALL,nested,7,овсянников мыло официальный сайт,2,36
2026-09-15,овсянников мыло,Костромская область,10699,campaign,DEVICE_ALL,nested,1,овсянников мыло,5,5
2026-09-15,овсянников мыло,Липецкая область,10712,campaign,DEVICE_ALL,nested,1,овсянников мыло,3,3
2026-09-15,овсянников мыло,Липецкая область,10712,campaign,DEVICE_ALL,nested,2,пенное мыло овсянников,2,3
2026-09-15,овсянников мыло,Липецкая область,10712,campaign,DEVICE_ALL,nested,3,мыло овсянников черный перец,1,3
2026-09-15,овсянников мыло,Республика Башкортостан,11111,campaign,DEVICE_ALL,nested,1,овсянников мыло,11,11
2026-09-15,овсянников мыло,Республика Башкортостан,11111,campaign,DEVICE_ALL,nested,2,овсянников мыло жидкое,4,11
2026-09-15,овсянников мыло,Республика Башкортостан,11111,campaign,DEVICE_ALL,nested,3,мыло для рук овсянников,4,11
2026-09-15,овсянников мыло,Республика Башкортостан,11111,campaign,DEVICE_ALL,nested,4,мыло овсянников черный перец,2,11
2026-09-15,овсянников мыло,Новосибирская область,11316,campaign,DEVICE_ALL,nested,1,овсянников мыло,18,18
2026-09-15,овсянников мыло,Новосибирская область,11316,campaign,DEVICE_ALL,nested,2,овсянников мыло официальный сайт,3,18
2026-09-15,овсянников мыло,Саратовская область,11146,campaign,DEVICE_ALL,nested,1,овсянников мыло,2,2
2026-09-15,овсянников мыло,Вологодская область,10853,campaign,DEVICE_ALL,nested,1,овсянников мыло,1,1
2026-09-15,овсянников мыло,Ивановская область,10687,campaign,DEVICE_ALL,nested,1,мыло и крем овсянников,2,2
2026-09-15,овсянников мыло,Ивановская область,10687,campaign,DEVICE_ALL,nested,2,овсянников мыло,2,2
2026-09-15,овсянников мыло,Омская область,11318,campaign,DEVICE_ALL,nested,1,овсянников мыло,3,3
2026-09-15,овсянников мыло,Омская область,11318,campaign,DEVICE_ALL,nested,2,овсянников мыло жидкое,1,3
2026-09-15,овсянников мыло,Астраханская область,10946,control,DEVICE_ALL,nested,1,овсянников мыло,4,4
2026-09-15,овсянников мыло,Кемеровская область,11282,control,DEVICE_ALL,nested,1,овсянников мыло,1,1
2026-09-15,овсянников мыло,Кировская область,11070,control,DEVICE_ALL,nested,1,овсянников мыло,17,17
2026-09-15,овсянников мыло,Кировская область,11070,control,DEVICE_ALL,nested,2,овсянников мыло официальный сайт,3,17
2026-09-15,овсянников мыло,Кировская область,11070,control,DEVICE_ALL,nested,3,гель мыло овсянников,2,17
2026-09-15,овсянников мыло,Кировская область,11070,control,DEVICE_ALL,nested,4,мыло овсянников черный перец,2,17
2026-09-15,овсянников мыло,Кировская область,11070,control,DEVICE_ALL,nested,5,овсянников мыло купить,2,17
2026-09-15,овсянников мыло,Ростовская область,11029,control,DEVICE_ALL,nested,1,овсянников мыло,17,17
2026-09-15,овсянников мыло,Ростовская область,11029,control,DEVICE_ALL,nested,2,овсянников мыло жидкое,8,17
2026-09-15,овсянников мыло,Ростовская область,11029,control,DEVICE_ALL,nested,3,жидкое мыло черный перец овсянников,4,17
2026-09-15,овсянников мыло,Ростовская область,11029,control,DEVICE_ALL,nested,4,мыло овсянников черный перец,4,17
2026-09-15,овсянников мыло,Ростовская область,11029,control,DEVICE_ALL,nested,5,овсянников мыло жидкое купить,3,17
2026-09-15,овсянников мыло,Ростовская область,11029,control,DEVICE_ALL,nested,6,овсянников мыло купить,3,17
2026-09-15,овсянников мыло,Ростовская область,11029,control,DEVICE_ALL,nested,7,парфюмированное мыло овсянников,1,17
