fetched_at,phrase,region_name,region_id,region_type,device,kind,rank,nested_phrase,count,total_count
2026-09-30,овсянников косметика,Тюменская область,11176,campaign,DEVICE_ALL,association,1,kosmetista,2,26
2026-09-30,овсянников косметика,Тюменская область,11176,campaign,DEVICE_ALL,association,2,эксфолиант что это,6,26
2026-09-30,овсянников косметика,Тюменская область,11176,campaign,DEVICE_ALL,association,3,эксфолиант это,8,26
2026-09-30,овсянников косметика,Тюменская область,11176,campaign,DEVICE_ALL,association,4,для чего нужен лосьон для лица,2,26
2026-09-30,овсянников косметика,Тюменская область,11176,campaign,DEVICE_ALL,association,5,косметическое масло,235,26
2026-09-30,овсянников косметика,Тюменская область,11176,campaign,DEVICE_ALL,association,6,что нужно для макияжа лица,45,26
2026-09-30,овсянников косметика,Тюменская область,11176,campaign,DEVICE_ALL,association,7,чем отмыть тональный крем с одежды,2,26
2026-09-30,овсянников косметика,Тюменская область,11176,campaign,DEVICE_ALL,association,8,средства для ухода за лицом bioderma,1,26
2026-09-30,овсянников косметика,Тюменская область,11176,campaign,DEVICE_ALL,association,9,kisy cosmetics,2,26
2026-09-30,овсянников косметика,Тюменская область,11176,campaign,DEVICE_ALL,association,10,эксфолиант что это такое,2,26
2026-09-30,овсянников косметика,Тюменская область,11176,campaign,DEVICE_ALL,association,11,средства для ухода за лицом,91,26
2026-09-30,овсянников косметика,Тюменская область,11176,campaign,DEVICE_ALL,association,12,косметические средства,207,26
2026-09-30,овсянников косметика,Тюменская область,11176,campaign,DEVICE_ALL,association,13,тональное средство,273,26
2026-09-30,овсянников косметика,Тюменская область,11176,campaign,DEVICE_ALL,association,14,косметическая основа,17,26
2026-09-30,овсянников косметика,Волгоградская область,10950,campaign,DEVICE_ALL,association,1,kosmetista,22,92
2026-09-30,овсянников косметика,Волгоградская область,10950,campaign,DEVICE_ALL,association,2,эксфолиант что это,31,92
2026-09-30,овсянников косметика,Волгоградская область,10950,campaign,DEVICE_ALL,association,3,эксфолиант это,37,92
2026-09-30,овсянников косметика,Волгоградская область,10950,campaign,DEVICE_ALL,association,4,для чего нужен лосьон для лица,11,92
2026-09-30,овсянников косметика,Волгоградская область,10950,campaign,DEVICE_ALL,association,5,косметическое масло,350,92
2026-09-30,овсянников косметика,Волгоградская область,10950,campaign,DEVICE_ALL,association,6,что нужно для макияжа лица,33,92
2026-09-30,овсянников косметика,Волгоградская область,10950,campaign,DEVICE_ALL,association,7,чем отмыть тональный крем с одежды,6,92
2026-09-30,овсянников косметика,Волгоградская область,10950,campaign,DEVICE_ALL,association,8,эксфолиант что это такое,2,92
2026-09-30,овсянников косметика,Волгоградская область,10950,campaign,DEVICE_ALL,association,9,средства для ухода за лицом,187,92
2026-09-30,овсянников косметика,Волгоградская область,10950,campaign,DEVICE_ALL,association,10,косметические средства,257,92
2026-09-30,овсянников косметика,Волгоградская область,10950,campaign,DEVICE_ALL,association,11,тональное средство,167,92
2026-09-30,овсянников косметика,Волгоградская область,10950,campaign,DEVICE_ALL,association,12,косметическая основа,13,92
2026-09-30,овсянников косметика,Воронежская область,10672,campaign,DEVICE_ALL,association,1,kosmetista,5,128
2026-09-30,овсянников косметика,Воронежская область,10672,campaign,DEVICE_ALL,association,2,эксфолиант что это,21,128
2026-09-30,овсянников косметика,Воронежская область,10672,campaign,DEVICE_ALL,association,3,эксфолиант это,30,128
2026-09-30,овсянников косметика,Воронежская область,10672,campaign,DEVICE_ALL,association,4,для чего нужен лосьон для лица,4,128
2026-09-30,овсянников косметика,Воронежская область,10672,campaign,DEVICE_ALL,association,5,косметическое масло,397,128
2026-09-30,овсянников косметика,Воронежская область,10672,campaign,DEVICE_ALL,association,6,что нужно для макияжа лица,34,128
2026-09-30,овсянников косметика,Воронежская область,10672,campaign,DEVICE_ALL,association,7,средства для ухода за лицом bioderma,2,128
2026-09-30,овсянников косметика,Воронежская область,10672,campaign,DEVICE_ALL,association,8,kisy cosmetics,6,128
2026-09-30,овсянников косметика,Воронежская область,10672,campaign,DEVICE_ALL,association,9,эксфолиант что это такое,2,128
2026-09-30,овсянников косметика,Воронежская область,10672,campaign,DEVICE_ALL,association,10,машнит косметикс,2,128
2026-09-30,овсянников косметика,Воронежская область,10672,campaign,DEVICE_ALL,association,11,средства для ухода за лицом,190,128
2026-09-30,овсянников косметика,Воронежская область,10672,campaign,DEVICE_ALL,association,12,косметические средства,361,128
2026-09-30,овсянников косметика,Воронежская область,10672,campaign,DEVICE_ALL,association,13,тональное средство,335,128
2026-09-30,овсянников косметика,Воронежская область,10672,campaign,DEVICE_ALL,association,14,что такое лосьон для лица,2,128
2026-09-30,овсянников косметика,Воронежская область,10672,campaign,DEVICE_ALL,association,15,косметическая основа,12,128
2026-09-30,овсянников косметика,Республика Мордовия,11117,campaign,DEVICE_ALL,association,1,эксфолиант что это,2,21
2026-09-30,овсянников косметика,Республика Мордовия,11117,campaign,DEVICE_ALL,association,2,эксфолиант это,2,21
2026-09-30,овсянников косметика,Республика Мордовия,11117,campaign,DEVICE_ALL,association,3,для чего нужен лосьон для лица,3,21
2026-09-30,овсянников косметика,Республика Мордовия,11117,campaign,DEVICE_ALL,association,4,косметическое масло,60,21
2026-09-30,овсянников косметика,Республика Мордовия,11117,campaign,DEVICE_ALL,association,5,что нужно для макияжа лица,7,21
2026-09-30,овсянников косметика,Республика Мордовия,11117,campaign,DEVICE_ALL,association,6,kisy cosmetics,2,21
2026-09-30,овсянников косметика,Республика Мордовия,11117,campaign,DEVICE_ALL,association,7,эксфолиант что это такое,2,21
2026-09-30,овсянников косметика,Республика Мордовия,11117,campaign,DEVICE_ALL,association,8,средства для ухода за лицом,42,21
2026-09-30,овсянников косметика,Республика Мордовия,11117,campaign,DEVICE_ALL,association,9,косметические средства,91,21
2026-09-30,овсянников косметика,Республика Мордовия,11117,campaign,DEVICE_ALL,association,10,тональное средство,66,21
2026-09-30,овсянников косметика,Республика Мордовия,11117,campaign,DEVICE_ALL,association,11,косметическая основа,5,21
2026-09-30,овсянников косметика,Орловская область,10772,campaign,DEVICE_ALL,association,1,kosmetista,8,10
2026-09-30,овсянников косметика,Орловская область,10772,campaign,DEVICE_ALL,association,2,эксфолиант это,1,10
2026-09-30,овсянников косметика,Орловская область,10772,campaign,DEVICE_ALL,association,3,для чего нужен лосьон для лица,6,10
2026-09-30,овсянников косметика,Орловская область,10772,campaign,DEVICE_ALL,association,4,косметическое масло,110,10
2026-09-30,овсянников косметика,Орловская область,10772,campaign,DEVICE_ALL,association,5,что нужно для макияжа лица,18,10
2026-09-30,овсянников косметика,Орловская область,10772,campaign,DEVICE_ALL,association,6,машнит косметикс,3,10
2026-09-30,овсянников косметика,Орловская область,10772,campaign,DEVICE_ALL,association,7,средства для ухода за лицом,39,10
2026-09-30,овсянников косметика,Орловская область,10772,campaign,DEVICE_ALL,association,8,косметические средства,92,10
2026-09-30,овсянников косметика,Орловская область,10772,campaign,DEVICE_ALL,association,9,тональное средство,83,10
2026-09-30,овсянников косметика,Орловская область,10772,campaign,DEVICE_ALL,association,10,косметическая основа,3,10
2026-09-30,овсянников косметика,Рязанская область,10776,campaign,DEVICE_ALL,association,1,kosmetista,14,17
2026-09-30,овсянников косметика,Рязанская область,10776,campaign,DEVICE_ALL,association,2,эксфолиант что это,10,17
2026-09-30,овсянников косметика,Рязанская область,10776,campaign,DEVICE_ALL,association,3,эксфолиант это,13,17
2026-09-30,овсянников косметика,Рязанская область,10776,campaign,DEVICE_ALL,association,4,для чего нужен лосьон для лица,1,17
2026-09-30,овсянников косметика,Рязанская область,10776,campaign,DEVICE_ALL,association,5,косметическое масло,198,17
2026-09-30,овсянников косметика,Рязанская область,10776,campaign,DEVICE_ALL,association,6,что нужно для макияжа лица,27,17
2026-09-30,овсянников косметика,Рязанская область,10776,campaign,DEVICE_ALL,association,7,эксфолиант что это такое,3,17
2026-09-30,овсянников косметика,Рязанская область,10776,campaign,DEVICE_ALL,association,8,средства для ухода за лицом,49,17
2026-09-30,овсянников косметика,Рязанская область,10776,campaign,DEVICE_ALL,association,9,косметические средства,157,17
2026-09-30,овсянников косметика,Рязанская область,10776,campaign,DEVICE_ALL,association,10,тональное средство,110,17
2026-09-30,овсянников косметика,Рязанская область,10776,campaign,DEVICE_ALL,association,11,косметическая основа,14,17
2026-09-30,овсянников косметика,Ярославская область,10841,campaign,DEVICE_ALL,association,1,kosmetista,1,151
2026-09-30,овсянников косметика,Ярославская область,10841,campaign,DEVICE_ALL,association,2,эксфолиант что это,6,151
2026-09-30,овсянников косметика,Ярославская область,10841,campaign,DEVICE_ALL,association,3,эксфолиант это,13,151
2026-09-30,овсянников косметика,Ярославская область,10841,campaign,DEVICE_ALL,association,4,для чего нужен лосьон для лица,4,151
2026-09-30,овсянников косметика,Ярославская область,10841,campaign,DEVICE_ALL,association,5,косметическое масло,157,151
2026-09-30,овсянников косметика,Ярославская область,10841,campaign,DEVICE_ALL,association,6,что нужно для макияжа лица,19,151
2026-09-30,овсянников косметика,Ярославская область,10841,campaign,DEVICE_ALL,association,7,чем отмыть тональный крем с одежды,1,151
2026-09-30,овсянников косметика,Ярославская область,10841,campaign,DEVICE_ALL,association,8,эксфолиант что это такое,1,151
2026-09-30,овсянников косметика,Ярославская область,10841,campaign,DEVICE_ALL,association,9,средства для ухода за лицом,112,151
2026-09-30,овсянников косметика,Ярославская область,10841,campaign,DEVICE_ALL,association,10,косметические средства,198,151
2026-09-30,овсянников косметика,Ярославская область,10841,campaign,DEVICE_ALL,association,11,тональное средство,169,151
2026-09-30,овсянников косметика,Ярославская область,10841,campaign,DEVICE_ALL,association,12,косметическая основа,12,151
2026-09-30,овсянников косметика,Костромская область,10699,campaign,DEVICE_ALL,association,1,kosmetista,2,63
2026-09-30,овсянников косметика,Костромская область,10699,campaign,DEVICE_ALL,association,2,эксфолиант что это,2,63
2026-09-30,овсянников косметика,Костромская область,10699,campaign,DEVICE_ALL,association,3,эксфолиант это,6,63
2026-09-30,овсянников косметика,Костромская область,10699,campaign,DEVICE_ALL,association,4,косметическое масло,110,63
2026-09-30,овсянников косметика,Костромская область,10699,campaign,DEVICE_ALL,association,5,что нужно для макияжа лица,28,63
2026-09-30,овсянников косметика,Костромская область,10699,campaign,DEVICE_ALL,association,6,средства для ухода за лицом bioderma,1,63
2026-09-30,овсянников косметика,Костромская область,10699,campaign,DEVICE_ALL,association,7,эксфолиант что это такое,1,63
2026-09-30,овсянников косметика,Костромская область,10699,campaign,DEVICE_ALL,association,8,средства для ухода за лицом,40,63
2026-09-30,овсянников косметика,Костромская область,10699,campaign,DEVICE_ALL,association,9,косметические средства,113,63
2026-09-30,овсянников косметика,Костромская область,10699,campaign,DEVICE_ALL,association,10,тональное средство,43,63
2026-09-30,овсянников косметика,Костромская область,10699,campaign,DEVICE_ALL,association,11,что такое лосьон для лица,2,63
2026-09-30,овсянников косметика,Костромская область,10699,campaign,DEVICE_ALL,association,12,косметическая основа,2,63
2026-09-30,овсянников косметика,Липецкая область,10712,campaign,DEVICE_ALL,association,1,kosmetista,55,1
2026-09-30,овсянников косметика,Липецкая область,10712,campaign,DEVICE_ALL,association,2,эксфолиант что это,4,1
2026-09-30,овсянников косметика,Липецкая область,10712,campaign,DEVICE_ALL,association,3,эксфолиант это,4,1
2026-09-30,овсянников косметика,Липецкая область,10712,campaign,DEVICE_ALL,association,4,косметическое масло,93,1
2026-09-30,овсянников косметика,Липецкая область,10712,campaign,DEVICE_ALL,association,5,что нужно для макияжа лица,22,1
2026-09-30,овсянников косметика,Липецкая область,10712,campaign,DEVICE_ALL,association,6,чем отмыть тональный крем с одежды,2,1
2026-09-30,овсянников косметика,Липецкая область,10712,campaign,DEVICE_ALL,association,7,эксфолиант что это такое,1,1
2026-09-30,овсянников косметика,Липецкая область,10712,campaign,DEVICE_ALL,association,8,машнит косметикс,1,1
2026-09-30,овсянников косметика,Липецкая область,10712,campaign,DEVICE_ALL,association,9,средства для ухода за лицом,81,1
2026-09-30,овсянников косметика,Липецкая область,10712,campaign,DEVICE_ALL,association,10,косметические средства,152,1
2026-09-30,овсянников косметика,Липецкая область,10712,campaign,DEVICE_ALL,association,11,тональное средство,139,1
2026-09-30,овсянников косметика,Липецкая область,10712,campaign,DEVICE_ALL,association,12,косметическая основа,4,1
2026-09-30,овсянников косметика,Республика Башкортостан,11111,campaign,DEVICE_ALL,association,1,kosmetista,6,13
2026-09-30,овсянников косметика,Республика Башкортостан,11111,campaign,DEVICE_ALL,association,2,эксфолиант что это,2,13
2026-09-30,овсянников косметика,Республика Башкортостан,11111,campaign,DEVICE_ALL,association,3,эксфолиант это,4,13
2026-09-30,овсянников косметика,Республика Башкортостан,11111,campaign,DEVICE_ALL,association,4,для чего нужен лосьон для лица,11,13
2026-09-30,овсянников косметика,Республика Башкортостан,11111,campaign,DEVICE_ALL,association,5,косметическое масло,404,13
2026-09-30,овсянников косметика,Республика Башкортостан,11111,campaign,DEVICE_ALL,association,6,что нужно для макияжа лица,73,13
2026-09-30,овсянников косметика,Республика Башкортостан,11111,campaign,DEVICE_ALL,association,7,чем отмыть тональный крем с одежды,5,13
2026-09-30,овсянников косметика,Республика Башкортостан,11111,campaign,DEVICE_ALL,association,8,kisy cosmetics,1,13
2026-09-30,овсянников косметика,Республика Башкортостан,11111,campaign,DEVICE_ALL,association,9,машнит косметикс,8,13
2026-09-30,овсянников косметика,Республика Башкортостан,11111,campaign,DEVICE_ALL,association,10,средства для ухода за лицом,269,13
2026-09-30,овсянников косметика,Республика Башкортостан,11111,campaign,DEVICE_ALL,association,11,косметические средства,438,13
2026-09-30,овсянников косметика,Республика Башкортостан,11111,campaign,DEVICE_ALL,association,12,тональное средство,400,13
2026-09-30,овсянников косметика,Республика Башкортостан,11111,campaign,DEVICE_ALL,association,13,что такое лосьон для лица,4,13
2026-09-30,овсянников косметика,Республика Башкортостан,11111,campaign,DEVICE_ALL,association,14,косметическая основа,23,13
2026-09-30,овсянников косметика,Новосибирская область,11316,campaign,DEVICE_ALL,association,1,kosmetista,3,59
2026-09-30,овсянников косметика,Новосибирская область,11316,campaign,DEVICE_ALL,association,2,эксфолиант что это,4,59
2026-09-30,овсянников косметика,Новосибирская область,11316,campaign,DEVICE_ALL,association,3,эксфолиант это,21,59
2026-09-30,овсянников косметика,Новосибирская область,11316,campaign,DEVICE_ALL,association,4,для чего нужен лосьон для лица,16,59
2026-09-30,овсянников косметика,Новосибирская область,11316,campaign,DEVICE_ALL,association,5,косметическое масло,331,59
2026-09-30,овсянников косметика,Новосибирская область,11316,campaign,DEVICE_ALL,association,6,что нужно для макияжа лица,46,59
2026-09-30,овсянников косметика,Новосибирская область,11316,campaign,DEVICE_ALL,association,7,эксфолиант что это такое,2,59
2026-09-30,овсянников косметика,Новосибирская область,11316,campaign,DEVICE_ALL,association,8,машнит косметикс,7,59
2026-09-30,овсянников косметика,Новосибирская область,11316,campaign,DEVICE_ALL,association,9,средства для ухода за лицом,229,59
2026-09-30,овсянников косметика,Новосибирская область,11316,campaign,DEVICE_ALL,association,10,косметические средства,509,59
2026-09-30,овсянников косметика,Новосибирская область,11316,campaign,DEVICE_ALL,association,11,тональное средство,467,59
2026-09-30,овсянников косметика,Новосибирская область,11316,campaign,DEVICE_ALL,association,12,косметическая основа,29,59
2026-09-30,овсянников косметика,Саратовская область,11146,campaign,DEVICE_ALL,association,1,kosmetista,2,54
2026-09-30,овсянников косметика,Саратовская область,11146,campaign,DEVICE_ALL,association,2,эксфолиант что это,14,54
2026-09-30,овсянников косметика,Саратовская область,11146,campaign,DEVICE_ALL,association,3,эксфолиант это,21,54
2026-09-30,овсянников косметика,Саратовская область,11146,campaign,DEVICE_ALL,association,4,для чего нужен лосьон для лица,6,54
2026-09-30,овсянников косметика,Саратовская область,11146,campaign,DEVICE_ALL,association,5,косметическое масло,352,54
2026-09-30,овсянников косметика,Саратовская область,11146,campaign,DEVICE_ALL,association,6,что нужно для макияжа лица,40,54
2026-09-30,овсянников косметика,Саратовская область,11146,campaign,DEVICE_ALL,association,7,средства для ухода за лицом bioderma,1,54
2026-09-30,овсянников косметика,Саратовская область,11146,campaign,DEVICE_ALL,association,8,kisy cosmetics,2,54
2026-09-30,овсянников косметика,Саратовская область,11146,campaign,DEVICE_ALL,association,9,эксфолиант что это такое,5,54
2026-09-30,овсянников косметика,Саратовская область,11146,campaign,DEVICE_ALL,association,10,средства для ухода за лицом,121,54
2026-09-30,овсянников косметика,Саратовская область,11146,campaign,DEVICE_ALL,association,11,косметические средства,258,54
2026-09-30,овсянников косметика,Саратовская область,11146,campaign,DEVICE_ALL,association,12,тональное средство,245,54
2026-09-30,овсянников косметика,Саратовская область,11146,campaign,DEVICE_ALL,association,13,что такое лосьон для лица,3,54
2026-09-30,овсянников косметика,Саратовская область,11146,campaign,DEVICE_ALL,association,14,косметическая основа,20,54
2026-09-30,овсянников косметика,Томская область,11353,campaign,DEVICE_ALL,association,1,эксфолиант это,1,13
2026-09-30,овсянников косметика,Томская область,11353,campaign,DEVICE_ALL,association,2,для чего нужен лосьон для лица,2,13
2026-09-30,овсянников косметика,Томская область,11353,campaign,DEVICE_ALL,association,3,косметическое масло,117,13
2026-09-30,овсянников косметика,Томская область,11353,campaign,DEVICE_ALL,association,4,что нужно для макияжа лица,5,13
2026-09-30,овсянников косметика,Томская область,11353,campaign,DEVICE_ALL,association,5,чем отмыть тональный крем с одежды,1,13
2026-09-30,овсянников косметика,Томская область,11353,campaign,DEVICE_ALL,association,6,машнит косметикс,1,13
2026-09-30,овсянников косметика,Томская область,11353,campaign,DEVICE_ALL,association,7,средства для ухода за лицом,62,13
2026-09-30,овсянников косметика,Томская область,11353,campaign,DEVICE_ALL,association,8,косметические средства,114,13
2026-09-30,овсянников косметика,Томская область,11353,campaign,DEVICE_ALL,association,9,тональное средство,58,13
2026-09-30,овсянников косметика,Томская область,11353,campaign,DEVICE_ALL,association,10,что такое лосьон для лица,1,13
2026-09-30,овсянников косметика,Томская область,11353,campaign,DEVICE_ALL,association,11,косметическая основа,2,13
2026-09-30,овсянников косметика,Вологодская область,10853,campaign,DEVICE_ALL,association,1,kosmetista,1,14
2026-09-30,овсянников косметика,Вологодская область,10853,campaign,DEVICE_ALL,association,2,эксфолиант что это,4,14
2026-09-30,овсянников косметика,Вологодская область,10853,campaign,DEVICE_ALL,association,3,эксфолиант это,6,14
2026-09-30,овсянников косметика,Вологодская область,10853,campaign,DEVICE_ALL,association,4,для чего нужен лосьон для лица,1,14
2026-09-30,овсянников косметика,Вологодская область,10853,campaign,DEVICE_ALL,association,5,косметическое масло,137,14
2026-09-30,овсянников косметика,Вологодская область,10853,campaign,DEVICE_ALL,association,6,что нужно для макияжа лица,35,14
2026-09-30,овсянников косметика,Вологодская область,10853,campaign,DEVICE_ALL,association,7,чем отмыть тональный крем с одежды,6,14
2026-09-30,овсянников косметика,Вологодская область,10853,campaign,DEVICE_ALL,association,8,средства для ухода за лицом bioderma,2,14
2026-09-30,овсянников косметика,Вологодская область,10853,campaign,DEVICE_ALL,association,9,эксфолиант что это такое,3,14
2026-09-30,овсянников косметика,Вологодская область,10853,campaign,DEVICE_ALL,association,10,машнит косметикс,4,14
2026-09-30,овсянников косметика,Вологодская область,10853,campaign,DEVICE_ALL,association,11,средства для ухода за лицом,110,14
2026-09-30,овсянников косметика,Вологодская область,10853,campaign,DEVICE_ALL,association,12,косметические средства,210,14
2026-09-30,овсянников косметика,Вологодская область,10853,campaign,DEVICE_ALL,association,13,тональное средство,120,14
2026-09-30,овсянников косметика,Вологодская область,10853,campaign,DEVICE_ALL,association,14,косметическая основа,12,14
2026-09-30,овсянников косметика,Алтайский край,11235,campaign,DEVICE_ALL,association,1,kosmetista,6,5
2026-09-30,овсянников косметика,Алтайский край,11235,campaign,DEVICE_ALL,association,2,эксфолиант что это,14,5
2026-09-30,овсянников косметика,Алтайский край,11235,campaign,DEVICE_ALL,association,3,эксфолиант это,24,5
2026-09-30,овсянников косметика,Алтайский край,11235,campaign,DEVICE_ALL,association,4,косметическое масло,194,5
2026-09-30,овсянников косметика,Алтайский край,11235,campaign,DEVICE_ALL,association,5,что нужно для макияжа лица,18,5
2026-09-30,овсянников косметика,Алтайский край,11235,campaign,DEVICE_ALL,association,6,чем отмыть тональный крем с одежды,1,5
2026-09-30,овсянников косметика,Алтайский край,11235,campaign,DEVICE_ALL,association,7,эксфолиант что это такое,5,5
2026-09-30,овсянников косметика,Алтайский край,11235,campaign,DEVICE_ALL,association,8,машнит косметикс,2,5
2026-09-30,овсянников косметика,Алтайский край,11235,campaign,DEVICE_ALL,association,9,средства для ухода за лицом,97,5
2026-09-30,овсянников косметика,Алтайский край,11235,campaign,DEVICE_ALL,association,10,косметические средства,276,5
2026-09-30,овсянников косметика,Алтайский край,11235,campaign,DEVICE_ALL,association,11,тональное средство,273,5
2026-09-30,овсянников косметика,Алтайский край,11235,campaign,DEVICE_ALL,association,12,косметическая основа,29,5
2026-09-30,овсянников косметика,Ивановская область,10687,campaign,DEVICE_ALL,association,1,kosmetista,3,19
2026-09-30,овсянников косметика,Ивановская область,10687,campaign,DEVICE_ALL,association,2,эксфолиант что это,7,19
2026-09-30,овсянников косметика,Ивановская область,10687,campaign,DEVICE_ALL,association,3,эксфолиант это,7,19
2026-09-30,овсянников косметика,Ивановская область,10687,campaign,DEVICE_ALL,association,4,для чего нужен лосьон для лица,1,19
2026-09-30,овсянников косметика,Ивановская область,10687,campaign,DEVICE_ALL,association,5,косметическое масло,169,19
2026-09-30,овсянников косметика,Ивановская область,10687,campaign,DEVICE_ALL,association,6,что нужно для макияжа лица,21,19
2026-09-30,овсянников косметика,Ивановская область,10687,campaign,DEVICE_ALL,association,7,чем отмыть тональный крем с одежды,2,19
2026-09-30,овсянников косметика,Ивановская область,10687,campaign,DEVICE_ALL,association,8,средства для ухода за лицом bioderma,1,19
2026-09-30,овсянников косметика,Ивановская область,10687,campaign,DEVICE_ALL,association,9,эксфолиант что это такое,2,19
2026-09-30,овсянников косметика,Ивановская область,10687,campaign,DEVICE_ALL,association,10,средства для ухода за лицом,59,19
2026-09-30,овсянников косметика,Ивановская область,10687,campaign,DEVICE_ALL,association,11,косметические средства,167,19
2026-09-30,овсянников косметика,Ивановская область,10687,campaign,DEVICE_ALL,association,12,тональное средство,98,19
2026-09-30,овсянников косметика,Ивановская область,10687,campaign,DEVICE_ALL,association,13,косметическая основа,5,19
2026-09-30,овсянников косметика,Омская область,11318,campaign,DEVICE_ALL,association,1,kosmetista,1,4
2026-09-30,овсянников косметика,Омская область,11318,campaign,DEVICE_ALL,association,2,эксфолиант что это,15,4
2026-09-30,овсянников косметика,Омская область,11318,campaign,DEVICE_ALL,association,3,эксфолиант это,16,4
2026-09-30,овсянников косметика,Омская область,11318,campaign,DEVICE_ALL,association,4,для чего нужен лосьон для лица,1,4
2026-09-30,овсянников косметика,Омская область,11318,campaign,DEVICE_ALL,association,5,косметическое масло,203,4
2026-09-30,овсянников косметика,Омская область,11318,campaign,DEVICE_ALL,association,6,что нужно для макияжа лица,40,4
2026-09-30,овсянников косметика,Омская область,11318,campaign,DEVICE_ALL,association,7,чем отмыть тональный крем с одежды,4,4
2026-09-30,овсянников косметика,Омская область,11318,campaign,DEVICE_ALL,association,8,средства для ухода за лицом,82,4
2026-09-30,овсянников косметика,Омская область,11318,campaign,DEVICE_ALL,association,9,косметические средства,218,4
2026-09-30,овсянников косметика,Омская область,11318,campaign,DEVICE_ALL,association,10,тональное средство,216,4
2026-09-30,овсянников косметика,Омская область,11318,campaign,DEVICE_ALL,association,11,косметическая основа,4,4
2026-09-30,овсянников косметика,Астраханская область,10946,control,DEVICE_ALL,association,1,эксфолиант что это,6,2
2026-09-30,овсянников косметика,Астраханская область,10946,control,DEVICE_ALL,association,2,эксфолиант это,6,2
2026-09-30,овсянников косметика,Астраханская область,10946,control,DEVICE_ALL,association,3,косметическое масло,99,2
2026-09-30,овсянников косметика,Астраханская область,10946,control,DEVICE_ALL,association,4,что нужно для макияжа лица,3,2
2026-09-30,овсянников косметика,Астраханская область,10946,control,DEVICE_ALL,association,5,чем отмыть тональный крем с одежды,2,2
2026-09-30,овсянников косметика,Астраханская область,10946,control,DEVICE_ALL,association,6,машнит косметикс,4,2
2026-09-30,овсянников косметика,Астраханская область,10946,control,DEVICE_ALL,association,7,средства для ухода за лицом,37,2
2026-09-30,овсянников косметика,Астраханская область,10946,control,DEVICE_ALL,association,8,косметические средства,117,2
2026-09-30,овсянников косметика,Астраханская область,10946,control,DEVICE_ALL,association,9,тональное средство,119,2
2026-09-30,овсянников косметика,Астраханская область,10946,control,DEVICE_ALL,association,10,что такое лосьон для лица,3,2
2026-09-30,овсянников косметика,Астраханская область,10946,control,DEVICE_ALL,association,11,косметическая основа,4,2
2026-09-30,овсянников косметика,Кемеровская область,11282,control,DEVICE_ALL,association,1,эксфолиант что это,13,1
2026-09-30,овсянников косметика,Кемеровская область,11282,control,DEVICE_ALL,association,2,эксфолиант это,22,1
2026-09-30,овсянников косметика,Кемеровская область,11282,control,DEVICE_ALL,association,3,для чего нужен лосьон для лица,3,1
2026-09-30,овсянников косметика,Кемеровская область,11282,control,DEVICE_ALL,association,4,косметическое масло,330,1
2026-09-30,овсянников косметика,Кемеровская область,11282,control,DEVICE_ALL,association,5,что нужно для макияжа лица,47,1
2026-09-30,овсянников косметика,Кемеровская область,11282,control,DEVICE_ALL,association,6,эксфолиант что это такое,1,1
2026-09-30,овсянников косметика,Кемеровская область,11282,control,DEVICE_ALL,association,7,машнит косметикс,3,1
2026-09-30,овсянников косметика,Кемеровская область,11282,control,DEVICE_ALL,association,8,средства для ухода за лицом,116,1
2026-09-30,овсянников косметика,Кемеровская область,11282,control,DEVICE_ALL,association,9,косметические средства,291,1
2026-09-30,овсянников косметика,Кемеровская область,11282,control,DEVICE_ALL,association,10,тональное средство,205,1
2026-09-30,овсянников косметика,Кемеровская область,11282,control,DEVICE_ALL,association,11,что такое лосьон для лица,2,1
2026-09-30,овсянников косметика,Кемеровская область,11282,control,DEVICE_ALL,association,12,косметическая основа,9,1
2026-09-30,овсянников косметика,Пензенская область,11095,control,DEVICE_ALL,association,1,эксфолиант что это,5,4
2026-09-30,овсянников косметика,Пензенская область,11095,control,DEVICE_ALL,association,2,эксфолиант это,7,4
2026-09-30,овсянников косметика,Пензенская область,11095,control,DEVICE_ALL,association,3,косметическое масло,132,4
2026-09-30,овсянников косметика,Пензенская область,11095,control,DEVICE_ALL,association,4,что нужно для макияжа лица,19,4
2026-09-30,овсянников косметика,Пензенская область,11095,control,DEVICE_ALL,association,5,чем отмыть тональный крем с одежды,3,4
2026-09-30,овсянников косметика,Пензенская область,11095,control,DEVICE_ALL,association,6,средства для ухода за лицом bioderma,1,4
2026-09-30,овсянников косметика,Пензенская область,11095,control,DEVICE_ALL,association,7,эксфолиант что это такое,3,4
2026-09-30,овсянников косметика,Пензенская область,11095,control,DEVICE_ALL,association,8,средства для ухода за лицом,66,4
2026-09-30,овсянников косметика,Пензенская область,11095,control,DEVICE_ALL,association,9,косметические средства,146,4
2026-09-30,овсянников косметика,Пензенская область,11095,control,DEVICE_ALL,association,10,тональное средство,178,4
2026-09-30,овсянников косметика,Пензенская область,11095,control,DEVICE_ALL,association,11,что такое лосьон для лица,1,4
2026-09-30,овсянников косметика,Пензенская область,11095,control,DEVICE_ALL,association,12,косметическая основа,16,4
2026-09-30,овсянников косметика,Ростовская область,11029,control,DEVICE_ALL,association,1,kosmetista,4,17
2026-09-30,овсянников косметика,Ростовская область,11029,control,DEVICE_ALL,association,2,эксфолиант что это,26,17
2026-09-30,овсянников косметика,Ростовская область,11029,control,DEVICE_ALL,association,3,эксфолиант это,29,17
2026-09-30,овсянников косметика,Ростовская область,11029,control,DEVICE_ALL,association,4,для чего нужен лосьон для лица,7,17
2026-09-30,овсянников косметика,Ростовская область,11029,control,DEVICE_ALL,association,5,косметическое масло,516,17
2026-09-30,овсянников косметика,Ростовская область,11029,control,DEVICE_ALL,association,6,что нужно для макияжа лица,83,17
2026-09-30,овсянников косметика,Ростовская область,11029,control,DEVICE_ALL,association,7,чем отмыть тональный крем с одежды,9,17
2026-09-30,овсянников косметика,Ростовская область,11029,control,DEVICE_ALL,association,8,средства для ухода за лицом bioderma,4,17
2026-09-30,овсянников косметика,Ростовская область,11029,control,DEVICE_ALL,association,9,kisy cosmetics,6,17
2026-09-30,овсянников косметика,Ростовская область,11029,control,DEVICE_ALL,association,10,эксфолиант что это такое,10,17
2026-09-30,овсянников косметика,Ростовская область,11029,control,DEVICE_ALL,association,11,машнит косметикс,8,17
2026-09-30,овсянников косметика,Ростовская область,11029,control,DEVICE_ALL,association,12,средства для ухода за лицом,298,17
2026-09-30,овсянников косметика,Ростовская область,11029,control,DEVICE_ALL,association,13,косметические средства,541,17
2026-09-30,овсянников косметика,Ростовская область,11029,control,DEVICE_ALL,association,14,тональное средство,514,17
2026-09-30,овсянников косметика,Ростовская область,11029,control,DEVICE_ALL,association,15,что такое лосьон для лица,1,17
2026-09-30,овсянников косметика,Ростовская область,11029,control,DEVICE_ALL,association,16,косметическая основа,39,17
2026-09-30,овсянников косметика,Тульская область,10832,control,DEVICE_ALL,association,1,kosmetista,1,8
2026-09-30,овсянников косметика,Тульская область,10832,control,DEVICE_ALL,association,2,эксфолиант что это,8,8
2026-09-30,овсянников косметика,Тульская область,10832,control,DEVICE_ALL,association,3,эксфолиант это,12,8
2026-09-30,овсянников косметика,Тульская область,10832,control,DEVICE_ALL,association,4,для чего нужен лосьон для лица,4,8
2026-09-30,овсянников косметика,Тульская область,10832,control,DEVICE_ALL,association,5,косметическое масло,219,8
2026-09-30,овсянников косметика,Тульская область,10832,control,DEVICE_ALL,association,6,что нужно для макияжа лица,26,8
2026-09-30,овсянников косметика,Тульская область,10832,control,DEVICE_ALL,association,7,чем отмыть тональный крем с одежды,2,8
2026-09-30,овсянников косметика,Тульская область,10832,control,DEVICE_ALL,association,8,эксфолиант что это такое,5,8
2026-09-30,овсянников косметика,Тульская область,10832,control,DEVICE_ALL,association,9,машнит косметикс,2,8
2026-09-30,овсянников косметика,Тульская область,10832,control,DEVICE_ALL,association,10,средства для ухода за лицом,149,8
2026-09-30,овсянников косметика,Тульская область,10832,control,DEVICE_ALL,association,11,косметические средства,263,8
2026-09-30,овсянников косметика,Тульская область,10832,control,DEVICE_ALL,association,12,тональное средство,154,8
2026-09-30,овсянников косметика,Тульская область,10832,control,DEVICE_ALL,association,13,косметическая основа,2,8
2026-09-30,овсянников косметика,Тюменская область,11176,campaign,DEVICE_ALL,nested,1,овсянников косметика,26,26
2026-09-30,овсянников косметика,Тюменская область,11176,campaign,DEVICE_ALL,nested,2,овсянников косметика пробники,4,26
2026-09-30,овсянников косметика,Тюменская область,11176,campaign,DEVICE_ALL,nested,3,овсянников косметика официальный,1,26
2026-09-30,овсянников косметика,Тюменская область,11176,campaign,DEVICE_ALL,nested,4,овсянников косметика официальный сайт,1,26
2026-09-30,овсянников косметика,Тюменская область,11176,campaign,DEVICE_ALL,nested,5,овсянников косметика отзывы,1,26
2026-09-30,овсянников косметика,Волгоградская область,10950,campaign,DEVICE_ALL,nested,1,овсянников косметика,92,92
2026-09-30,овсянников косметика,Волгоградская область,10950,campaign,DEVICE_ALL,nested,2,овсянников косметика официальный,25,92
2026-09-30,овсянников косметика,Волгоградская область,10950,campaign,DEVICE_ALL,nested,3,овсянников косметика официальный сайт,24,92
2026-09-30,овсянников косметика,Волгоградская область,10950,campaign,DEVICE_ALL,nested,4,овсянников косметика пробники,5,92
2026-09-30,овсянников косметика,Волгоградская область,10950,campaign,DEVICE_ALL,nested,5,овсянников косметика где производят,4,92
2026-09-30,овсянников косметика,Волгоградская область,10950,campaign,DEVICE_ALL,nested,6,овсянников косметика и парфюмерия,3,92
2026-09-30,овсянников косметика,Волгоградская область,10950,campaign,DEVICE_ALL,nested,7,овсянников косметика отзывы,2,92
2026-09-30,овсянников косметика,Волгоградская область,10950,campaign,DEVICE_ALL,nested,8,российская косметика овсянников,2,92
2026-09-30,овсянников косметика,Волгоградская область,10950,campaign,DEVICE_ALL,nested,9,овсянников косметика бесплатно,1,92
2026-09-30,овсянников косметика,Волгоградская область,10950,campaign,DEVICE_ALL,nested,10,овсянников косметика и парфюмерия официальный,1,92
2026-09-30,овсянников косметика,Волгоградская область,10950,campaign,DEVICE_ALL,nested,11,овсянников косметика и парфюмерия официальный сайт,1,92
2026-09-30,овсянников косметика,Воронежская область,10672,campaign,DEVICE_ALL,nested,1,овсянников косметика,128,128
2026-09-30,овсянников косметика,Воронежская область,10672,campaign,DEVICE_ALL,nested,2,овсянников косметика и парфюмерия,21,128
2026-09-30,овсянников косметика,Воронежская область,10672,campaign,DEVICE_ALL,nested,3,овсянников косметика официальный,14,128
2026-09-30,овсянников косметика,Воронежская область,10672,campaign,DEVICE_ALL,nested,4,российская косметика овсянников,12,128
2026-09-30,овсянников косметика,Воронежская область,10672,campaign,DEVICE_ALL,nested,5,овсянников косметика официальный сайт,9,128
2026-09-30,овсянников косметика,Воронежская область,10672,campaign,DEVICE_ALL,nested,6,косметика для бизнеса овсянников,7,128
2026-09-30,овсянников косметика,Воронежская область,10672,campaign,DEVICE_ALL,nested,7,овсянников косметика бесплатно,6,128
2026-09-30,овсянников косметика,Воронежская область,10672,campaign,DEVICE_ALL,nested,8,овсянников косметика пробники,2,128
2026-09-30,овсянников косметика,Воронежская область,10672,campaign,DEVICE_ALL,nested,9,овсянников косметика и парфюмерия официальный,2,128
2026-09-30,овсянников косметика,Воронежская область,10672,campaign,DEVICE_ALL,nested,10,овсянников косметика и парфюмерия официальный сайт,2,128
2026-09-30,овсянников косметика,Республика Мордовия,11117,campaign,DEVICE_ALL,nested,1,овсянников косметика,21,21
2026-09-30,овсянников косметика,Республика Мордовия,11117,campaign,DEVICE_ALL,nested,2,овсянников косметика официальный,1,21
2026-09-30,овсянников косметика,Республика Мордовия,11117,campaign,DEVICE_ALL,nested,3,овсянников косметика официальный сайт,1,21
2026-09-30,овсянников косметика,Орловская область,10772,campaign,DEVICE_ALL,nested,1,овсянников косметика,10,10
2026-09-30,овсянников косметика,Орловская область,10772,campaign,DEVICE_ALL,nested,2,овсянников бренд косметики,4,10
2026-09-30,овсянников косметика,Орловская область,10772,campaign,DEVICE_ALL,nested,3,овсянников косметика и парфюмерия,2,10
2026-09-30,овсянников косметика,Орловская область,10772,campaign,DEVICE_ALL,nested,4,овсянников косметика и парфюмерия официальный,2,10
2026-09-30,овсянников косметика,Орловская область,10772,campaign,DEVICE_ALL,nested,5,овсянников косметика и парфюмерия официальный сайт,2,10
2026-09-30,овсянников косметика,Орловская область,10772,campaign,DEVICE_ALL,nested,6,овсянников косметика официальный,2,10
2026-09-30,овсянников косметика,Орловская область,10772,campaign,DEVICE_ALL,nested,7,овсянников косметика официальный сайт,2,10
2026-09-30,овсянников косметика,Рязанская область,10776,campaign,DEVICE_ALL,nested,1,овсянников косметика,17,17
2026-09-30,овсянников косметика,Рязанская область,10776,campaign,DEVICE_ALL,nested,2,овсянников косметика официальный,4,17
2026-09-30,овсянников косметика,Рязанская область,10776,campaign,DEVICE_ALL,nested,3,овсянников бренд косметики,2,17
2026-09-30,овсянников косметика,Рязанская область,10776,campaign,DEVICE_ALL,nested,4,овсянников косметика официальный сайт,2,17
2026-09-30,овсянников косметика,Ярославская область,10841,campaign,DEVICE_ALL,nested,1,овсянников косметика,151,151
2026-09-30,овсянников косметика,Ярославская область,10841,campaign,DEVICE_ALL,nested,2,овсянников косметика официальный,32,151
2026-09-30,овсянников косметика,Ярославская область,10841,campaign,DEVICE_ALL,nested,3,овсянников косметика официальный сайт,30,151
2026-09-30,овсянников косметика,Ярославская область,10841,campaign,DEVICE_ALL,nested,4,овсянников косметика бесплатно,13,151
2026-09-30,овсянников косметика,Ярославская область,10841,campaign,DEVICE_ALL,nested,5,овсянников косметика и парфюмерия,11,151
2026-09-30,овсянников косметика,Ярославская область,10841,campaign,DEVICE_ALL,nested,6,овсянников косметика и парфюмерия официальный,8,151
2026-09-30,овсянников косметика,Ярославская область,10841,campaign,DEVICE_ALL,nested,7,овсянников косметика и парфюмерия официальный сайт,8,151
2026-09-30,овсянников косметика,Ярославская область,10841,campaign,DEVICE_ALL,nested,8,овсянников бренд косметики,4,151
2026-09-30,овсянников косметика,Ярославская область,10841,campaign,DEVICE_ALL,nested,9,косметика для бизнеса овсянников,3,151
2026-09-30,овсянников косметика,Ярославская область,10841,campaign,DEVICE_ALL,nested,10,российская косметика овсянников,3,151
2026-09-30,овсянников косметика,Ярославская область,10841,campaign,DEVICE_ALL,nested,11,овсянников косметика пробники,1,151
2026-09-30,овсянников косметика,Костромская область,10699,campaign,DEVICE_ALL,nested,1,овсянников косметика,63,63
2026-09-30,овсянников косметика,Костромская область,10699,campaign,DEVICE_ALL,nested,2,овсянников косметика официальный,11,63
2026-09-30,овсянников косметика,Костромская область,10699,campaign,DEVICE_ALL,nested,3,овсянников косметика официальный сайт,10,63
2026-09-30,овсянников косметика,Костромская область,10699,campaign,DEVICE_ALL,nested,4,овсянников косметика отзывы,4,63
2026-09-30,овсянников косметика,Костромская область,10699,campaign,DEVICE_ALL,nested,5,овсянников косметика бесплатно,3,63
2026-09-30,овсянников косметика,Костромская область,10699,campaign,DEVICE_ALL,nested,6,овсянников косметика и парфюмерия,3,63
2026-09-30,овсянников косметика,Костромская область,10699,campaign,DEVICE_ALL,nested,7,овсянников косметика и парфюмерия официальный,3,63
2026-09-30,овсянников косметика,Костромская область,10699,campaign,DEVICE_ALL,nested,8,овсянников косметика и парфюмерия официальный сайт,3,63
2026-09-30,овсянников косметика,Костромская область,10699,campaign,DEVICE_ALL,nested,9,косметика для бизнеса овсянников,1,63
2026-09-30,овсянников косметика,Костромская область,10699,campaign,DEVICE_ALL,nested,10,российская косметика овсянников,1,63
2026-09-30,овсянников косметика,Костромская область,10699,campaign,DEVICE_ALL,nested,11,овсянников бренд косметики,1,63
2026-09-30,овсянников косметика,Липецкая область,10712,campaign,DEVICE_ALL,nested,1,овсянников косметика,1,1
2026-09-30,овсянников косметика,Липецкая область,10712,campaign,DEVICE_ALL,nested,2,овсянников косметика где производят,1,1
2026-09-30,овсянников косметика,Республика Башкортостан,11111,campaign,DEVICE_ALL,nested,1,овсянников косметика,13,13
2026-09-30,овсянников косметика,Республика Башкортостан,11111,campaign,DEVICE_ALL,nested,2,овсянников косметика бесплатно,4,13
2026-09-30,овсянников косметика,Республика Башкортостан,11111,campaign,DEVICE_ALL,nested,3,овсянников косметика пробники,4,13
2026-09-30,овсянников косметика,Новосибирская область,11316,campaign,DEVICE_ALL,nested,1,овсянников косметика,59,59
2026-09-30,овсянников косметика,Новосибирская область,11316,campaign,DEVICE_ALL,nested,2,овсянников косметика официальный,14,59
2026-09-30,овсянников косметика,Новосибирская область,11316,campaign,DEVICE_ALL,nested,3,овсянников косметика официальный сайт,12,59
2026-09-30,овсянников косметика,Новосибирская область,11316,campaign,DEVICE_ALL,nested,4,овсянников косметика и парфюмерия,6,59
2026-09-30,овсянников косметика,Новосибирская область,11316,campaign,DEVICE_ALL,nested,5,овсянников косметика бесплатно,4,59
2026-09-30,овсянников косметика,Новосибирская область,11316,campaign,DEVICE_ALL,nested,6,овсянников косметика пробники,3,59
2026-09-30,овсянников косметика,Новосибирская область,11316,campaign,DEVICE_ALL,nested,7,овсянников косметика и парфюмерия официальный,2,59
2026-09-30,овсянников косметика,Новосибирская область,11316,campaign,DEVICE_ALL,nested,8,овсянников косметика и парфюмерия официальный сайт,2,59
2026-09-30,овсянников косметика,Новосибирская область,11316,campaign,DEVICE_ALL,nested,9,российская косметика овсянников,1,59
2026-09-30,овсянников косметика,Саратовская область,11146,campaign,DEVICE_ALL,nested,1,овсянников косметика,54,54
2026-09-30,овсянников косметика,Саратовская область,11146,campaign,DEVICE_ALL,nested,2,овсянников косметика официальный,12,54
2026-09-30,овсянников косметика,Саратовская область,11146,campaign,DEVICE_ALL,nested,3,овсянников косметика официальный сайт,12,54
2026-09-30,овсянников косметика,Саратовская область,11146,campaign,DEVICE_ALL,nested,4,овсянников косметика бесплатно,3,54
2026-09-30,овсянников косметика,Саратовская область,11146,campaign,DEVICE_ALL,nested,5,овсянников косметика пробники,3,54
2026-09-30,овсянников косметика,Саратовская область,11146,campaign,DEVICE_ALL,nested,6,овсянников косметика и парфюмерия,2,54
2026-09-30,овсянников косметика,Саратовская область,11146,campaign,DEVICE_ALL,nested,7,овсянников косметика и парфюмерия официальный,2,54
2026-09-30,овсянников косметика,Саратовская область,11146,campaign,DEVICE_ALL,nested,8,овсянников косметика и парфюмерия официальный сайт,2,54
2026-09-30,овсянников косметика,Томская область,11353,campaign,DEVICE_ALL,nested,1,овсянников косметика,13,13
2026-09-30,овсянников косметика,Томская область,11353,campaign,DEVICE_ALL,nested,2,овсянников косметика официальный,2,13
2026-09-30,овсянников косметика,Томская область,11353,campaign,DEVICE_ALL,nested,3,овсянников косметика официальный сайт,2,13
2026-09-30,овсянников косметика,Томская область,11353,campaign,DEVICE_ALL,nested,4,косметика для бизнеса овсянников,1,13
2026-09-30,овсянников косметика,Вологодская область,10853,campaign,DEVICE_ALL,nested,1,овсянников косметика,14,14
2026-09-30,овсянников косметика,Вологодская область,10853,campaign,DEVICE_ALL,nested,2,овсянников косметика официальный,3,14
2026-09-30,овсянников косметика,Вологодская область,10853,campaign,DEVICE_ALL,nested,3,овсянников косметика официальный сайт,3,14
2026-09-30,овсянников косметика,Алтайский край,11235,campaign,DEVICE_ALL,nested,1,овсянников косметика,5,5
2026-09-30,овсянников косметика,Алтайский край,11235,campaign,DEVICE_ALL,nested,2,овсянников бренд косметики,1,5
2026-09-30,овсянников косметика,Ивановская область,10687,campaign,DEVICE_ALL,nested,1,овсянников косметика,19,19
2026-09-30,овсянников косметика,Ивановская область,10687,campaign,DEVICE_ALL,nested,2,овсянников косметика отзывы,2,19
2026-09-30,овсянников косметика,Ивановская область,10687,campaign,DEVICE_ALL,nested,3,овсянников косметика и парфюмерия,1,19
2026-09-30,овсянников косметика,Ивановская область,10687,campaign,DEVICE_ALL,nested,4,овсянников косметика официальный,1,19
2026-09-30,овсянников косметика,Ивановская область,10687,campaign,DEVICE_ALL,nested,5,овсянников косметика официальный сайт,1,19
2026-09-30,овсянников косметика,Омская область,11318,campaign,DEVICE_ALL,nested,1,овсянников косметика,4,4
2026-09-30,овсянников косметика,Омская область,11318,campaign,DEVICE_ALL,nested,2,овсянников косметика официальный,1,4
2026-09-30,овсянников косметика,Омская область,11318,campaign,DEVICE_ALL,nested,3,овсянников косметика официальный сайт,1,4
2026-09-30,овсянников косметика,Астраханская область,10946,control,DEVICE_ALL,nested,1,овсянников косметика,2,2
2026-09-30,овсянников косметика,Кемеровская область,11282,control,DEVICE_ALL,nested,1,овсянников косметика,1,1
2026-09-30,овсянников косметика,Кемеровская область,11282,control,DEVICE_ALL,nested,2,овсянников косметика официальный,1,1
2026-09-30,овсянников косметика,Кемеровская область,11282,control,DEVICE_ALL,nested,3,овсянников косметика официальный сайт,1,1
2026-09-30,овсянников косметика,Пензенская область,11095,control,DEVICE_ALL,nested,1,овсянников косметика,4,4
2026-09-30,овсянников косметика,Ростовская область,11029,control,DEVICE_ALL,nested,1,овсянников косметика,17,17
2026-09-30,овсянников косметика,Ростовская область,11029,control,DEVICE_ALL,nested,2,российская косметика овсянников,1,17
2026-09-30,овсянников косметика,Ростовская область,11029,control,DEVICE_ALL,nested,3,овсянников парфюмированная косметика,1,17
2026-09-30,овсянников косметика,Тульская область,10832,control,DEVICE_ALL,nested,1,овсянников косметика,8,8
2026-09-30,овсянников косметика,Тульская область,10832,control,DEVICE_ALL,nested,2,овсянников косметика отзывы,3,8
2026-09-30,овсянников косметика,Тульская область,10832,control,DEVICE_ALL,nested,3,овсянников косметика официальный,2,8
2026-09-30,овсянников косметика,Тульская область,10832,control,DEVICE_ALL,nested,4,овсянников косметика официальный сайт,2,8
2026-09-30,овсянников купить,Тюменская область,11176,campaign,DEVICE_ALL,association,1,приобрести как пишется,92,1
2026-09-30,овсянников купить,Тюменская область,11176,campaign,DEVICE_ALL,association,2,купля продажа,13831,1
2026-09-30,овсянников купить,Тюменская область,11176,campaign,DEVICE_ALL,association,3,изт маркет,30,1
2026-09-30,овсянников купить,Тюменская область,11176,campaign,DEVICE_ALL,association,4,b2b продажи это,26,1
2026-09-30,овсянников купить,Тюменская область,11176,campaign,DEVICE_ALL,association,5,я покупаю,1348,1
2026-09-30,овсянников купить,Тюменская область,11176,campaign,DEVICE_ALL,association,6,моя цена,1172,1
2026-09-30,овсянников купить,Тюменская область,11176,campaign,DEVICE_ALL,association,7,b2b продажи что это,18,1
2026-09-30,овсянников купить,Тюменская область,11176,campaign,DEVICE_ALL,association,8,отдел продаж,1026,1
2026-09-30,овсянников купить,Тюменская область,11176,campaign,DEVICE_ALL,association,9,какие монеты ценятся сейчас и их цена,14,1
2026-09-30,овсянников купить,Тюменская область,11176,campaign,DEVICE_ALL,association,10,наши цены,220,1
2026-09-30,овсянников купить,Тюменская область,11176,campaign,DEVICE_ALL,association,11,ты знаешь себе цену ты бесценна,6,1
2026-09-30,овсянников купить,Тюменская область,11176,campaign,DEVICE_ALL,association,12,мои покупки,213,1
2026-09-30,овсянников купить,Тюменская область,11176,campaign,DEVICE_ALL,association,13,b2c продажи что это,10,1
2026-09-30,овсянников купить,Тюменская область,11176,campaign,DEVICE_ALL,association,14,розничная цена это,44,1
2026-09-30,овсянников купить,Волгоградская область,10950,campaign,DEVICE_ALL,association,1,приобрести как пишется,128,2
2026-09-30,овсянников купить,Волгоградская область,10950,campaign,DEVICE_ALL,association,2,купля продажа,17264,2
2026-09-30,овсянников купить,Волгоградская область,10950,campaign,DEVICE_ALL,association,3,изт маркет,13,2
2026-09-30,овсянников купить,Волгоградская область,10950,campaign,DEVICE_ALL,association,4,b2b продажи это,30,2
2026-09-30,овсянников купить,Волгоградская область,10950,campaign,DEVICE_ALL,association,5,я покупаю,1897,2
2026-09-30,овсянников купить,Волгоградская область,10950,campaign,DEVICE_ALL,association,6,моя цена,2128,2
2026-09-30,овсянников купить,Волгоградская область,10950,campaign,DEVICE_ALL,association,7,b2b продажи что это,25,2
2026-09-30,овсянников купить,Волгоградская область,10950,campaign,DEVICE_ALL,association,8,отдел продаж,1386,2
2026-09-30,овсянников купить,Волгоградская область,10950,campaign,DEVICE_ALL,association,9,какие монеты ценятся сейчас и их цена,9,2
2026-09-30,овсянников купить,Волгоградская область,10950,campaign,DEVICE_ALL,association,10,наши цены,473,2
2026-09-30,овсянников купить,Волгоградская область,10950,campaign,DEVICE_ALL,association,11,ты знаешь себе цену ты бесценна,6,2
2026-09-30,овсянников купить,Волгоградская область,10950,campaign,DEVICE_ALL,association,12,мои покупки,325,2
2026-09-30,овсянников купить,Волгоградская область,10950,campaign,DEVICE_ALL,association,13,b2c продажи что это,8,2
2026-09-30,овсянников купить,Волгоградская область,10950,campaign,DEVICE_ALL,association,14,розничная цена это,36,2
2026-09-30,овсянников купить,Воронежская область,10672,campaign,DEVICE_ALL,association,1,приобрести как пишется,222,2
2026-09-30,овсянников купить,Воронежская область,10672,campaign,DEVICE_ALL,association,2,купля продажа,19673,2
2026-09-30,овсянников купить,Воронежская область,10672,campaign,DEVICE_ALL,association,3,изт маркет,4,2
2026-09-30,овсянников купить,Воронежская область,10672,campaign,DEVICE_ALL,association,4,b2b продажи это,42,2
2026-09-30,овсянников купить,Воронежская область,10672,campaign,DEVICE_ALL,association,5,я покупаю,2286,2
2026-09-30,овсянников купить,Воронежская область,10672,campaign,DEVICE_ALL,association,6,моя цена,1850,2
2026-09-30,овсянников купить,Воронежская область,10672,campaign,DEVICE_ALL,association,7,b2b продажи что это,34,2
2026-09-30,овсянников купить,Воронежская область,10672,campaign,DEVICE_ALL,association,8,отдел продаж,1799,2
2026-09-30,овсянников купить,Воронежская область,10672,campaign,DEVICE_ALL,association,9,какие монеты ценятся сейчас и их цена,18,2
2026-09-30,овсянников купить,Воронежская область,10672,campaign,DEVICE_ALL,association,10,наши цены,313,2
2026-09-30,овсянников купить,Воронежская область,10672,campaign,DEVICE_ALL,association,11,ты знаешь себе цену ты бесценна,6,2
2026-09-30,овсянников купить,Воронежская область,10672,campaign,DEVICE_ALL,association,12,мои покупки,345,2
2026-09-30,овсянников купить,Воронежская область,10672,campaign,DEVICE_ALL,association,13,b2c продажи что это,15,2
2026-09-30,овсянников купить,Воронежская область,10672,campaign,DEVICE_ALL,association,14,розничная цена это,20,2
2026-09-30,овсянников купить,Орловская область,10772,campaign,DEVICE_ALL,association,1,приобрести как пишется,70,88
2026-09-30,овсянников купить,Орловская область,10772,campaign,DEVICE_ALL,association,2,купля продажа,6755,88
2026-09-30,овсянников купить,Орловская область,10772,campaign,DEVICE_ALL,association,3,изт маркет,2,88
2026-09-30,овсянников купить,Орловская область,10772,campaign,DEVICE_ALL,association,4,b2b продажи это,11,88
2026-09-30,овсянников купить,Орловская область,10772,campaign,DEVICE_ALL,association,5,я покупаю,841,88
2026-09-30,овсянников купить,Орловская область,10772,campaign,DEVICE_ALL,association,6,моя цена,729,88
2026-09-30,овсянников купить,Орловская область,10772,campaign,DEVICE_ALL,association,7,b2b продажи что это,10,88
2026-09-30,овсянников купить,Орловская область,10772,campaign,DEVICE_ALL,association,8,отдел продаж,298,88
2026-09-30,овсянников купить,Орловская область,10772,campaign,DEVICE_ALL,association,9,какие монеты ценятся сейчас и их цена,17,88
2026-09-30,овсянников купить,Орловская область,10772,campaign,DEVICE_ALL,association,10,наши цены,130,88
2026-09-30,овсянников купить,Орловская область,10772,campaign,DEVICE_ALL,association,11,мои покупки,106,88
2026-09-30,овсянников купить,Орловская область,10772,campaign,DEVICE_ALL,association,12,b2c продажи что это,8,88
2026-09-30,овсянников купить,Орловская область,10772,campaign,DEVICE_ALL,association,13,розничная цена это,5,88
2026-09-30,овсянников купить,Ярославская область,10841,campaign,DEVICE_ALL,association,1,приобрести как пишется,76,8
2026-09-30,овсянников купить,Ярославская область,10841,campaign,DEVICE_ALL,association,2,купля продажа,12551,8
2026-09-30,овсянников купить,Ярославская область,10841,campaign,DEVICE_ALL,association,3,изт маркет,3,8
2026-09-30,овсянников купить,Ярославская область,10841,campaign,DEVICE_ALL,association,4,b2b продажи это,18,8
2026-09-30,овсянников купить,Ярославская область,10841,campaign,DEVICE_ALL,association,5,я покупаю,1054,8
2026-09-30,овсянников купить,Ярославская область,10841,campaign,DEVICE_ALL,association,6,моя цена,1230,8
2026-09-30,овсянников купить,Ярославская область,10841,campaign,DEVICE_ALL,association,7,b2b продажи что это,15,8
2026-09-30,овсянников купить,Ярославская область,10841,campaign,DEVICE_ALL,association,8,отдел продаж,858,8
2026-09-30,овсянников купить,Ярославская область,10841,campaign,DEVICE_ALL,association,9,какие монеты ценятся сейчас и их цена,11,8
2026-09-30,овсянников купить,Ярославская область,10841,campaign,DEVICE_ALL,association,10,наши цены,237,8
2026-09-30,овсянников купить,Ярославская область,10841,campaign,DEVICE_ALL,association,11,мсг37 рф прайс листы,4,8
2026-09-30,овсянников купить,Ярославская область,10841,campaign,DEVICE_ALL,association,12,ты знаешь себе цену ты бесценна,3,8
2026-09-30,овсянников купить,Ярославская область,10841,campaign,DEVICE_ALL,association,13,мои покупки,238,8
2026-09-30,овсянников купить,Ярославская область,10841,campaign,DEVICE_ALL,association,14,b2c продажи что это,5,8
2026-09-30,овсянников купить,Ярославская область,10841,campaign,DEVICE_ALL,association,15,розничная цена это,24,8
2026-09-30,овсянников купить,Костромская область,10699,campaign,DEVICE_ALL,association,1,приобрести как пишется,30,29
2026-09-30,овсянников купить,Костромская область,10699,campaign,DEVICE_ALL,association,2,купля продажа,5721,29
2026-09-30,овсянников купить,Костромская область,10699,campaign,DEVICE_ALL,association,3,изт маркет,1,29
2026-09-30,овсянников купить,Костромская область,10699,campaign,DEVICE_ALL,association,4,b2b продажи это,14,29
2026-09-30,овсянников купить,Костромская область,10699,campaign,DEVICE_ALL,association,5,я покупаю,425,29
2026-09-30,овсянников купить,Костромская область,10699,campaign,DEVICE_ALL,association,6,моя цена,296,29
2026-09-30,овсянников купить,Костромская область,10699,campaign,DEVICE_ALL,association,7,b2b продажи что это,11,29
2026-09-30,овсянников купить,Костромская область,10699,campaign,DEVICE_ALL,association,8,отдел продаж,272,29
2026-09-30,овсянников купить,Костромская область,10699,campaign,DEVICE_ALL,association,9,какие монеты ценятся сейчас и их цена,4,29
2026-09-30,овсянников купить,Костромская область,10699,campaign,DEVICE_ALL,association,10,наши цены,221,29
2026-09-30,овсянников купить,Костромская область,10699,campaign,DEVICE_ALL,association,11,мои покупки,100,29
2026-09-30,овсянников купить,Костромская область,10699,campaign,DEVICE_ALL,association,12,b2c продажи что это,2,29
2026-09-30,овсянников купить,Костромская область,10699,campaign,DEVICE_ALL,association,13,розничная цена это,2,29
2026-09-30,овсянников купить,Республика Башкортостан,11111,campaign,DEVICE_ALL,association,1,приобрести как пишется,238,19
2026-09-30,овсянников купить,Республика Башкортостан,11111,campaign,DEVICE_ALL,association,2,купля продажа,27531,19
2026-09-30,овсянников купить,Республика Башкортостан,11111,campaign,DEVICE_ALL,association,3,изт маркет,24,19
2026-09-30,овсянников купить,Республика Башкортостан,11111,campaign,DEVICE_ALL,association,4,b2b продажи это,52,19
2026-09-30,овсянников купить,Республика Башкортостан,11111,campaign,DEVICE_ALL,association,5,я покупаю,2739,19
2026-09-30,овсянников купить,Республика Башкортостан,11111,campaign,DEVICE_ALL,association,6,моя цена,2468,19
2026-09-30,овсянников купить,Республика Башкортостан,11111,campaign,DEVICE_ALL,association,7,b2b продажи что это,28,19
2026-09-30,овсянников купить,Республика Башкортостан,11111,campaign,DEVICE_ALL,association,8,отдел продаж,2321,19
2026-09-30,овсянников купить,Республика Башкортостан,11111,campaign,DEVICE_ALL,association,9,какие монеты ценятся сейчас и их цена,35,19
2026-09-30,овсянников купить,Республика Башкортостан,11111,campaign,DEVICE_ALL,association,10,наши цены,516,19
2026-09-30,овсянников купить,Республика Башкортостан,11111,campaign,DEVICE_ALL,association,11,ты знаешь себе цену ты бесценна,7,19
2026-09-30,овсянников купить,Республика Башкортостан,11111,campaign,DEVICE_ALL,association,12,мои покупки,733,19
2026-09-30,овсянников купить,Республика Башкортостан,11111,campaign,DEVICE_ALL,association,13,b2c продажи что это,10,19
2026-09-30,овсянников купить,Республика Башкортостан,11111,campaign,DEVICE_ALL,association,14,розничная цена это,43,19
2026-09-30,овсянников купить,Новосибирская область,11316,campaign,DEVICE_ALL,association,1,приобрести как пишется,211,18
2026-09-30,овсянников купить,Новосибирская область,11316,campaign,DEVICE_ALL,association,2,купля продажа,27182,18
2026-09-30,овсянников купить,Новосибирская область,11316,campaign,DEVICE_ALL,association,3,изт маркет,27,18
2026-09-30,овсянников купить,Новосибирская область,11316,campaign,DEVICE_ALL,association,4,b2b продажи это,78,18
2026-09-30,овсянников купить,Новосибирская область,11316,campaign,DEVICE_ALL,association,5,я покупаю,2612,18
2026-09-30,овсянников купить,Новосибирская область,11316,campaign,DEVICE_ALL,association,6,моя цена,2079,18
2026-09-30,овсянников купить,Новосибирская область,11316,campaign,DEVICE_ALL,association,7,b2b продажи что это,52,18
2026-09-30,овсянников купить,Новосибирская область,11316,campaign,DEVICE_ALL,association,8,отдел продаж,2345,18
2026-09-30,овсянников купить,Новосибирская область,11316,campaign,DEVICE_ALL,association,9,какие монеты ценятся сейчас и их цена,18,18
2026-09-30,овсянников купить,Новосибирская область,11316,campaign,DEVICE_ALL,association,10,наши цены,435,18
2026-09-30,овсянников купить,Новосибирская область,11316,campaign,DEVICE_ALL,association,11,ты знаешь себе цену ты бесценна,9,18
2026-09-30,овсянников купить,Новосибирская область,11316,campaign,DEVICE_ALL,association,12,мои покупки,462,18
2026-09-30,овсянников купить,Новосибирская область,11316,campaign,DEVICE_ALL,association,13,b2c продажи что это,14,18
2026-09-30,овсянников купить,Новосибирская область,11316,campaign,DEVICE_ALL,association,14,розничная цена это,25,18
2026-09-30,овсянников купить,Саратовская область,11146,campaign,DEVICE_ALL,association,1,приобрести как пишется,132,10
2026-09-30,овсянников купить,Саратовская область,11146,campaign,DEVICE_ALL,association,2,купля продажа,18572,10
2026-09-30,овсянников купить,Саратовская область,11146,campaign,DEVICE_ALL,association,3,изт маркет,9,10
2026-09-30,овсянников купить,Саратовская область,11146,campaign,DEVICE_ALL,association,4,b2b продажи это,36,10
2026-09-30,овсянников купить,Саратовская область,11146,campaign,DEVICE_ALL,association,5,я покупаю,1676,10
2026-09-30,овсянников купить,Саратовская область,11146,campaign,DEVICE_ALL,association,6,моя цена,2789,10
2026-09-30,овсянников купить,Саратовская область,11146,campaign,DEVICE_ALL,association,7,b2b продажи что это,29,10
2026-09-30,овсянников купить,Саратовская область,11146,campaign,DEVICE_ALL,association,8,отдел продаж,975,10
2026-09-30,овсянников купить,Саратовская область,11146,campaign,DEVICE_ALL,association,9,какие монеты ценятся сейчас и их цена,3,10
2026-09-30,овсянников купить,Саратовская область,11146,campaign,DEVICE_ALL,association,10,наши цены,251,10
2026-09-30,овсянников купить,Саратовская область,11146,campaign,DEVICE_ALL,association,11,ты знаешь себе цену ты бесценна,5,10
2026-09-30,овсянников купить,Саратовская область,11146,campaign,DEVICE_ALL,association,12,мои покупки,325,10
2026-09-30,овсянников купить,Саратовская область,11146,campaign,DEVICE_ALL,association,13,b2c продажи что это,12,10
2026-09-30,овсянников купить,Саратовская область,11146,campaign,DEVICE_ALL,association,14,розничная цена это,34,10
2026-09-30,овсянников купить,Томская область,11353,campaign,DEVICE_ALL,association,1,приобрести как пишется,55,1
2026-09-30,овсянников купить,Томская область,11353,campaign,DEVICE_ALL,association,2,купля продажа,7782,1
2026-09-30,овсянников купить,Томская область,11353,campaign,DEVICE_ALL,association,3,изт маркет,2,1
2026-09-30,овсянников купить,Томская область,11353,campaign,DEVICE_ALL,association,4,b2b продажи это,17,1
2026-09-30,овсянников купить,Томская область,11353,campaign,DEVICE_ALL,association,5,я покупаю,649,1
2026-09-30,овсянников купить,Томская область,11353,campaign,DEVICE_ALL,association,6,моя цена,559,1
2026-09-30,овсянников купить,Томская область,11353,campaign,DEVICE_ALL,association,7,b2b продажи что это,16,1
2026-09-30,овсянников купить,Томская область,11353,campaign,DEVICE_ALL,association,8,отдел продаж,421,1
2026-09-30,овсянников купить,Томская область,11353,campaign,DEVICE_ALL,association,9,какие монеты ценятся сейчас и их цена,4,1
2026-09-30,овсянников купить,Томская область,11353,campaign,DEVICE_ALL,association,10,наши цены,104,1
2026-09-30,овсянников купить,Томская область,11353,campaign,DEVICE_ALL,association,11,ты знаешь себе цену ты бесценна,3,1
2026-09-30,овсянников купить,Томская область,11353,campaign,DEVICE_ALL,association,12,мои покупки,118,1
2026-09-30,овсянников купить,Томская область,11353,campaign,DEVICE_ALL,association,13,b2c продажи что это,5,1
2026-09-30,овсянников купить,Томская область,11353,campaign,DEVICE_ALL,association,14,розничная цена это,9,1
2026-09-30,овсянников купить,Вологодская область,10853,campaign,DEVICE_ALL,association,1,приобрести как пишется,69,1
2026-09-30,овсянников купить,Вологодская область,10853,campaign,DEVICE_ALL,association,2,купля продажа,11475,1
2026-09-30,овсянников купить,Вологодская область,10853,campaign,DEVICE_ALL,association,3,изт маркет,1,1
2026-09-30,овсянников купить,Вологодская область,10853,campaign,DEVICE_ALL,association,4,b2b продажи это,27,1
2026-09-30,овсянников купить,Вологодская область,10853,campaign,DEVICE_ALL,association,5,я покупаю,1141,1
2026-09-30,овсянников купить,Вологодская область,10853,campaign,DEVICE_ALL,association,6,моя цена,901,1
2026-09-30,овсянников купить,Вологодская область,10853,campaign,DEVICE_ALL,association,7,b2b продажи что это,24,1
2026-09-30,овсянников купить,Вологодская область,10853,campaign,DEVICE_ALL,association,8,отдел продаж,655,1
2026-09-30,овсянников купить,Вологодская область,10853,campaign,DEVICE_ALL,association,9,какие монеты ценятся сейчас и их цена,9,1
2026-09-30,овсянников купить,Вологодская область,10853,campaign,DEVICE_ALL,association,10,наши цены,225,1
2026-09-30,овсянников купить,Вологодская область,10853,campaign,DEVICE_ALL,association,11,мсг37 рф прайс листы,3,1
2026-09-30,овсянников купить,Вологодская область,10853,campaign,DEVICE_ALL,association,12,ты знаешь себе цену ты бесценна,5,1
2026-09-30,овсянников купить,Вологодская область,10853,campaign,DEVICE_ALL,association,13,мои покупки,180,1
2026-09-30,овсянников купить,Вологодская область,10853,campaign,DEVICE_ALL,association,14,b2c продажи что это,5,1
2026-09-30,овсянников купить,Вологодская область,10853,campaign,DEVICE_ALL,association,15,розничная цена это,8,1
2026-09-30,овсянников купить,Алтайский край,11235,campaign,DEVICE_ALL,association,1,авито заринск недвижимость дома продажа,61,1
2026-09-30,овсянников купить,Алтайский край,11235,campaign,DEVICE_ALL,association,2,авито кровать домик,2,1
2026-09-30,овсянников купить,Алтайский край,11235,campaign,DEVICE_ALL,association,3,солома купить на авито,67,1
2026-09-30,овсянников купить,Ивановская область,10687,campaign,DEVICE_ALL,association,1,приобрести как пишется,46,14
2026-09-30,овсянников купить,Ивановская область,10687,campaign,DEVICE_ALL,association,2,купля продажа,8518,14
2026-09-30,овсянников купить,Ивановская область,10687,campaign,DEVICE_ALL,association,3,b2b продажи это,21,14
2026-09-30,овсянников купить,Ивановская область,10687,campaign,DEVICE_ALL,association,4,я покупаю,722,14
2026-09-30,овсянников купить,Ивановская область,10687,campaign,DEVICE_ALL,association,5,моя цена,1104,14
2026-09-30,овсянников купить,Ивановская область,10687,campaign,DEVICE_ALL,association,6,b2b продажи что это,16,14
2026-09-30,овсянников купить,Ивановская область,10687,campaign,DEVICE_ALL,association,7,отдел продаж,521,14
2026-09-30,овсянников купить,Ивановская область,10687,campaign,DEVICE_ALL,association,8,какие монеты ценятся сейчас и их цена,2,14
2026-09-30,овсянников купить,Ивановская область,10687,campaign,DEVICE_ALL,association,9,наши цены,214,14
2026-09-30,овсянников купить,Ивановская область,10687,campaign,DEVICE_ALL,association,10,мсг37 рф прайс листы,1066,14
2026-09-30,овсянников купить,Ивановская область,10687,campaign,DEVICE_ALL,association,11,ты знаешь себе цену ты бесценна,1,14
2026-09-30,овсянников купить,Ивановская область,10687,campaign,DEVICE_ALL,association,12,мои покупки,126,14
2026-09-30,овсянников купить,Ивановская область,10687,campaign,DEVICE_ALL,association,13,b2c продажи что это,4,14
2026-09-30,овсянников купить,Ивановская область,10687,campaign,DEVICE_ALL,association,14,розничная цена это,8,14
2026-09-30,овсянников купить,Омская область,11318,campaign,DEVICE_ALL,association,1,домик на окраине,28,1
2026-09-30,овсянников купить,Омская область,11318,campaign,DEVICE_ALL,association,2,договор купли продажи дома,292,1
2026-09-30,овсянников купить,Омская область,11318,campaign,DEVICE_ALL,association,3,продажа домов,10442,1
2026-09-30,овсянников купить,Омская область,11318,campaign,DEVICE_ALL,association,4,модульный домик,77,1
2026-09-30,овсянников купить,Омская область,11318,campaign,DEVICE_ALL,association,5,покупка дома,1585,1
2026-09-30,овсянников купить,Омская область,11318,campaign,DEVICE_ALL,association,6,домик лесника,33,1
2026-09-30,овсянников купить,Омская область,11318,campaign,DEVICE_ALL,association,7,продается дом,608,1
2026-09-30,овсянников купить,Омская область,11318,campaign,DEVICE_ALL,association,8,дачные домики под ключ недорого цены,12,1
2026-09-30,овсянников купить,Омская область,11318,campaign,DEVICE_ALL,association,9,дом на продажу,1583,1
2026-09-30,овсянников купить,Омская область,11318,campaign,DEVICE_ALL,association,10,молитва на продажу дома и земельного участка,6,1
2026-09-30,овсянников купить,Омская область,11318,campaign,DEVICE_ALL,association,11,модульный дом цена,263,1
2026-09-30,овсянников купить,Омская область,11318,campaign,DEVICE_ALL,association,12,документы для продажи дома,71,1
2026-09-30,овсянников купить,Омская область,11318,campaign,DEVICE_ALL,association,13,купить домик для дачи,13,1
2026-09-30,овсянников купить,Кемеровская область,11282,control,DEVICE_ALL,association,1,приобрести как пишется,154,3
2026-09-30,овсянников купить,Кемеровская область,11282,control,DEVICE_ALL,association,2,купля продажа,18349,3
2026-09-30,овсянников купить,Кемеровская область,11282,control,DEVICE_ALL,association,3,изт маркет,66,3
2026-09-30,овсянников купить,Кемеровская область,11282,control,DEVICE_ALL,association,4,b2b продажи это,27,3
2026-09-30,овсянников купить,Кемеровская область,11282,control,DEVICE_ALL,association,5,я покупаю,1678,3
2026-09-30,овсянников купить,Кемеровская область,11282,control,DEVICE_ALL,association,6,моя цена,1328,3
2026-09-30,овсянников купить,Кемеровская область,11282,control,DEVICE_ALL,association,7,b2b продажи что это,17,3
2026-09-30,овсянников купить,Кемеровская область,11282,control,DEVICE_ALL,association,8,отдел продаж,740,3
2026-09-30,овсянников купить,Кемеровская область,11282,control,DEVICE_ALL,association,9,какие монеты ценятся сейчас и их цена,4,3
2026-09-30,овсянников купить,Кемеровская область,11282,control,DEVICE_ALL,association,10,наши цены,236,3
2026-09-30,овсянников купить,Кемеровская область,11282,control,DEVICE_ALL,association,11,ты знаешь себе цену ты бесценна,8,3
2026-09-30,овсянников купить,Кемеровская область,11282,control,DEVICE_ALL,association,12,мои покупки,363,3
2026-09-30,овсянников купить,Кемеровская область,11282,control,DEVICE_ALL,association,13,b2c продажи что это,9,3
2026-09-30,овсянников купить,Кемеровская область,11282,control,DEVICE_ALL,association,14,розничная цена это,24,3
2026-09-30,овсянников купить,Кировская область,11070,control,DEVICE_ALL,association,1,приобрести как пишется,72,8
2026-09-30,овсянников купить,Кировская область,11070,control,DEVICE_ALL,association,2,купля продажа,11259,8
2026-09-30,овсянников купить,Кировская область,11070,control,DEVICE_ALL,association,3,изт маркет,1,8
2026-09-30,овсянников купить,Кировская область,11070,control,DEVICE_ALL,association,4,b2b продажи это,13,8
2026-09-30,овсянников купить,Кировская область,11070,control,DEVICE_ALL,association,5,я покупаю,994,8
2026-09-30,овсянников купить,Кировская область,11070,control,DEVICE_ALL,association,6,моя цена,879,8
2026-09-30,овсянников купить,Кировская область,11070,control,DEVICE_ALL,association,7,b2b продажи что это,6,8
2026-09-30,овсянников купить,Кировская область,11070,control,DEVICE_ALL,association,8,отдел продаж,923,8
2026-09-30,овсянников купить,Кировская область,11070,control,DEVICE_ALL,association,9,какие монеты ценятся сейчас и их цена,9,8
2026-09-30,овсянников купить,Кировская область,11070,control,DEVICE_ALL,association,10,наши цены,233,8
2026-09-30,овсянников купить,Кировская область,11070,control,DEVICE_ALL,association,11,ты знаешь себе цену ты бесценна,1,8
2026-09-30,овсянников купить,Кировская область,11070,control,DEVICE_ALL,association,12,мои покупки,145,8
2026-09-30,овсянников купить,Кировская область,11070,control,DEVICE_ALL,association,13,b2c продажи что это,3,8
2026-09-30,овсянников купить,Кировская область,11070,control,DEVICE_ALL,association,14,розничная цена это,24,8
2026-09-30,овсянников купить,Ростовская область,11029,control,DEVICE_ALL,association,1,приобрести как пишется,268,5
2026-09-30,овсянников купить,Ростовская область,11029,control,DEVICE_ALL,association,2,купля продажа,34446,5
2026-09-30,овсянников купить,Ростовская область,11029,control,DEVICE_ALL,association,3,изт маркет,13,5
2026-09-30,овсянников купить,Ростовская область,11029,control,DEVICE_ALL,association,4,b2b продажи это,87,5
2026-09-30,овсянников купить,Ростовская область,11029,control,DEVICE_ALL,association,5,я покупаю,3703,5
2026-09-30,овсянников купить,Ростовская область,11029,control,DEVICE_ALL,association,6,моя цена,3857,5
2026-09-30,овсянников купить,Ростовская область,11029,control,DEVICE_ALL,association,7,b2b продажи что это,57,5
2026-09-30,овсянников купить,Ростовская область,11029,control,DEVICE_ALL,association,8,отдел продаж,2719,5
2026-09-30,овсянников купить,Ростовская область,11029,control,DEVICE_ALL,association,9,какие монеты ценятся сейчас и их цена,46,5
2026-09-30,овсянников купить,Ростовская область,11029,control,DEVICE_ALL,association,10,наши цены,885,5
2026-09-30,овсянников купить,Ростовская область,11029,control,DEVICE_ALL,association,11,ты знаешь себе цену ты бесценна,15,5
2026-09-30,овсянников купить,Ростовская область,11029,control,DEVICE_ALL,association,12,мои покупки,563,5
2026-09-30,овсянников купить,Ростовская область,11029,control,DEVICE_ALL,association,13,b2c продажи что это,13,5
2026-09-30,овсянников купить,Ростовская область,11029,control,DEVICE_ALL,association,14,розничная цена это,55,5
2026-09-30,овсянников купить,Тульская область,10832,control,DEVICE_ALL,association,1,приобрести как пишется,100,4
2026-09-30,овсянников купить,Тульская область,10832,control,DEVICE_ALL,association,2,купля продажа,12391,4
2026-09-30,овсянников купить,Тульская область,10832,control,DEVICE_ALL,association,3,изт маркет,3,4
2026-09-30,овсянников купить,Тульская область,10832,control,DEVICE_ALL,association,4,b2b продажи это,19,4
2026-09-30,овсянников купить,Тульская область,10832,control,DEVICE_ALL,association,5,я покупаю,1184,4
2026-09-30,овсянников купить,Тульская область,10832,control,DEVICE_ALL,association,6,моя цена,1071,4
2026-09-30,овсянников купить,Тульская область,10832,control,DEVICE_ALL,association,7,b2b продажи что это,10,4
2026-09-30,овсянников купить,Тульская область,10832,control,DEVICE_ALL,association,8,отдел продаж,720,4
2026-09-30,овсянников купить,Тульская область,10832,control,DEVICE_ALL,association,9,наши цены,157,4
2026-09-30,овсянников купить,Тульская область,10832,control,DEVICE_ALL,association,10,ты знаешь себе цену ты бесценна,2,4
2026-09-30,овсянников купить,Тульская область,10832,control,DEVICE_ALL,association,11,мои покупки,342,4
2026-09-30,овсянников купить,Тульская область,10832,control,DEVICE_ALL,association,12,b2c продажи что это,2,4
2026-09-30,овсянников купить,Тульская область,10832,control,DEVICE_ALL,association,13,розничная цена это,18,4
2026-09-30,овсянников купить,Тюменская область,11176,campaign,DEVICE_ALL,nested,1,овсянников купить,1,1
2026-09-30,овсянников купить,Волгоградская область,10950,campaign,DEVICE_ALL,nested,1,овсянников купить,2,2
2026-09-30,овсянников купить,Волгоградская область,10950,campaign,DEVICE_ALL,nested,2,овсянников мыло жидкое купить,1,2
2026-09-30,овсянников купить,Волгоградская область,10950,campaign,DEVICE_ALL,nested,3,овсянников мыло купить,1,2
2026-09-30,овсянников купить,Воронежская область,10672,campaign,DEVICE_ALL,nested,1,овсянников купить,2,2
2026-09-30,овсянников купить,Орловская область,10772,campaign,DEVICE_ALL,nested,1,овсянников купить,88,88
2026-09-30,овсянников купить,Орловская область,10772,campaign,DEVICE_ALL,nested,2,купить дом в овсянниково,58,88
2026-09-30,овсянников купить,Орловская область,10772,campaign,DEVICE_ALL,nested,3,овсянниково орел купить,53,88
2026-09-30,овсянников купить,Орловская область,10772,campaign,DEVICE_ALL,nested,4,купить дом в орле в овсянниково,38,88
2026-09-30,овсянников купить,Орловская область,10772,campaign,DEVICE_ALL,nested,5,купить дом в деревне овсянниково,35,88
2026-09-30,овсянников купить,Орловская область,10772,campaign,DEVICE_ALL,nested,6,авито овсянников купить дом,29,88
2026-09-30,овсянников купить,Орловская область,10772,campaign,DEVICE_ALL,nested,7,авито орел купить купить дом овсянниково,29,88
2026-09-30,овсянников купить,Орловская область,10772,campaign,DEVICE_ALL,nested,8,купить дом в деревне овсянниково город орел,9,88
2026-09-30,овсянников купить,Орловская область,10772,campaign,DEVICE_ALL,nested,9,купить дом в овсянниково орловский район,7,88
2026-09-30,овсянников купить,Орловская область,10772,campaign,DEVICE_ALL,nested,10,купить дом д овсянниково,6,88
2026-09-30,овсянников купить,Орловская область,10772,campaign,DEVICE_ALL,nested,11,овсянниково купить участок,3,88
2026-09-30,овсянников купить,Ярославская область,10841,campaign,DEVICE_ALL,nested,1,овсянников купить,8,8
2026-09-30,овсянников купить,Ярославская область,10841,campaign,DEVICE_ALL,nested,2,овсянников мыло купить,5,8
2026-09-30,овсянников купить,Костромская область,10699,campaign,DEVICE_ALL,nested,1,овсянников купить,29,29
2026-09-30,овсянников купить,Костромская область,10699,campaign,DEVICE_ALL,nested,2,спартак купить овсянникова рпл,21,29
2026-09-30,овсянников купить,Республика Башкортостан,11111,campaign,DEVICE_ALL,nested,1,овсянников купить,19,19
2026-09-30,овсянников купить,Республика Башкортостан,11111,campaign,DEVICE_ALL,nested,2,овсянников крем для рук купить,3,19
2026-09-30,овсянников купить,Республика Башкортостан,11111,campaign,DEVICE_ALL,nested,3,овсянников крем купить,3,19
2026-09-30,овсянников купить,Республика Башкортостан,11111,campaign,DEVICE_ALL,nested,4,овсянников где купить,2,19
2026-09-30,овсянников купить,Новосибирская область,11316,campaign,DEVICE_ALL,nested,1,овсянников купить,18,18
2026-09-30,овсянников купить,Новосибирская область,11316,campaign,DEVICE_ALL,nested,2,овсянников мыло жидкое купить,1,18
2026-09-30,овсянников купить,Новосибирская область,11316,campaign,DEVICE_ALL,nested,3,овсянников мыло купить,1,18
2026-09-30,овсянников купить,Новосибирская область,11316,campaign,DEVICE_ALL,nested,4,овсянников крем купить,1,18
2026-09-30,овсянников купить,Новосибирская область,11316,campaign,DEVICE_ALL,nested,5,овсянников черный перец купить,1,18
2026-09-30,овсянников купить,Саратовская область,11146,campaign,DEVICE_ALL,nested,1,овсянников купить,10,10
2026-09-30,овсянников купить,Саратовская область,11146,campaign,DEVICE_ALL,nested,2,купить книгу овсянникова,2,10
2026-09-30,овсянников купить,Томская область,11353,campaign,DEVICE_ALL,nested,1,овсянников купить,1,1
2026-09-30,овсянников купить,Вологодская область,10853,campaign,DEVICE_ALL,nested,1,овсянников купить,1,1
2026-09-30,овсянников купить,Алтайский край,11235,campaign,DEVICE_ALL,nested,1,авито овсянников купить дом,1,1
2026-09-30,овсянников купить,Алтайский край,11235,campaign,DEVICE_ALL,nested,2,купить дом овсянниково,1,1
2026-09-30,овсянников купить,Алтайский край,11235,campaign,DEVICE_ALL,nested,3,овсянников купить,1,1
2026-09-30,овсянников купить,Ивановская область,10687,campaign,DEVICE_ALL,nested,1,овсянников купить,14,14
2026-09-30,овсянников купить,Ивановская область,10687,campaign,DEVICE_ALL,nested,2,купить дом в овсянниково,12,14
2026-09-30,овсянников купить,Ивановская область,10687,campaign,DEVICE_ALL,nested,3,купить дом в овсянниково шуйский район,8,14
2026-09-30,овсянников купить,Ивановская область,10687,campaign,DEVICE_ALL,nested,4,купить дом в деревне овсянниково,2,14
2026-09-30,овсянников купить,Ивановская область,10687,campaign,DEVICE_ALL,nested,5,купить дом д овсянниково,1,14
2026-09-30,овсянников купить,Омская область,11318,campaign,DEVICE_ALL,nested,1,купить дом в овсянниково,1,1
2026-09-30,овсянников купить,Омская область,11318,campaign,DEVICE_ALL,nested,2,овсянников купить,1,1
2026-09-30,овсянников купить,Кемеровская область,11282,control,DEVICE_ALL,nested,1,овсянников купить,3,3
2026-09-30,овсянников купить,Кемеровская область,11282,control,DEVICE_ALL,nested,2,купить дом в овсянниково,2,3
2026-09-30,овсянников купить,Кемеровская область,11282,control,DEVICE_ALL,nested,3,овсянников мыло жидкое купить,1,3
2026-09-30,овсянников купить,Кемеровская область,11282,control,DEVICE_ALL,nested,4,овсянников мыло купить,1,3
2026-09-30,овсянников купить,Кировская область,11070,control,DEVICE_ALL,nested,1,овсянников купить,8,8
2026-09-30,овсянников купить,Кировская область,11070,control,DEVICE_ALL,nested,2,авито овсянников купить дом,2,8
2026-09-30,овсянников купить,Ростовская область,11029,control,DEVICE_ALL,nested,1,овсянников купить,5,5
2026-09-30,овсянников купить,Ростовская область,11029,control,DEVICE_ALL,nested,2,овсянников мыло жидкое купить,1,5
2026-09-30,овсянников купить,Ростовская область,11029,control,DEVICE_ALL,nested,3,овсянников мыло купить,1,5
2026-09-30,овсянников купить,Ростовская область,11029,control,DEVICE_ALL,nested,4,купить дом овсянниково,1,5
2026-09-30,овсянников купить,Ростовская область,11029,control,DEVICE_ALL,nested,5,куплю дом деревне овсянников,1,5
2026-09-30,овсянников купить,Тульская область,10832,control,DEVICE_ALL,nested,1,овсянников купить,4,4
2026-09-30,овсянников купить,Тульская область,10832,control,DEVICE_ALL,nested,2,купить дом в овсянниково,1,4
2026-09-30,овсянников купить,Тульская область,10832,control,DEVICE_ALL,nested,3,купить дом д овсянниково,1,4
2026-09-30,овсянников мыло,Тюменская область,11176,campaign,DEVICE_ALL,association,1,дегтярное мыло,594,11
2026-09-30,овсянников мыло,Тюменская область,11176,campaign,DEVICE_ALL,association,2,дегтярное мыло для чего,95,11
2026-09-30,овсянников мыло,Тюменская область,11176,campaign,DEVICE_ALL,association,3,марсельское мыло,14,11
2026-09-30,овсянников мыло,Тюменская область,11176,campaign,DEVICE_ALL,association,4,мыление мыла,1,11
2026-09-30,овсянников мыло,Тюменская область,11176,campaign,DEVICE_ALL,association,5,кокосовое хозяйственное мыло,13,11
2026-09-30,овсянников мыло,Тюменская область,11176,campaign,DEVICE_ALL,association,6,soap skin,20,11
2026-09-30,овсянников мыло,Тюменская область,11176,campaign,DEVICE_ALL,association,7,мыло земляничное,11,11
2026-09-30,овсянников мыло,Тюменская область,11176,campaign,DEVICE_ALL,association,8,можно ли умываться мылом,8,11
2026-09-30,овсянников мыло,Тюменская область,11176,campaign,DEVICE_ALL,association,9,можно ли умываться дегтярным мылом,2,11
2026-09-30,овсянников мыло,Волгоградская область,10950,campaign,DEVICE_ALL,association,1,дегтярное мыло,874,8
2026-09-30,овсянников мыло,Волгоградская область,10950,campaign,DEVICE_ALL,association,2,дегтярное мыло для чего,152,8
2026-09-30,овсянников мыло,Волгоградская область,10950,campaign,DEVICE_ALL,association,3,марсельское мыло,12,8
2026-09-30,овсянников мыло,Волгоградская область,10950,campaign,DEVICE_ALL,association,4,мыление мыла,2,8
2026-09-30,овсянников мыло,Волгоградская область,10950,campaign,DEVICE_ALL,association,5,кокосовое хозяйственное мыло,15,8
2026-09-30,овсянников мыло,Волгоградская область,10950,campaign,DEVICE_ALL,association,6,soap skin,24,8
2026-09-30,овсянников мыло,Волгоградская область,10950,campaign,DEVICE_ALL,association,7,мыло земляничное,5,8
2026-09-30,овсянников мыло,Волгоградская область,10950,campaign,DEVICE_ALL,association,8,можно ли умываться мылом,31,8
2026-09-30,овсянников мыло,Волгоградская область,10950,campaign,DEVICE_ALL,association,9,можно ли умываться дегтярным мылом,4,8
2026-09-30,овсянников мыло,Волгоградская область,10950,campaign,DEVICE_ALL,association,10,можно ли мыться дегтярным мылом,4,8
2026-09-30,овсянников мыло,Волгоградская область,10950,campaign,DEVICE_ALL,association,11,можно ли мыть лицо дегтярным мылом,1,8
2026-09-30,овсянников мыло,Воронежская область,10672,campaign,DEVICE_ALL,association,1,дегтярное мыло,880,11
2026-09-30,овсянников мыло,Воронежская область,10672,campaign,DEVICE_ALL,association,2,дегтярное мыло для чего,151,11
2026-09-30,овсянников мыло,Воронежская область,10672,campaign,DEVICE_ALL,association,3,марсельское мыло,17,11
2026-09-30,овсянников мыло,Воронежская область,10672,campaign,DEVICE_ALL,association,4,мыление мыла,9,11
2026-09-30,овсянников мыло,Воронежская область,10672,campaign,DEVICE_ALL,association,5,кокосовое хозяйственное мыло,51,11
2026-09-30,овсянников мыло,Воронежская область,10672,campaign,DEVICE_ALL,association,6,soap skin,17,11
2026-09-30,овсянников мыло,Воронежская область,10672,campaign,DEVICE_ALL,association,7,мыло земляничное,12,11
2026-09-30,овсянников мыло,Воронежская область,10672,campaign,DEVICE_ALL,association,8,можно ли умываться мылом,15,11
2026-09-30,овсянников мыло,Воронежская область,10672,campaign,DEVICE_ALL,association,9,можно ли умываться дегтярным мылом,3,11
2026-09-30,овсянников мыло,Воронежская область,10672,campaign,DEVICE_ALL,association,10,можно ли мыться дегтярным мылом,4,11
2026-09-30,овсянников мыло,Орловская область,10772,campaign,DEVICE_ALL,association,1,дегтярное мыло,339,2
2026-09-30,овсянников мыло,Орловская область,10772,campaign,DEVICE_ALL,association,2,дегтярное мыло для чего,52,2
2026-09-30,овсянников мыло,Орловская область,10772,campaign,DEVICE_ALL,association,3,марсельское мыло,3,2
2026-09-30,овсянников мыло,Орловская область,10772,campaign,DEVICE_ALL,association,4,кокосовое хозяйственное мыло,7,2
2026-09-30,овсянников мыло,Орловская область,10772,campaign,DEVICE_ALL,association,5,soap skin,3,2
2026-09-30,овсянников мыло,Орловская область,10772,campaign,DEVICE_ALL,association,6,мыло земляничное,2,2
2026-09-30,овсянников мыло,Орловская область,10772,campaign,DEVICE_ALL,association,7,можно ли умываться мылом,11,2
2026-09-30,овсянников мыло,Орловская область,10772,campaign,DEVICE_ALL,association,8,можно ли умываться дегтярным мылом,1,2
2026-09-30,овсянников мыло,Рязанская область,10776,campaign,DEVICE_ALL,association,1,дегтярное мыло,513,2
2026-09-30,овсянников мыло,Рязанская область,10776,campaign,DEVICE_ALL,association,2,дегтярное мыло для чего,96,2
2026-09-30,овсянников мыло,Рязанская область,10776,campaign,DEVICE_ALL,association,3,кокосовое хозяйственное мыло,4,2
2026-09-30,овсянников мыло,Рязанская область,10776,campaign,DEVICE_ALL,association,4,soap skin,15,2
2026-09-30,овсянников мыло,Рязанская область,10776,campaign,DEVICE_ALL,association,5,мыло земляничное,22,2
2026-09-30,овсянников мыло,Рязанская область,10776,campaign,DEVICE_ALL,association,6,можно ли умываться мылом,8,2
2026-09-30,овсянников мыло,Рязанская область,10776,campaign,DEVICE_ALL,association,7,можно ли умываться дегтярным мылом,1,2
2026-09-30,овсянников мыло,Рязанская область,10776,campaign,DEVICE_ALL,association,8,можно ли мыться дегтярным мылом,2,2
2026-09-30,овсянников мыло,Рязанская область,10776,campaign,DEVICE_ALL,association,9,можно ли мыть лицо дегтярным мылом,2,2
2026-09-30,овсянников мыло,Ярославская область,10841,campaign,DEVICE_ALL,association,1,дегтярное мыло,606,36
2026-09-30,овсянников мыло,Ярославская область,10841,campaign,DEVICE_ALL,association,2,дегтярное мыло для чего,78,36
2026-09-30,овсянников мыло,Ярославская область,10841,campaign,DEVICE_ALL,association,3,марсельское мыло,39,36
2026-09-30,овсянников мыло,Ярославская область,10841,campaign,DEVICE_ALL,association,4,кокосовое хозяйственное мыло,12,36
2026-09-30,овсянников мыло,Ярославская область,10841,campaign,DEVICE_ALL,association,5,soap skin,29,36
2026-09-30,овсянников мыло,Ярославская область,10841,campaign,DEVICE_ALL,association,6,мыло земляничное,5,36
2026-09-30,овсянников мыло,Ярославская область,10841,campaign,DEVICE_ALL,association,7,можно ли умываться мылом,2,36
2026-09-30,овсянников мыло,Ярославская область,10841,campaign,DEVICE_ALL,association,8,можно ли умываться дегтярным мылом,1,36
2026-09-30,овсянников мыло,Ярославская область,10841,campaign,DEVICE_ALL,association,9,можно ли мыться дегтярным мылом,6,36
2026-09-30,овсянников мыло,Ярославская область,10841,campaign,DEVICE_ALL,association,10,можно ли мыть лицо дегтярным мылом,1,36
2026-09-30,овсянников мыло,Костромская область,10699,campaign,DEVICE_ALL,association,1,дегтярное мыло,296,1
2026-09-30,овсянников мыло,Костромская область,10699,campaign,DEVICE_ALL,association,2,дегтярное мыло для чего,26,1
2026-09-30,овсянников мыло,Костромская область,10699,campaign,DEVICE_ALL,association,3,марсельское мыло,26,1
2026-09-30,овсянников мыло,Костромская область,10699,campaign,DEVICE_ALL,association,4,кокосовое хозяйственное мыло,3,1
2026-09-30,овсянников мыло,Костромская область,10699,campaign,DEVICE_ALL,association,5,soap skin,4,1
2026-09-30,овсянников мыло,Костромская область,10699,campaign,DEVICE_ALL,association,6,мыло земляничное,5,1
2026-09-30,овсянников мыло,Костромская область,10699,campaign,DEVICE_ALL,association,7,можно ли умываться мылом,6,1
2026-09-30,овсянников мыло,Костромская область,10699,campaign,DEVICE_ALL,association,8,можно ли умываться дегтярным мылом,1,1
2026-09-30,овсянников мыло,Костромская область,10699,campaign,DEVICE_ALL,association,9,можно ли мыться дегтярным мылом,2,1
2026-09-30,овсянников мыло,Липецкая область,10712,campaign,DEVICE_ALL,association,1,дегтярное мыло,422,5
2026-09-30,овсянников мыло,Липецкая область,10712,campaign,DEVICE_ALL,association,2,дегтярное мыло для чего,72,5
2026-09-30,овсянников мыло,Липецкая область,10712,campaign,DEVICE_ALL,association,3,марсельское мыло,1,5
2026-09-30,овсянников мыло,Липецкая область,10712,campaign,DEVICE_ALL,association,4,мыление мыла,25,5
2026-09-30,овсянников мыло,Липецкая область,10712,campaign,DEVICE_ALL,association,5,кокосовое хозяйственное мыло,4,5
2026-09-30,овсянников мыло,Липецкая область,10712,campaign,DEVICE_ALL,association,6,soap skin,6,5
2026-09-30,овсянников мыло,Липецкая область,10712,campaign,DEVICE_ALL,association,7,мыло земляничное,4,5
2026-09-30,овсянников мыло,Липецкая область,10712,campaign,DEVICE_ALL,association,8,можно ли умываться мылом,7,5
2026-09-30,овсянников мыло,Липецкая область,10712,campaign,DEVICE_ALL,association,9,можно ли умываться дегтярным мылом,3,5
2026-09-30,овсянников мыло,Республика Башкортостан,11111,campaign,DEVICE_ALL,association,1,мыло дуру,218,2
2026-09-30,овсянников мыло,Республика Башкортостан,11111,campaign,DEVICE_ALL,association,2,шило на мыло значение,24,2
2026-09-30,овсянников мыло,Республика Башкортостан,11111,campaign,DEVICE_ALL,association,3,как отмыть герметик с рук,6,2
2026-09-30,овсянников мыло,Республика Башкортостан,11111,campaign,DEVICE_ALL,association,4,кокосовое хозяйственное мыло,7,2
2026-09-30,овсянников мыло,Республика Башкортостан,11111,campaign,DEVICE_ALL,association,5,soap skin,32,2
2026-09-30,овсянников мыло,Республика Башкортостан,11111,campaign,DEVICE_ALL,association,6,мыло дуру отбеливающее для стирки,8,2
2026-09-30,овсянников мыло,Республика Башкортостан,11111,campaign,DEVICE_ALL,association,7,мыло земляничное,14,2
2026-09-30,овсянников мыло,Республика Башкортостан,11111,campaign,DEVICE_ALL,association,8,мыло из обмылков в домашних условиях,16,2
2026-09-30,овсянников мыло,Республика Башкортостан,11111,campaign,DEVICE_ALL,association,9,можно ли умываться дегтярным мылом,8,2
2026-09-30,овсянников мыло,Республика Башкортостан,11111,campaign,DEVICE_ALL,association,10,уронил мыло,149,2
2026-09-30,овсянников мыло,Республика Башкортостан,11111,campaign,DEVICE_ALL,association,11,мыло русь,25,2
2026-09-30,овсянников мыло,Новосибирская область,11316,campaign,DEVICE_ALL,association,1,дегтярное мыло,1257,8
2026-09-30,овсянников мыло,Новосибирская область,11316,campaign,DEVICE_ALL,association,2,дегтярное мыло для чего,108,8
2026-09-30,овсянников мыло,Новосибирская область,11316,campaign,DEVICE_ALL,association,3,марсельское мыло,15,8
2026-09-30,овсянников мыло,Новосибирская область,11316,campaign,DEVICE_ALL,association,4,мыление мыла,2,8
2026-09-30,овсянников мыло,Новосибирская область,11316,campaign,DEVICE_ALL,association,5,кокосовое хозяйственное мыло,16,8
2026-09-30,овсянников мыло,Новосибирская область,11316,campaign,DEVICE_ALL,association,6,soap skin,48,8
2026-09-30,овсянников мыло,Новосибирская область,11316,campaign,DEVICE_ALL,association,7,мыло земляничное,19,8
2026-09-30,овсянников мыло,Новосибирская область,11316,campaign,DEVICE_ALL,association,8,можно ли умываться мылом,20,8
2026-09-30,овсянников мыло,Новосибирская область,11316,campaign,DEVICE_ALL,association,9,можно ли умываться дегтярным мылом,3,8
2026-09-30,овсянников мыло,Новосибирская область,11316,campaign,DEVICE_ALL,association,10,можно ли мыться дегтярным мылом,7,8
2026-09-30,овсянников мыло,Новосибирская область,11316,campaign,DEVICE_ALL,association,11,можно ли мыть лицо дегтярным мылом,4,8
2026-09-30,овсянников мыло,Саратовская область,11146,campaign,DEVICE_ALL,association,1,дегтярное мыло,894,3
2026-09-30,овсянников мыло,Саратовская область,11146,campaign,DEVICE_ALL,association,2,дегтярное мыло для чего,106,3
2026-09-30,овсянников мыло,Саратовская область,11146,campaign,DEVICE_ALL,association,3,марсельское мыло,9,3
2026-09-30,овсянников мыло,Саратовская область,11146,campaign,DEVICE_ALL,association,4,мыление мыла,6,3
2026-09-30,овсянников мыло,Саратовская область,11146,campaign,DEVICE_ALL,association,5,кокосовое хозяйственное мыло,26,3
2026-09-30,овсянников мыло,Саратовская область,11146,campaign,DEVICE_ALL,association,6,soap skin,11,3
2026-09-30,овсянников мыло,Саратовская область,11146,campaign,DEVICE_ALL,association,7,мыло земляничное,12,3
2026-09-30,овсянников мыло,Саратовская область,11146,campaign,DEVICE_ALL,association,8,можно ли умываться мылом,24,3
2026-09-30,овсянников мыло,Саратовская область,11146,campaign,DEVICE_ALL,association,9,можно ли умываться дегтярным мылом,6,3
2026-09-30,овсянников мыло,Саратовская область,11146,campaign,DEVICE_ALL,association,10,можно ли мыться дегтярным мылом,3,3
2026-09-30,овсянников мыло,Саратовская область,11146,campaign,DEVICE_ALL,association,11,можно ли мыть лицо дегтярным мылом,2,3
2026-09-30,овсянников мыло,Ивановская область,10687,campaign,DEVICE_ALL,association,1,дегтярное мыло,493,3
2026-09-30,овсянников мыло,Ивановская область,10687,campaign,DEVICE_ALL,association,2,дегтярное мыло для чего,92,3
2026-09-30,овсянников мыло,Ивановская область,10687,campaign,DEVICE_ALL,association,3,марсельское мыло,1,3
2026-09-30,овсянников мыло,Ивановская область,10687,campaign,DEVICE_ALL,association,4,кокосовое хозяйственное мыло,4,3
2026-09-30,овсянников мыло,Ивановская область,10687,campaign,DEVICE_ALL,association,5,soap skin,14,3
2026-09-30,овсянников мыло,Ивановская область,10687,campaign,DEVICE_ALL,association,6,мыло земляничное,11,3
2026-09-30,овсянников мыло,Ивановская область,10687,campaign,DEVICE_ALL,association,7,можно ли умываться мылом,3,3
2026-09-30,овсянников мыло,Ивановская область,10687,campaign,DEVICE_ALL,association,8,можно ли мыться дегтярным мылом,8,3
2026-09-30,овсянников мыло,Ивановская область,10687,campaign,DEVICE_ALL,association,9,можно ли мыть лицо дегтярным мылом,3,3
2026-09-30,овсянников мыло,Омская область,11318,campaign,DEVICE_ALL,association,1,дегтярное мыло,748,3
2026-09-30,овсянников мыло,Омская область,11318,campaign,DEVICE_ALL,association,2,дегтярное мыло для чего,107,3
2026-09-30,овсянников мыло,Омская область,11318,campaign,DEVICE_ALL,association,3,марсельское мыло,12,3
2026-09-30,овсянников мыло,Омская область,11318,campaign,DEVICE_ALL,association,4,кокосовое хозяйственное мыло,3,3
2026-09-30,овсянников мыло,Омская область,11318,campaign,DEVICE_ALL,association,5,soap skin,9,3
2026-09-30,овсянников мыло,Омская область,11318,campaign,DEVICE_ALL,association,6,мыло земляничное,14,3
2026-09-30,овсянников мыло,Омская область,11318,campaign,DEVICE_ALL,association,7,можно ли умываться мылом,30,3
2026-09-30,овсянников мыло,Омская область,11318,campaign,DEVICE_ALL,association,8,можно ли умываться дегтярным мылом,2,3
2026-09-30,овсянников мыло,Омская область,11318,campaign,DEVICE_ALL,association,9,можно ли мыть лицо дегтярным мылом,3,3
2026-09-30,овсянников мыло,Астраханская область,10946,control,DEVICE_ALL,association,1,дегтярное мыло,357,2
2026-09-30,овсянников мыло,Астраханская область,10946,control,DEVICE_ALL,association,2,дегтярное мыло для чего,66,2
2026-09-30,овсянников мыло,Астраханская область,10946,control,DEVICE_ALL,association,3,soap skin,1,2
2026-09-30,овсянников мыло,Астраханская область,10946,control,DEVICE_ALL,association,4,мыло земляничное,7,2
2026-09-30,овсянников мыло,Астраханская область,10946,control,DEVICE_ALL,association,5,можно ли умываться мылом,8,2
2026-09-30,овсянников мыло,Астраханская область,10946,control,DEVICE_ALL,association,6,можно ли умываться дегтярным мылом,3,2
2026-09-30,овсянников мыло,Астраханская область,10946,control,DEVICE_ALL,association,7,можно ли мыться дегтярным мылом,1,2
2026-09-30,овсянников мыло,Астраханская область,10946,control,DEVICE_ALL,association,8,можно ли мыть лицо дегтярным мылом,1,2
2026-09-30,овсянников мыло,Кемеровская область,11282,control,DEVICE_ALL,association,1,дегтярное мыло,1055,2
2026-09-30,овсянников мыло,Кемеровская область,11282,control,DEVICE_ALL,association,2,дегтярное мыло для чего,143,2
2026-09-30,овсянников мыло,Кемеровская область,11282,control,DEVICE_ALL,association,3,марсельское мыло,4,2
2026-09-30,овсянников мыло,Кемеровская область,11282,control,DEVICE_ALL,association,4,кокосовое хозяйственное мыло,15,2
2026-09-30,овсянников мыло,Кемеровская область,11282,control,DEVICE_ALL,association,5,soap skin,12,2
2026-09-30,овсянников мыло,Кемеровская область,11282,control,DEVICE_ALL,association,6,мыло земляничное,7,2
2026-09-30,овсянников мыло,Кемеровская область,11282,control,DEVICE_ALL,association,7,можно ли умываться мылом,10,2
2026-09-30,овсянников мыло,Кемеровская область,11282,control,DEVICE_ALL,association,8,можно ли умываться дегтярным мылом,2,2
2026-09-30,овсянников мыло,Кемеровская область,11282,control,DEVICE_ALL,association,9,можно ли мыться дегтярным мылом,6,2
2026-09-30,овсянников мыло,Кемеровская область,11282,control,DEVICE_ALL,association,10,можно ли мыть лицо дегтярным мылом,3,2
2026-09-30,овсянников мыло,Кировская область,11070,control,DEVICE_ALL,association,1,дегтярное мыло,491,4
2026-09-30,овсянников мыло,Кировская область,11070,control,DEVICE_ALL,association,2,дегтярное мыло для чего,43,4
2026-09-30,овсянников мыло,Кировская область,11070,control,DEVICE_ALL,association,3,марсельское мыло,4,4
2026-09-30,овсянников мыло,Кировская область,11070,control,DEVICE_ALL,association,4,мыление мыла,3,4
2026-09-30,овсянников мыло,Кировская область,11070,control,DEVICE_ALL,association,5,кокосовое хозяйственное мыло,1,4
2026-09-30,овсянников мыло,Кировская область,11070,control,DEVICE_ALL,association,6,soap skin,7,4
2026-09-30,овсянников мыло,Кировская область,11070,control,DEVICE_ALL,association,7,мыло земляничное,17,4
2026-09-30,овсянников мыло,Кировская область,11070,control,DEVICE_ALL,association,8,можно ли умываться мылом,5,4
2026-09-30,овсянников мыло,Кировская область,11070,control,DEVICE_ALL,association,9,можно ли умываться дегтярным мылом,2,4
2026-09-30,овсянников мыло,Кировская область,11070,control,DEVICE_ALL,association,10,можно ли мыться дегтярным мылом,4,4
2026-09-30,овсянников мыло,Кировская область,11070,control,DEVICE_ALL,association,11,можно ли мыть лицо дегтярным мылом,1,4
2026-09-30,овсянников мыло,Ростовская область,11029,control,DEVICE_ALL,association,1,дегтярное мыло,1568,6
2026-09-30,овсянников мыло,Ростовская область,11029,control,DEVICE_ALL,association,2,дегтярное мыло для чего,327,6
2026-09-30,овсянников мыло,Ростовская область,11029,control,DEVICE_ALL,association,3,марсельское мыло,15,6
2026-09-30,овсянников мыло,Ростовская область,11029,control,DEVICE_ALL,association,4,кокосовое хозяйственное мыло,7,6
2026-09-30,овсянников мыло,Ростовская область,11029,control,DEVICE_ALL,association,5,soap skin,71,6
2026-09-30,овсянников мыло,Ростовская область,11029,control,DEVICE_ALL,association,6,мыло земляничное,52,6
2026-09-30,овсянников мыло,Ростовская область,11029,control,DEVICE_ALL,association,7,можно ли умываться мылом,34,6
2026-09-30,овсянников мыло,Ростовская область,11029,control,DEVICE_ALL,association,8,можно ли умываться дегтярным мылом,5,6
2026-09-30,овсянников мыло,Ростовская область,11029,control,DEVICE_ALL,association,9,можно ли мыть лицо дегтярным мылом,4,6
2026-09-30,овсянников мыло,Тульская область,10832,control,DEVICE_ALL,association,1,гель для умывания,1322,1
2026-09-30,овсянников мыло,Тульская область,10832,control,DEVICE_ALL,association,2,циновит гель для умывания,14,1
2026-09-30,овсянников мыло,Тульская область,10832,control,DEVICE_ALL,association,3,аравия гель для умывания,17,1
2026-09-30,овсянников мыло,Тульская область,10832,control,DEVICE_ALL,association,4,гель для умывания пропеллер,16,1
2026-09-30,овсянников мыло,Тульская область,10832,control,DEVICE_ALL,association,5,марсельское мыло,13,1
2026-09-30,овсянников мыло,Тульская область,10832,control,DEVICE_ALL,association,6,крыса моется с мылом,3,1
2026-09-30,овсянников мыло,Тульская область,10832,control,DEVICE_ALL,association,7,мыление мыла,36,1
2026-09-30,овсянников мыло,Тульская область,10832,control,DEVICE_ALL,association,8,доместос гель,14,1
2026-09-30,овсянников мыло,Тульская область,10832,control,DEVICE_ALL,association,9,салициловый гель для умывания,24,1
2026-09-30,овсянников мыло,Тульская область,10832,control,DEVICE_ALL,association,10,себиум гель для умывания,10,1
2026-09-30,овсянников мыло,Тульская область,10832,control,DEVICE_ALL,association,11,мыло земляничное,6,1
2026-09-30,овсянников мыло,Тульская область,10832,control,DEVICE_ALL,association,12,можно ли умываться мылом,20,1
2026-09-30,овсянников мыло,Тульская область,10832,control,DEVICE_ALL,association,13,можно ли умываться дегтярным мылом,6,1
2026-09-30,овсянников мыло,Тульская область,10832,control,DEVICE_ALL,association,14,физиогель для умывания,5,1
2026-09-30,овсянников мыло,Тюменская область,11176,campaign,DEVICE_ALL,nested,1,овсянников мыло,11,11
2026-09-30,овсянников мыло,Тюменская область,11176,campaign,DEVICE_ALL,nested,2,гель мыло овсянников,7,11
2026-09-30,овсянников мыло,Волгоградская область,10950,campaign,DEVICE_ALL,nested,1,овсянников мыло,8,8
2026-09-30,овсянников мыло,Волгоградская область,10950,campaign,DEVICE_ALL,nested,2,овсянников мыло жидкое,1,8
2026-09-30,овсянников мыло,Волгоградская область,10950,campaign,DEVICE_ALL,nested,3,овсянников мыло жидкое купить,1,8
2026-09-30,овсянников мыло,Волгоградская область,10950,campaign,DEVICE_ALL,nested,4,овсянников мыло купить,1,8
2026-09-30,овсянников мыло,Воронежская область,10672,campaign,DEVICE_ALL,nested,1,овсянников мыло,11,11
2026-09-30,овсянников мыло,Воронежская область,10672,campaign,DEVICE_ALL,nested,2,овсянников мыло официальный сайт,3,11
2026-09-30,овсянников мыло,Воронежская область,10672,campaign,DEVICE_ALL,nested,3,овсянников мыло жидкое,1,11
2026-09-30,овсянников мыло,Орловская область,10772,campaign,DEVICE_ALL,nested,1,овсянников мыло,2,2
2026-09-30,овсянников мыло,Орловская область,10772,campaign,DEVICE_ALL,nested,2,овсянников мыло жидкое,1,2
2026-09-30,овсянников мыло,Рязанская область,10776,campaign,DEVICE_ALL,nested,1,овсянников мыло,2,2
2026-09-30,овсянников мыло,Ярославская область,10841,campaign,DEVICE_ALL,nested,1,овсянников мыло,36,36
2026-09-30,овсянников мыло,Ярославская область,10841,campaign,DEVICE_ALL,nested,2,овсянников мыло жидкое,6,36
2026-09-30,овсянников мыло,Ярославская область,10841,campaign,DEVICE_ALL,nested,3,овсянников мыло купить,5,36
2026-09-30,овсянников мыло,Ярославская область,10841,campaign,DEVICE_ALL,nested,4,овсянников мыло официальный сайт,5,36
2026-09-30,овсянников мыло,Ярославская область,10841,campaign,DEVICE_ALL,nested,5,жидкое мыло черный перец овсянников,5,36
2026-09-30,овсянников мыло,Ярославская область,10841,campaign,DEVICE_ALL,nested,6,мыло овсянников черный перец,5,36
2026-09-30,овсянников мыло,Костромская область,10699,campaign,DEVICE_ALL,nested,1,овсянников мыло,1,1
2026-09-30,овсянников мыло,Липецкая область,10712,campaign,DEVICE_ALL,nested,1,овсянников мыло,5,5
2026-09-30,овсянников мыло,Липецкая область,10712,campaign,DEVICE_ALL,nested,2,мыло овсянников 5 литров,3,5
2026-09-30,овсянников мыло,Липецкая область,10712,campaign,DEVICE_ALL,nested,3,овсянников мыло жидкое,3,5
2026-09-30,овсянников мыло,Липецкая область,10712,campaign,DEVICE_ALL,nested,4,пенное мыло овсянников,2,5
2026-09-30,овсянников мыло,Республика Башкортостан,11111,campaign,DEVICE_ALL,nested,1,мыло для рук овсянников,2,2
2026-09-30,овсянников мыло,Республика Башкортостан,11111,campaign,DEVICE_ALL,nested,2,овсянников мыло,2,2
2026-09-30,овсянников мыло,Новосибирская область,11316,campaign,DEVICE_ALL,nested,1,овсянников мыло,8,8
2026-09-30,овсянников мыло,Новосибирская область,11316,campaign,DEVICE_ALL,nested,2,овсянников мыло жидкое,1,8
2026-09-30,овсянников мыло,Новосибирская область,11316,campaign,DEVICE_ALL,nested,3,овсянников мыло жидкое купить,1,8
2026-09-30,овсянников мыло,Новосибирская область,11316,campaign,DEVICE_ALL,nested,4,овсянников мыло купить,1,8
2026-09-30,овсянников мыло,Новосибирская область,11316,campaign,DEVICE_ALL,nested,5,мыло овсянников тайный советник,1,8
2026-09-30,овсянников мыло,Новосибирская область,11316,campaign,DEVICE_ALL,nested,6,мыло овсянников черный перец,1,8
2026-09-30,овсянников мыло,Новосибирская область,11316,campaign,DEVICE_ALL,nested,7,гель мыло овсянников,1,8
2026-09-30,овсянников мыло,Новосибирская область,11316,campaign,DEVICE_ALL,nested,8,парфюмированное мыло овсянников,1,8
2026-09-30,овсянников мыло,Саратовская область,11146,campaign,DEVICE_ALL,nested,1,овсянников мыло,3,3
2026-09-30,овсянников мыло,Ивановская область,10687,campaign,DEVICE_ALL,nested,1,овсянников мыло,3,3
2026-09-30,овсянников мыло,Омская область,11318,campaign,DEVICE_ALL,nested,1,овсянников мыло,3,3
2026-09-30,овсянников мыло,Астраханская область,10946,control,DEVICE_ALL,nested,1,овсянников мыло,2,2
2026-09-30,овсянников мыло,Кемеровская область,11282,control,DEVICE_ALL,nested,1,овсянников мыло,2,2
2026-09-30,овсянников мыло,Кемеровская область,11282,control,DEVICE_ALL,nested,2,овсянников мыло жидкое,1,2
2026-09-30,овсянников мыло,Кемеровская область,11282,control,DEVICE_ALL,nested,3,овсянников мыло жидкое купить,1,2
2026-09-30,овсянников мыло,Кемеровская область,11282,control,DEVICE_ALL,nested,4,овсянников мыло купить,1,2
2026-09-30,овсянников мыло,Кировская область,11070,control,DEVICE_ALL,nested,1,овсянников мыло,4,4
2026-09-30,овсянников мыло,Кировская область,11070,control,DEVICE_ALL,nested,2,овсянников мыло официальный сайт,1,4
2026-09-30,овсянников мыло,Ростовская область,11029,control,DEVICE_ALL,nested,1,овсянников мыло,6,6
2026-09-30,овсянников мыло,Ростовская область,11029,control,DEVICE_ALL,nested,2,овсянников мыло жидкое,1,6
2026-09-30,овсянников мыло,Ростовская область,11029,control,DEVICE_ALL,nested,3,овсянников мыло жидкое купить,1,6
2026-09-30,овсянников мыло,Ростовская область,11029,control,DEVICE_ALL,nested,4,овсянников мыло купить,1,6
2026-09-30,овсянников мыло,Тульская область,10832,control,DEVICE_ALL,nested,1,гель мыло овсянников,1,1
2026-09-30,овсянников мыло,Тульская область,10832,control,DEVICE_ALL,nested,2,мыло овсянников тайный советник,1,1
2026-09-30,овсянников мыло,Тульская область,10832,control,DEVICE_ALL,nested,3,овсянников мыло,1,1
