fetched_at,phrase,region_name,region_id,region_type,device,kind,rank,nested_phrase,count,total_count
2026-09-16,овсянников косметика,Тюменская область,11176,campaign,DEVICE_ALL,association,1,kosmetista,2,17
2026-09-16,овсянников косметика,Тюменская область,11176,campaign,DEVICE_ALL,association,2,эксфолиант что это,5,17
2026-09-16,овсянников косметика,Тюменская область,11176,campaign,DEVICE_ALL,association,3,эксфолиант это,7,17
2026-09-16,овсянников косметика,Тюменская область,11176,campaign,DEVICE_ALL,association,4,для чего нужен лосьон для лица,5,17
2026-09-16,овсянников косметика,Тюменская область,11176,campaign,DEVICE_ALL,association,5,косметическое масло,307,17
2026-09-16,овсянников косметика,Тюменская область,11176,campaign,DEVICE_ALL,association,6,что нужно для макияжа лица,39,17
2026-09-16,овсянников косметика,Тюменская область,11176,campaign,DEVICE_ALL,association,7,чем отмыть тональный крем с одежды,1,17
2026-09-16,овсянников косметика,Тюменская область,11176,campaign,DEVICE_ALL,association,8,средства для ухода за лицом bioderma,1,17
2026-09-16,овсянников косметика,Тюменская область,11176,campaign,DEVICE_ALL,association,9,эксфолиант что это такое,3,17
2026-09-16,овсянников косметика,Тюменская область,11176,campaign,DEVICE_ALL,association,10,средства для ухода за лицом,86,17
2026-09-16,овсянников косметика,Тюменская область,11176,campaign,DEVICE_ALL,association,11,косметические средства,208,17
2026-09-16,овсянников косметика,Тюменская область,11176,campaign,DEVICE_ALL,association,12,тональное средство,150,17
2026-09-16,овсянников косметика,Тюменская область,11176,campaign,DEVICE_ALL,association,13,что такое экзосомы в косметологии для лица,3,17
2026-09-16,овсянников косметика,Тюменская область,11176,campaign,DEVICE_ALL,association,14,косметическая основа,12,17
2026-09-16,овсянников косметика,Волгоградская область,10950,campaign,DEVICE_ALL,association,1,kosmetista,18,54
2026-09-16,овсянников косметика,Волгоградская область,10950,campaign,DEVICE_ALL,association,2,эксфолиант что это,36,54
2026-09-16,овсянников косметика,Волгоградская область,10950,campaign,DEVICE_ALL,association,3,эксфолиант это,47,54
2026-09-16,овсянников косметика,Волгоградская область,10950,campaign,DEVICE_ALL,association,4,для чего нужен лосьон для лица,10,54
2026-09-16,овсянников косметика,Волгоградская область,10950,campaign,DEVICE_ALL,association,5,косметическое масло,443,54
2026-09-16,овсянников косметика,Волгоградская область,10950,campaign,DEVICE_ALL,association,6,что нужно для макияжа лица,55,54
2026-09-16,овсянников косметика,Волгоградская область,10950,campaign,DEVICE_ALL,association,7,чем отмыть тональный крем с одежды,4,54
2026-09-16,овсянников косметика,Волгоградская область,10950,campaign,DEVICE_ALL,association,8,машнит косметикс,1,54
2026-09-16,овсянников косметика,Волгоградская область,10950,campaign,DEVICE_ALL,association,9,средства для ухода за лицом,171,54
2026-09-16,овсянников косметика,Волгоградская область,10950,campaign,DEVICE_ALL,association,10,косметические средства,351,54
2026-09-16,овсянников косметика,Волгоградская область,10950,campaign,DEVICE_ALL,association,11,aya cosmetics,9,54
2026-09-16,овсянников косметика,Волгоградская область,10950,campaign,DEVICE_ALL,association,12,тональное средство,157,54
2026-09-16,овсянников косметика,Волгоградская область,10950,campaign,DEVICE_ALL,association,13,что такое лосьон для лица,1,54
2026-09-16,овсянников косметика,Волгоградская область,10950,campaign,DEVICE_ALL,association,14,что такое экзосомы в косметологии для лица,1,54
2026-09-16,овсянников косметика,Волгоградская область,10950,campaign,DEVICE_ALL,association,15,косметическая основа,12,54
2026-09-16,овсянников косметика,Волгоградская область,10950,campaign,DEVICE_ALL,association,16,podonail cosmetics,2,54
2026-09-16,овсянников косметика,Воронежская область,10672,campaign,DEVICE_ALL,association,1,kosmetista,11,93
2026-09-16,овсянников косметика,Воронежская область,10672,campaign,DEVICE_ALL,association,2,эксфолиант что это,18,93
2026-09-16,овсянников косметика,Воронежская область,10672,campaign,DEVICE_ALL,association,3,эксфолиант это,26,93
2026-09-16,овсянников косметика,Воронежская область,10672,campaign,DEVICE_ALL,association,4,для чего нужен лосьон для лица,10,93
2026-09-16,овсянников косметика,Воронежская область,10672,campaign,DEVICE_ALL,association,5,косметическое масло,450,93
2026-09-16,овсянников косметика,Воронежская область,10672,campaign,DEVICE_ALL,association,6,что нужно для макияжа лица,34,93
2026-09-16,овсянников косметика,Воронежская область,10672,campaign,DEVICE_ALL,association,7,чем отмыть тональный крем с одежды,2,93
2026-09-16,овсянников косметика,Воронежская область,10672,campaign,DEVICE_ALL,association,8,средства для ухода за лицом bioderma,2,93
2026-09-16,овсянников косметика,Воронежская область,10672,campaign,DEVICE_ALL,association,9,kisy cosmetics,10,93
2026-09-16,овсянников косметика,Воронежская область,10672,campaign,DEVICE_ALL,association,10,эксфолиант что это такое,1,93
2026-09-16,овсянников косметика,Воронежская область,10672,campaign,DEVICE_ALL,association,11,машнит косметикс,2,93
2026-09-16,овсянников косметика,Воронежская область,10672,campaign,DEVICE_ALL,association,12,средства для ухода за лицом,206,93
2026-09-16,овсянников косметика,Воронежская область,10672,campaign,DEVICE_ALL,association,13,косметические средства,340,93
2026-09-16,овсянников косметика,Воронежская область,10672,campaign,DEVICE_ALL,association,14,aya cosmetics,4,93
2026-09-16,овсянников косметика,Воронежская область,10672,campaign,DEVICE_ALL,association,15,тональное средство,234,93
2026-09-16,овсянников косметика,Воронежская область,10672,campaign,DEVICE_ALL,association,16,что такое лосьон для лица,2,93
2026-09-16,овсянников косметика,Воронежская область,10672,campaign,DEVICE_ALL,association,17,косметическая основа,9,93
2026-09-16,овсянников косметика,Республика Мордовия,11117,campaign,DEVICE_ALL,association,1,эксфолиант что это,2,7
2026-09-16,овсянников косметика,Республика Мордовия,11117,campaign,DEVICE_ALL,association,2,эксфолиант это,4,7
2026-09-16,овсянников косметика,Республика Мордовия,11117,campaign,DEVICE_ALL,association,3,косметическое масло,83,7
2026-09-16,овсянников косметика,Республика Мордовия,11117,campaign,DEVICE_ALL,association,4,что нужно для макияжа лица,18,7
2026-09-16,овсянников косметика,Республика Мордовия,11117,campaign,DEVICE_ALL,association,5,kisy cosmetics,2,7
2026-09-16,овсянников косметика,Республика Мордовия,11117,campaign,DEVICE_ALL,association,6,эксфолиант что это такое,2,7
2026-09-16,овсянников косметика,Республика Мордовия,11117,campaign,DEVICE_ALL,association,7,средства для ухода за лицом,57,7
2026-09-16,овсянников косметика,Республика Мордовия,11117,campaign,DEVICE_ALL,association,8,косметические средства,89,7
2026-09-16,овсянников косметика,Республика Мордовия,11117,campaign,DEVICE_ALL,association,9,тональное средство,63,7
2026-09-16,овсянников косметика,Республика Мордовия,11117,campaign,DEVICE_ALL,association,10,косметическая основа,4,7
2026-09-16,овсянников косметика,Орловская область,10772,campaign,DEVICE_ALL,association,1,эксфолиант что это,2,3
2026-09-16,овсянников косметика,Орловская область,10772,campaign,DEVICE_ALL,association,2,эксфолиант это,7,3
2026-09-16,овсянников косметика,Орловская область,10772,campaign,DEVICE_ALL,association,3,косметическое масло,76,3
2026-09-16,овсянников косметика,Орловская область,10772,campaign,DEVICE_ALL,association,4,что нужно для макияжа лица,14,3
2026-09-16,овсянников косметика,Орловская область,10772,campaign,DEVICE_ALL,association,5,чем отмыть тональный крем с одежды,1,3
2026-09-16,овсянников косметика,Орловская область,10772,campaign,DEVICE_ALL,association,6,средства для ухода за лицом bioderma,1,3
2026-09-16,овсянников косметика,Орловская область,10772,campaign,DEVICE_ALL,association,7,машнит косметикс,1,3
2026-09-16,овсянников косметика,Орловская область,10772,campaign,DEVICE_ALL,association,8,средства для ухода за лицом,32,3
2026-09-16,овсянников косметика,Орловская область,10772,campaign,DEVICE_ALL,association,9,косметические средства,101,3
2026-09-16,овсянников косметика,Орловская область,10772,campaign,DEVICE_ALL,association,10,тональное средство,79,3
2026-09-16,овсянников косметика,Орловская область,10772,campaign,DEVICE_ALL,association,11,что такое экзосомы в косметологии для лица,1,3
2026-09-16,овсянников косметика,Орловская область,10772,campaign,DEVICE_ALL,association,12,косметическая основа,1,3
2026-09-16,овсянников косметика,Рязанская область,10776,campaign,DEVICE_ALL,association,1,kosmetista,14,23
2026-09-16,овсянников косметика,Рязанская область,10776,campaign,DEVICE_ALL,association,2,эксфолиант что это,12,23
2026-09-16,овсянников косметика,Рязанская область,10776,campaign,DEVICE_ALL,association,3,эксфолиант это,15,23
2026-09-16,овсянников косметика,Рязанская область,10776,campaign,DEVICE_ALL,association,4,для чего нужен лосьон для лица,1,23
2026-09-16,овсянников косметика,Рязанская область,10776,campaign,DEVICE_ALL,association,5,косметическое масло,244,23
2026-09-16,овсянников косметика,Рязанская область,10776,campaign,DEVICE_ALL,association,6,что нужно для макияжа лица,26,23
2026-09-16,овсянников косметика,Рязанская область,10776,campaign,DEVICE_ALL,association,7,эксфолиант что это такое,2,23
2026-09-16,овсянников косметика,Рязанская область,10776,campaign,DEVICE_ALL,association,8,средства для ухода за лицом,80,23
2026-09-16,овсянников косметика,Рязанская область,10776,campaign,DEVICE_ALL,association,9,косметические средства,151,23
2026-09-16,овсянников косметика,Рязанская область,10776,campaign,DEVICE_ALL,association,10,aya cosmetics,8,23
2026-09-16,овсянников косметика,Рязанская область,10776,campaign,DEVICE_ALL,association,11,тональное средство,72,23
2026-09-16,овсянников косметика,Рязанская область,10776,campaign,DEVICE_ALL,association,12,что такое лосьон для лица,3,23
2026-09-16,овсянников косметика,Рязанская область,10776,campaign,DEVICE_ALL,association,13,косметическая основа,20,23
2026-09-16,овсянников косметика,Рязанская область,10776,campaign,DEVICE_ALL,association,14,podonail cosmetics,2,23
2026-09-16,овсянников косметика,Ярославская область,10841,campaign,DEVICE_ALL,association,1,kosmetista,5,87
2026-09-16,овсянников косметика,Ярославская область,10841,campaign,DEVICE_ALL,association,2,эксфолиант что это,9,87
2026-09-16,овсянников косметика,Ярославская область,10841,campaign,DEVICE_ALL,association,3,эксфолиант это,15,87
2026-09-16,овсянников косметика,Ярославская область,10841,campaign,DEVICE_ALL,association,4,для чего нужен лосьон для лица,7,87
2026-09-16,овсянников косметика,Ярославская область,10841,campaign,DEVICE_ALL,association,5,косметическое масло,170,87
2026-09-16,овсянников косметика,Ярославская область,10841,campaign,DEVICE_ALL,association,6,что нужно для макияжа лица,27,87
2026-09-16,овсянников косметика,Ярославская область,10841,campaign,DEVICE_ALL,association,7,чем отмыть тональный крем с одежды,1,87
2026-09-16,овсянников косметика,Ярославская область,10841,campaign,DEVICE_ALL,association,8,эксфолиант что это такое,2,87
2026-09-16,овсянников косметика,Ярославская область,10841,campaign,DEVICE_ALL,association,9,средства для ухода за лицом,112,87
2026-09-16,овсянников косметика,Ярославская область,10841,campaign,DEVICE_ALL,association,10,косметические средства,195,87
2026-09-16,овсянников косметика,Ярославская область,10841,campaign,DEVICE_ALL,association,11,aya cosmetics,9,87
2026-09-16,овсянников косметика,Ярославская область,10841,campaign,DEVICE_ALL,association,12,тональное средство,131,87
2026-09-16,овсянников косметика,Ярославская область,10841,campaign,DEVICE_ALL,association,13,косметическая основа,17,87
2026-09-16,овсянников косметика,Костромская область,10699,campaign,DEVICE_ALL,association,1,эксфолиант это,3,32
2026-09-16,овсянников косметика,Костромская область,10699,campaign,DEVICE_ALL,association,2,косметическое масло,80,32
2026-09-16,овсянников косметика,Костромская область,10699,campaign,DEVICE_ALL,association,3,что нужно для макияжа лица,40,32
2026-09-16,овсянников косметика,Костромская область,10699,campaign,DEVICE_ALL,association,4,средства для ухода за лицом,35,32
2026-09-16,овсянников косметика,Костромская область,10699,campaign,DEVICE_ALL,association,5,косметические средства,80,32
2026-09-16,овсянников косметика,Костромская область,10699,campaign,DEVICE_ALL,association,6,тональное средство,24,32
2026-09-16,овсянников косметика,Костромская область,10699,campaign,DEVICE_ALL,association,7,косметическая основа,8,32
2026-09-16,овсянников косметика,Липецкая область,10712,campaign,DEVICE_ALL,association,1,kosmetista,54,5
2026-09-16,овсянников косметика,Липецкая область,10712,campaign,DEVICE_ALL,association,2,эксфолиант что это,1,5
2026-09-16,овсянников косметика,Липецкая область,10712,campaign,DEVICE_ALL,association,3,эксфолиант это,1,5
2026-09-16,овсянников косметика,Липецкая область,10712,campaign,DEVICE_ALL,association,4,косметическое масло,109,5
2026-09-16,овсянников косметика,Липецкая область,10712,campaign,DEVICE_ALL,association,5,что нужно для макияжа лица,40,5
2026-09-16,овсянников косметика,Липецкая область,10712,campaign,DEVICE_ALL,association,6,чем отмыть тональный крем с одежды,2,5
2026-09-16,овсянников косметика,Липецкая область,10712,campaign,DEVICE_ALL,association,7,kisy cosmetics,2,5
2026-09-16,овсянников косметика,Липецкая область,10712,campaign,DEVICE_ALL,association,8,эксфолиант что это такое,1,5
2026-09-16,овсянников косметика,Липецкая область,10712,campaign,DEVICE_ALL,association,9,машнит косметикс,1,5
2026-09-16,овсянников косметика,Липецкая область,10712,campaign,DEVICE_ALL,association,10,средства для ухода за лицом,95,5
2026-09-16,овсянников косметика,Липецкая область,10712,campaign,DEVICE_ALL,association,11,косметические средства,171,5
2026-09-16,овсянников косметика,Липецкая область,10712,campaign,DEVICE_ALL,association,12,тональное средство,76,5
2026-09-16,овсянников косметика,Липецкая область,10712,campaign,DEVICE_ALL,association,13,косметическая основа,8,5
2026-09-16,овсянников косметика,Республика Башкортостан,11111,campaign,DEVICE_ALL,association,1,kosmetista,37,7
2026-09-16,овсянников косметика,Республика Башкортостан,11111,campaign,DEVICE_ALL,association,2,эксфолиант что это,9,7
2026-09-16,овсянников косметика,Республика Башкортостан,11111,campaign,DEVICE_ALL,association,3,эксфолиант это,12,7
2026-09-16,овсянников косметика,Республика Башкортостан,11111,campaign,DEVICE_ALL,association,4,для чего нужен лосьон для лица,25,7
2026-09-16,овсянников косметика,Республика Башкортостан,11111,campaign,DEVICE_ALL,association,5,косметическое масло,488,7
2026-09-16,овсянников косметика,Республика Башкортостан,11111,campaign,DEVICE_ALL,association,6,что нужно для макияжа лица,73,7
2026-09-16,овсянников косметика,Республика Башкортостан,11111,campaign,DEVICE_ALL,association,7,чем отмыть тональный крем с одежды,6,7
2026-09-16,овсянников косметика,Республика Башкортостан,11111,campaign,DEVICE_ALL,association,8,средства для ухода за лицом bioderma,1,7
2026-09-16,овсянников косметика,Республика Башкортостан,11111,campaign,DEVICE_ALL,association,9,эксфолиант что это такое,5,7
2026-09-16,овсянников косметика,Республика Башкортостан,11111,campaign,DEVICE_ALL,association,10,машнит косметикс,9,7
2026-09-16,овсянников косметика,Республика Башкортостан,11111,campaign,DEVICE_ALL,association,11,средства для ухода за лицом,250,7
2026-09-16,овсянников косметика,Республика Башкортостан,11111,campaign,DEVICE_ALL,association,12,косметические средства,363,7
2026-09-16,овсянников косметика,Республика Башкортостан,11111,campaign,DEVICE_ALL,association,13,aya cosmetics,6,7
2026-09-16,овсянников косметика,Республика Башкортостан,11111,campaign,DEVICE_ALL,association,14,тональное средство,206,7
2026-09-16,овсянников косметика,Республика Башкортостан,11111,campaign,DEVICE_ALL,association,15,что такое лосьон для лица,7,7
2026-09-16,овсянников косметика,Республика Башкортостан,11111,campaign,DEVICE_ALL,association,16,косметическая основа,18,7
2026-09-16,овсянников косметика,Республика Башкортостан,11111,campaign,DEVICE_ALL,association,17,podonail cosmetics,2,7
2026-09-16,овсянников косметика,Новосибирская область,11316,campaign,DEVICE_ALL,association,1,kosmetista,6,53
2026-09-16,овсянников косметика,Новосибирская область,11316,campaign,DEVICE_ALL,association,2,эксфолиант что это,5,53
2026-09-16,овсянников косметика,Новосибирская область,11316,campaign,DEVICE_ALL,association,3,эксфолиант это,12,53
2026-09-16,овсянников косметика,Новосибирская область,11316,campaign,DEVICE_ALL,association,4,для чего нужен лосьон для лица,18,53
2026-09-16,овсянников косметика,Новосибирская область,11316,campaign,DEVICE_ALL,association,5,косметическое масло,407,53
2026-09-16,овсянников косметика,Новосибирская область,11316,campaign,DEVICE_ALL,association,6,что нужно для макияжа лица,69,53
2026-09-16,овсянников косметика,Новосибирская область,11316,campaign,DEVICE_ALL,association,7,kisy cosmetics,6,53
2026-09-16,овсянников косметика,Новосибирская область,11316,campaign,DEVICE_ALL,association,8,эксфолиант что это такое,3,53
2026-09-16,овсянников косметика,Новосибирская область,11316,campaign,DEVICE_ALL,association,9,машнит косметикс,4,53
2026-09-16,овсянников косметика,Новосибирская область,11316,campaign,DEVICE_ALL,association,10,средства для ухода за лицом,215,53
2026-09-16,овсянников косметика,Новосибирская область,11316,campaign,DEVICE_ALL,association,11,косметические средства,454,53
2026-09-16,овсянников косметика,Новосибирская область,11316,campaign,DEVICE_ALL,association,12,aya cosmetics,7,53
2026-09-16,овсянников косметика,Новосибирская область,11316,campaign,DEVICE_ALL,association,13,тональное средство,339,53
2026-09-16,овсянников косметика,Новосибирская область,11316,campaign,DEVICE_ALL,association,14,что такое экзосомы в косметологии для лица,1,53
2026-09-16,овсянников косметика,Новосибирская область,11316,campaign,DEVICE_ALL,association,15,косметическая основа,29,53
2026-09-16,овсянников косметика,Новосибирская область,11316,campaign,DEVICE_ALL,association,16,podonail cosmetics,2,53
2026-09-16,овсянников косметика,Саратовская область,11146,campaign,DEVICE_ALL,association,1,эксфолиант что это,12,45
2026-09-16,овсянников косметика,Саратовская область,11146,campaign,DEVICE_ALL,association,2,эксфолиант это,18,45
2026-09-16,овсянников косметика,Саратовская область,11146,campaign,DEVICE_ALL,association,3,для чего нужен лосьон для лица,5,45
2026-09-16,овсянников косметика,Саратовская область,11146,campaign,DEVICE_ALL,association,4,косметическое масло,346,45
2026-09-16,овсянников косметика,Саратовская область,11146,campaign,DEVICE_ALL,association,5,что нужно для макияжа лица,33,45
2026-09-16,овсянников косметика,Саратовская область,11146,campaign,DEVICE_ALL,association,6,чем отмыть тональный крем с одежды,1,45
2026-09-16,овсянников косметика,Саратовская область,11146,campaign,DEVICE_ALL,association,7,средства для ухода за лицом bioderma,1,45
2026-09-16,овсянников косметика,Саратовская область,11146,campaign,DEVICE_ALL,association,8,kisy cosmetics,5,45
2026-09-16,овсянников косметика,Саратовская область,11146,campaign,DEVICE_ALL,association,9,эксфолиант что это такое,4,45
2026-09-16,овсянников косметика,Саратовская область,11146,campaign,DEVICE_ALL,association,10,машнит косметикс,1,45
2026-09-16,овсянников косметика,Саратовская область,11146,campaign,DEVICE_ALL,association,11,средства для ухода за лицом,135,45
2026-09-16,овсянников косметика,Саратовская область,11146,campaign,DEVICE_ALL,association,12,косметические средства,225,45
2026-09-16,овсянников косметика,Саратовская область,11146,campaign,DEVICE_ALL,association,13,aya cosmetics,2,45
2026-09-16,овсянников косметика,Саратовская область,11146,campaign,DEVICE_ALL,association,14,тональное средство,140,45
2026-09-16,овсянников косметика,Саратовская область,11146,campaign,DEVICE_ALL,association,15,что такое лосьон для лица,4,45
2026-09-16,овсянников косметика,Саратовская область,11146,campaign,DEVICE_ALL,association,16,косметическая основа,19,45
2026-09-16,овсянников косметика,Саратовская область,11146,campaign,DEVICE_ALL,association,17,podonail cosmetics,3,45
2026-09-16,овсянников косметика,Томская область,11353,campaign,DEVICE_ALL,association,1,эксфолиант что это,1,13
2026-09-16,овсянников косметика,Томская область,11353,campaign,DEVICE_ALL,association,2,эксфолиант это,3,13
2026-09-16,овсянников косметика,Томская область,11353,campaign,DEVICE_ALL,association,3,для чего нужен лосьон для лица,4,13
2026-09-16,овсянников косметика,Томская область,11353,campaign,DEVICE_ALL,association,4,косметическое масло,127,13
2026-09-16,овсянников косметика,Томская область,11353,campaign,DEVICE_ALL,association,5,что нужно для макияжа лица,8,13
2026-09-16,овсянников косметика,Томская область,11353,campaign,DEVICE_ALL,association,6,средства для ухода за лицом,44,13
2026-09-16,овсянников косметика,Томская область,11353,campaign,DEVICE_ALL,association,7,косметические средства,123,13
2026-09-16,овсянников косметика,Томская область,11353,campaign,DEVICE_ALL,association,8,тональное средство,53,13
2026-09-16,овсянников косметика,Томская область,11353,campaign,DEVICE_ALL,association,9,косметическая основа,7,13
2026-09-16,овсянников косметика,Вологодская область,10853,campaign,DEVICE_ALL,association,1,kosmetista,1,9
2026-09-16,овсянников косметика,Вологодская область,10853,campaign,DEVICE_ALL,association,2,эксфолиант что это,7,9
2026-09-16,овсянников косметика,Вологодская область,10853,campaign,DEVICE_ALL,association,3,эксфолиант это,12,9
2026-09-16,овсянников косметика,Вологодская область,10853,campaign,DEVICE_ALL,association,4,для чего нужен лосьон для лица,3,9
2026-09-16,овсянников косметика,Вологодская область,10853,campaign,DEVICE_ALL,association,5,косметическое масло,180,9
2026-09-16,овсянников косметика,Вологодская область,10853,campaign,DEVICE_ALL,association,6,что нужно для макияжа лица,26,9
2026-09-16,овсянников косметика,Вологодская область,10853,campaign,DEVICE_ALL,association,7,чем отмыть тональный крем с одежды,5,9
2026-09-16,овсянников косметика,Вологодская область,10853,campaign,DEVICE_ALL,association,8,средства для ухода за лицом bioderma,5,9
2026-09-16,овсянников косметика,Вологодская область,10853,campaign,DEVICE_ALL,association,9,kisy cosmetics,4,9
2026-09-16,овсянников косметика,Вологодская область,10853,campaign,DEVICE_ALL,association,10,эксфолиант что это такое,2,9
2026-09-16,овсянников косметика,Вологодская область,10853,campaign,DEVICE_ALL,association,11,машнит косметикс,2,9
2026-09-16,овсянников косметика,Вологодская область,10853,campaign,DEVICE_ALL,association,12,средства для ухода за лицом,104,9
2026-09-16,овсянников косметика,Вологодская область,10853,campaign,DEVICE_ALL,association,13,косметические средства,185,9
2026-09-16,овсянников косметика,Вологодская область,10853,campaign,DEVICE_ALL,association,14,тональное средство,85,9
2026-09-16,овсянников косметика,Вологодская область,10853,campaign,DEVICE_ALL,association,15,что такое лосьон для лица,2,9
2026-09-16,овсянников косметика,Вологодская область,10853,campaign,DEVICE_ALL,association,16,косметическая основа,11,9
2026-09-16,овсянников косметика,Алтайский край,11235,campaign,DEVICE_ALL,association,1,kosmetista,2,6
2026-09-16,овсянников косметика,Алтайский край,11235,campaign,DEVICE_ALL,association,2,эксфолиант что это,4,6
2026-09-16,овсянников косметика,Алтайский край,11235,campaign,DEVICE_ALL,association,3,эксфолиант это,9,6
2026-09-16,овсянников косметика,Алтайский край,11235,campaign,DEVICE_ALL,association,4,для чего нужен лосьон для лица,1,6
2026-09-16,овсянников косметика,Алтайский край,11235,campaign,DEVICE_ALL,association,5,косметическое масло,229,6
2026-09-16,овсянников косметика,Алтайский край,11235,campaign,DEVICE_ALL,association,6,что нужно для макияжа лица,35,6
2026-09-16,овсянников косметика,Алтайский край,11235,campaign,DEVICE_ALL,association,7,эксфолиант что это такое,1,6
2026-09-16,овсянников косметика,Алтайский край,11235,campaign,DEVICE_ALL,association,8,машнит косметикс,2,6
2026-09-16,овсянников косметика,Алтайский край,11235,campaign,DEVICE_ALL,association,9,средства для ухода за лицом,78,6
2026-09-16,овсянников косметика,Алтайский край,11235,campaign,DEVICE_ALL,association,10,косметические средства,263,6
2026-09-16,овсянников косметика,Алтайский край,11235,campaign,DEVICE_ALL,association,11,aya cosmetics,2,6
2026-09-16,овсянников косметика,Алтайский край,11235,campaign,DEVICE_ALL,association,12,тональное средство,113,6
2026-09-16,овсянников косметика,Алтайский край,11235,campaign,DEVICE_ALL,association,13,что такое лосьон для лица,2,6
2026-09-16,овсянников косметика,Алтайский край,11235,campaign,DEVICE_ALL,association,14,что такое экзосомы в косметологии для лица,1,6
2026-09-16,овсянников косметика,Алтайский край,11235,campaign,DEVICE_ALL,association,15,косметическая основа,23,6
2026-09-16,овсянников косметика,Ивановская область,10687,campaign,DEVICE_ALL,association,1,kosmetista,2,14
2026-09-16,овсянников косметика,Ивановская область,10687,campaign,DEVICE_ALL,association,2,эксфолиант что это,6,14
2026-09-16,овсянников косметика,Ивановская область,10687,campaign,DEVICE_ALL,association,3,эксфолиант это,14,14
2026-09-16,овсянников косметика,Ивановская область,10687,campaign,DEVICE_ALL,association,4,косметическое масло,174,14
2026-09-16,овсянников косметика,Ивановская область,10687,campaign,DEVICE_ALL,association,5,что нужно для макияжа лица,26,14
2026-09-16,овсянников косметика,Ивановская область,10687,campaign,DEVICE_ALL,association,6,чем отмыть тональный крем с одежды,4,14
2026-09-16,овсянников косметика,Ивановская область,10687,campaign,DEVICE_ALL,association,7,средства для ухода за лицом bioderma,1,14
2026-09-16,овсянников косметика,Ивановская область,10687,campaign,DEVICE_ALL,association,8,средства для ухода за лицом,37,14
2026-09-16,овсянников косметика,Ивановская область,10687,campaign,DEVICE_ALL,association,9,косметические средства,167,14
2026-09-16,овсянников косметика,Ивановская область,10687,campaign,DEVICE_ALL,association,10,тональное средство,87,14
2026-09-16,овсянников косметика,Ивановская область,10687,campaign,DEVICE_ALL,association,11,косметическая основа,3,14
2026-09-16,овсянников косметика,Астраханская область,10946,control,DEVICE_ALL,association,1,эксфолиант что это,3,2
2026-09-16,овсянников косметика,Астраханская область,10946,control,DEVICE_ALL,association,2,эксфолиант это,7,2
2026-09-16,овсянников косметика,Астраханская область,10946,control,DEVICE_ALL,association,3,косметическое масло,127,2
2026-09-16,овсянников косметика,Астраханская область,10946,control,DEVICE_ALL,association,4,что нужно для макияжа лица,14,2
2026-09-16,овсянников косметика,Астраханская область,10946,control,DEVICE_ALL,association,5,чем отмыть тональный крем с одежды,2,2
2026-09-16,овсянников косметика,Астраханская область,10946,control,DEVICE_ALL,association,6,машнит косметикс,5,2
2026-09-16,овсянников косметика,Астраханская область,10946,control,DEVICE_ALL,association,7,средства для ухода за лицом,44,2
2026-09-16,овсянников косметика,Астраханская область,10946,control,DEVICE_ALL,association,8,косметические средства,97,2
2026-09-16,овсянников косметика,Астраханская область,10946,control,DEVICE_ALL,association,9,тональное средство,74,2
2026-09-16,овсянников косметика,Астраханская область,10946,control,DEVICE_ALL,association,10,косметическая основа,4,2
2026-09-16,овсянников косметика,Кировская область,11070,control,DEVICE_ALL,association,1,kosmetista,1,2
2026-09-16,овсянников косметика,Кировская область,11070,control,DEVICE_ALL,association,2,эксфолиант что это,10,2
2026-09-16,овсянников косметика,Кировская область,11070,control,DEVICE_ALL,association,3,эксфолиант это,10,2
2026-09-16,овсянников косметика,Кировская область,11070,control,DEVICE_ALL,association,4,для чего нужен лосьон для лица,5,2
2026-09-16,овсянников косметика,Кировская область,11070,control,DEVICE_ALL,association,5,косметическое масло,113,2
2026-09-16,овсянников косметика,Кировская область,11070,control,DEVICE_ALL,association,6,что нужно для макияжа лица,30,2
2026-09-16,овсянников косметика,Кировская область,11070,control,DEVICE_ALL,association,7,эксфолиант что это такое,1,2
2026-09-16,овсянников косметика,Кировская область,11070,control,DEVICE_ALL,association,8,средства для ухода за лицом,68,2
2026-09-16,овсянников косметика,Кировская область,11070,control,DEVICE_ALL,association,9,косметические средства,180,2
2026-09-16,овсянников косметика,Кировская область,11070,control,DEVICE_ALL,association,10,aya cosmetics,9,2
2026-09-16,овсянников косметика,Кировская область,11070,control,DEVICE_ALL,association,11,тональное средство,56,2
2026-09-16,овсянников косметика,Кировская область,11070,control,DEVICE_ALL,association,12,что такое лосьон для лица,2,2
2026-09-16,овсянников косметика,Кировская область,11070,control,DEVICE_ALL,association,13,косметическая основа,8,2
2026-09-16,овсянников косметика,Кировская область,11070,control,DEVICE_ALL,association,14,podonail cosmetics,13,2
2026-09-16,овсянников косметика,Пензенская область,11095,control,DEVICE_ALL,association,1,kosmetista,2,6
2026-09-16,овсянников косметика,Пензенская область,11095,control,DEVICE_ALL,association,2,эксфолиант что это,7,6
2026-09-16,овсянников косметика,Пензенская область,11095,control,DEVICE_ALL,association,3,эксфолиант это,13,6
2026-09-16,овсянников косметика,Пензенская область,11095,control,DEVICE_ALL,association,4,для чего нужен лосьон для лица,2,6
2026-09-16,овсянников косметика,Пензенская область,11095,control,DEVICE_ALL,association,5,косметическое масло,174,6
2026-09-16,овсянников косметика,Пензенская область,11095,control,DEVICE_ALL,association,6,что нужно для макияжа лица,31,6
2026-09-16,овсянников косметика,Пензенская область,11095,control,DEVICE_ALL,association,7,чем отмыть тональный крем с одежды,4,6
2026-09-16,овсянников косметика,Пензенская область,11095,control,DEVICE_ALL,association,8,эксфолиант что это такое,3,6
2026-09-16,овсянников косметика,Пензенская область,11095,control,DEVICE_ALL,association,9,средства для ухода за лицом,69,6
2026-09-16,овсянников косметика,Пензенская область,11095,control,DEVICE_ALL,association,10,косметические средства,192,6
2026-09-16,овсянников косметика,Пензенская область,11095,control,DEVICE_ALL,association,11,тональное средство,169,6
2026-09-16,овсянников косметика,Пензенская область,11095,control,DEVICE_ALL,association,12,что такое лосьон для лица,2,6
2026-09-16,овсянников косметика,Пензенская область,11095,control,DEVICE_ALL,association,13,косметическая основа,1,6
2026-09-16,овсянников косметика,Ростовская область,11029,control,DEVICE_ALL,association,1,kosmetista,6,17
2026-09-16,овсянников косметика,Ростовская область,11029,control,DEVICE_ALL,association,2,эксфолиант что это,25,17
2026-09-16,овсянников косметика,Ростовская область,11029,control,DEVICE_ALL,association,3,эксфолиант это,32,17
2026-09-16,овсянников косметика,Ростовская область,11029,control,DEVICE_ALL,association,4,для чего нужен лосьон для лица,14,17
2026-09-16,овсянников косметика,Ростовская область,11029,control,DEVICE_ALL,association,5,косметическое масло,759,17
2026-09-16,овсянников косметика,Ростовская область,11029,control,DEVICE_ALL,association,6,что нужно для макияжа лица,92,17
2026-09-16,овсянников косметика,Ростовская область,11029,control,DEVICE_ALL,association,7,чем отмыть тональный крем с одежды,5,17
2026-09-16,овсянников косметика,Ростовская область,11029,control,DEVICE_ALL,association,8,средства для ухода за лицом bioderma,1,17
2026-09-16,овсянников косметика,Ростовская область,11029,control,DEVICE_ALL,association,9,kisy cosmetics,6,17
2026-09-16,овсянников косметика,Ростовская область,11029,control,DEVICE_ALL,association,10,эксфолиант что это такое,10,17
2026-09-16,овсянников косметика,Ростовская область,11029,control,DEVICE_ALL,association,11,машнит косметикс,2,17
2026-09-16,овсянников косметика,Ростовская область,11029,control,DEVICE_ALL,association,12,средства для ухода за лицом,288,17
2026-09-16,овсянников косметика,Ростовская область,11029,control,DEVICE_ALL,association,13,косметические средства,678,17
2026-09-16,овсянников косметика,Ростовская область,11029,control,DEVICE_ALL,association,14,тональное средство,393,17
2026-09-16,овсянников косметика,Ростовская область,11029,control,DEVICE_ALL,association,15,что такое экзосомы в косметологии для лица,1,17
2026-09-16,овсянников косметика,Ростовская область,11029,control,DEVICE_ALL,association,16,косметическая основа,41,17
2026-09-16,овсянников косметика,Ростовская область,11029,control,DEVICE_ALL,association,17,podonail cosmetics,2,17
2026-09-16,овсянников косметика,Тульская область,10832,control,DEVICE_ALL,association,1,kosmetista,2,7
2026-09-16,овсянников косметика,Тульская область,10832,control,DEVICE_ALL,association,2,эксфолиант что это,5,7
2026-09-16,овсянников косметика,Тульская область,10832,control,DEVICE_ALL,association,3,эксфолиант это,7,7
2026-09-16,овсянников косметика,Тульская область,10832,control,DEVICE_ALL,association,4,для чего нужен лосьон для лица,5,7
2026-09-16,овсянников косметика,Тульская область,10832,control,DEVICE_ALL,association,5,косметическое масло,224,7
2026-09-16,овсянников косметика,Тульская область,10832,control,DEVICE_ALL,association,6,что нужно для макияжа лица,25,7
2026-09-16,овсянников косметика,Тульская область,10832,control,DEVICE_ALL,association,7,эксфолиант что это такое,2,7
2026-09-16,овсянников косметика,Тульская область,10832,control,DEVICE_ALL,association,8,средства для ухода за лицом,122,7
2026-09-16,овсянников косметика,Тульская область,10832,control,DEVICE_ALL,association,9,косметические средства,264,7
2026-09-16,овсянников косметика,Тульская область,10832,control,DEVICE_ALL,association,10,тональное средство,113,7
2026-09-16,овсянников косметика,Тульская область,10832,control,DEVICE_ALL,association,11,что такое лосьон для лица,2,7
2026-09-16,овсянников косметика,Тульская область,10832,control,DEVICE_ALL,association,12,косметическая основа,4,7
2026-09-16,овсянников косметика,Тюменская область,11176,campaign,DEVICE_ALL,nested,1,овсянников косметика,17,17
2026-09-16,овсянников косметика,Тюменская область,11176,campaign,DEVICE_ALL,nested,2,овсянников косметика официальный,1,17
2026-09-16,овсянников косметика,Тюменская область,11176,campaign,DEVICE_ALL,nested,3,овсянников косметика официальный сайт,1,17
2026-09-16,овсянников косметика,Тюменская область,11176,campaign,DEVICE_ALL,nested,4,овсянников косметика отзывы,1,17
2026-09-16,овсянников косметика,Волгоградская область,10950,campaign,DEVICE_ALL,nested,1,овсянников косметика,54,54
2026-09-16,овсянников косметика,Волгоградская область,10950,campaign,DEVICE_ALL,nested,2,овсянников косметика официальный,12,54
2026-09-16,овсянников косметика,Волгоградская область,10950,campaign,DEVICE_ALL,nested,3,овсянников косметика официальный сайт,12,54
2026-09-16,овсянников косметика,Волгоградская область,10950,campaign,DEVICE_ALL,nested,4,овсянников косметика где производят,4,54
2026-09-16,овсянников косметика,Волгоградская область,10950,campaign,DEVICE_ALL,nested,5,овсянников косметика и парфюмерия,2,54
2026-09-16,овсянников косметика,Волгоградская область,10950,campaign,DEVICE_ALL,nested,6,овсянников косметика бесплатно,2,54
2026-09-16,овсянников косметика,Воронежская область,10672,campaign,DEVICE_ALL,nested,1,овсянников косметика,93,93
2026-09-16,овсянников косметика,Воронежская область,10672,campaign,DEVICE_ALL,nested,2,овсянников косметика и парфюмерия,21,93
2026-09-16,овсянников косметика,Воронежская область,10672,campaign,DEVICE_ALL,nested,3,российская косметика овсянников,16,93
2026-09-16,овсянников косметика,Воронежская область,10672,campaign,DEVICE_ALL,nested,4,овсянников косметика официальный,12,93
2026-09-16,овсянников косметика,Воронежская область,10672,campaign,DEVICE_ALL,nested,5,овсянников косметика официальный сайт,7,93
2026-09-16,овсянников косметика,Воронежская область,10672,campaign,DEVICE_ALL,nested,6,косметика для бизнеса овсянников,4,93
2026-09-16,овсянников косметика,Воронежская область,10672,campaign,DEVICE_ALL,nested,7,овсянников косметика бесплатно,3,93
2026-09-16,овсянников косметика,Воронежская область,10672,campaign,DEVICE_ALL,nested,8,овсянников бренд косметики,2,93
2026-09-16,овсянников косметика,Воронежская область,10672,campaign,DEVICE_ALL,nested,9,овсянников косметика и парфюмерия официальный,2,93
2026-09-16,овсянников косметика,Воронежская область,10672,campaign,DEVICE_ALL,nested,10,овсянников косметика и парфюмерия официальный сайт,2,93
2026-09-16,овсянников косметика,Республика Мордовия,11117,campaign,DEVICE_ALL,nested,1,овсянников косметика,7,7
2026-09-16,овсянников косметика,Республика Мордовия,11117,campaign,DEVICE_ALL,nested,2,овсянников косметика официальный,1,7
2026-09-16,овсянников косметика,Республика Мордовия,11117,campaign,DEVICE_ALL,nested,3,овсянников косметика официальный сайт,1,7
2026-09-16,овсянников косметика,Орловская область,10772,campaign,DEVICE_ALL,nested,1,овсянников косметика,3,3
2026-09-16,овсянников косметика,Рязанская область,10776,campaign,DEVICE_ALL,nested,1,овсянников косметика,23,23
2026-09-16,овсянников косметика,Рязанская область,10776,campaign,DEVICE_ALL,nested,2,овсянников косметика и парфюмерия,4,23
2026-09-16,овсянников косметика,Рязанская область,10776,campaign,DEVICE_ALL,nested,3,овсянников бренд косметики,2,23
2026-09-16,овсянников косметика,Ярославская область,10841,campaign,DEVICE_ALL,nested,1,овсянников косметика,87,87
2026-09-16,овсянников косметика,Ярославская область,10841,campaign,DEVICE_ALL,nested,2,овсянников косметика официальный,14,87
2026-09-16,овсянников косметика,Ярославская область,10841,campaign,DEVICE_ALL,nested,3,овсянников косметика официальный сайт,14,87
2026-09-16,овсянников косметика,Ярославская область,10841,campaign,DEVICE_ALL,nested,4,овсянников косметика и парфюмерия,11,87
2026-09-16,овсянников косметика,Ярославская область,10841,campaign,DEVICE_ALL,nested,5,овсянников косметика бесплатно,5,87
2026-09-16,овсянников косметика,Ярославская область,10841,campaign,DEVICE_ALL,nested,6,овсянников косметика и парфюмерия официальный,3,87
2026-09-16,овсянников косметика,Ярославская область,10841,campaign,DEVICE_ALL,nested,7,овсянников косметика и парфюмерия официальный сайт,3,87
2026-09-16,овсянников косметика,Ярославская область,10841,campaign,DEVICE_ALL,nested,8,российская косметика овсянников,3,87
2026-09-16,овсянников косметика,Ярославская область,10841,campaign,DEVICE_ALL,nested,9,косметика для бизнеса овсянников,2,87
2026-09-16,овсянников косметика,Ярославская область,10841,campaign,DEVICE_ALL,nested,10,овсянников бренд косметики,2,87
2026-09-16,овсянников косметика,Костромская область,10699,campaign,DEVICE_ALL,nested,1,овсянников косметика,32,32
2026-09-16,овсянников косметика,Костромская область,10699,campaign,DEVICE_ALL,nested,2,овсянников косметика официальный,5,32
2026-09-16,овсянников косметика,Костромская область,10699,campaign,DEVICE_ALL,nested,3,овсянников косметика официальный сайт,5,32
2026-09-16,овсянников косметика,Костромская область,10699,campaign,DEVICE_ALL,nested,4,овсянников косметика отзывы,4,32
2026-09-16,овсянников косметика,Костромская область,10699,campaign,DEVICE_ALL,nested,5,овсянников косметика и парфюмерия,2,32
2026-09-16,овсянников косметика,Костромская область,10699,campaign,DEVICE_ALL,nested,6,овсянников косметика и парфюмерия официальный,2,32
2026-09-16,овсянников косметика,Костромская область,10699,campaign,DEVICE_ALL,nested,7,овсянников косметика и парфюмерия официальный сайт,2,32
2026-09-16,овсянников косметика,Костромская область,10699,campaign,DEVICE_ALL,nested,8,косметика для бизнеса овсянников,1,32
2026-09-16,овсянников косметика,Костромская область,10699,campaign,DEVICE_ALL,nested,9,российская косметика овсянников,1,32
2026-09-16,овсянников косметика,Костромская область,10699,campaign,DEVICE_ALL,nested,10,овсянников бренд косметики,1,32
2026-09-16,овсянников косметика,Липецкая область,10712,campaign,DEVICE_ALL,nested,1,овсянников косметика,5,5
2026-09-16,овсянников косметика,Липецкая область,10712,campaign,DEVICE_ALL,nested,2,овсянников косметика где производят,1,5
2026-09-16,овсянников косметика,Республика Башкортостан,11111,campaign,DEVICE_ALL,nested,1,овсянников косметика,7,7
2026-09-16,овсянников косметика,Республика Башкортостан,11111,campaign,DEVICE_ALL,nested,2,овсянников косметика бесплатно,4,7
2026-09-16,овсянников косметика,Республика Башкортостан,11111,campaign,DEVICE_ALL,nested,3,овсянников косметика официальный,1,7
2026-09-16,овсянников косметика,Республика Башкортостан,11111,campaign,DEVICE_ALL,nested,4,овсянников косметика официальный сайт,1,7
2026-09-16,овсянников косметика,Новосибирская область,11316,campaign,DEVICE_ALL,nested,1,овсянников косметика,53,53
2026-09-16,овсянников косметика,Новосибирская область,11316,campaign,DEVICE_ALL,nested,2,овсянников косметика бесплатно,8,53
2026-09-16,овсянников косметика,Новосибирская область,11316,campaign,DEVICE_ALL,nested,3,овсянников косметика официальный,6,53
2026-09-16,овсянников косметика,Новосибирская область,11316,campaign,DEVICE_ALL,nested,4,овсянников косметика официальный сайт,5,53
2026-09-16,овсянников косметика,Новосибирская область,11316,campaign,DEVICE_ALL,nested,5,овсянников косметика и парфюмерия,5,53
2026-09-16,овсянников косметика,Саратовская область,11146,campaign,DEVICE_ALL,nested,1,овсянников косметика,45,45
2026-09-16,овсянников косметика,Саратовская область,11146,campaign,DEVICE_ALL,nested,2,овсянников косметика официальный,6,45
2026-09-16,овсянников косметика,Саратовская область,11146,campaign,DEVICE_ALL,nested,3,овсянников косметика официальный сайт,6,45
2026-09-16,овсянников косметика,Саратовская область,11146,campaign,DEVICE_ALL,nested,4,овсянников косметика и парфюмерия,2,45
2026-09-16,овсянников косметика,Саратовская область,11146,campaign,DEVICE_ALL,nested,5,овсянников косметика и парфюмерия официальный,2,45
2026-09-16,овсянников косметика,Саратовская область,11146,campaign,DEVICE_ALL,nested,6,овсянников косметика и парфюмерия официальный сайт,2,45
2026-09-16,овсянников косметика,Саратовская область,11146,campaign,DEVICE_ALL,nested,7,овсянников косметика бесплатно,1,45
2026-09-16,овсянников косметика,Томская область,11353,campaign,DEVICE_ALL,nested,1,овсянников косметика,13,13
2026-09-16,овсянников косметика,Томская область,11353,campaign,DEVICE_ALL,nested,2,овсянников косметика официальный,1,13
2026-09-16,овсянников косметика,Томская область,11353,campaign,DEVICE_ALL,nested,3,овсянников косметика официальный сайт,1,13
2026-09-16,овсянников косметика,Вологодская область,10853,campaign,DEVICE_ALL,nested,1,овсянников косметика,9,9
2026-09-16,овсянников косметика,Вологодская область,10853,campaign,DEVICE_ALL,nested,2,овсянников косметика официальный,2,9
2026-09-16,овсянников косметика,Вологодская область,10853,campaign,DEVICE_ALL,nested,3,овсянников косметика официальный сайт,2,9
2026-09-16,овсянников косметика,Алтайский край,11235,campaign,DEVICE_ALL,nested,1,овсянников косметика,6,6
2026-09-16,овсянников косметика,Ивановская область,10687,campaign,DEVICE_ALL,nested,1,овсянников косметика,14,14
2026-09-16,овсянников косметика,Ивановская область,10687,campaign,DEVICE_ALL,nested,2,овсянников косметика и парфюмерия,1,14
2026-09-16,овсянников косметика,Астраханская область,10946,control,DEVICE_ALL,nested,1,овсянников косметика,2,2
2026-09-16,овсянников косметика,Кировская область,11070,control,DEVICE_ALL,nested,1,овсянников косметика,2,2
2026-09-16,овсянников косметика,Кировская область,11070,control,DEVICE_ALL,nested,2,овсянников парфюмированная косметика,2,2
2026-09-16,овсянников косметика,Пензенская область,11095,control,DEVICE_ALL,nested,1,овсянников косметика,6,6
2026-09-16,овсянников косметика,Ростовская область,11029,control,DEVICE_ALL,nested,1,овсянников косметика,17,17
2026-09-16,овсянников косметика,Ростовская область,11029,control,DEVICE_ALL,nested,2,овсянников парфюмированная косметика,1,17
2026-09-16,овсянников косметика,Тульская область,10832,control,DEVICE_ALL,nested,1,овсянников косметика,7,7
2026-09-16,овсянников косметика,Тульская область,10832,control,DEVICE_ALL,nested,2,империя косметики овсянников,1,7
2026-09-16,овсянников косметика,Тульская область,10832,control,DEVICE_ALL,nested,3,овсянников косметика официальный,1,7
2026-09-16,овсянников косметика,Тульская область,10832,control,DEVICE_ALL,nested,4,овсянников косметика официальный сайт,1,7
2026-09-16,овсянников купить,Тюменская область,11176,campaign,DEVICE_ALL,association,1,приобрести как пишется,92,8
2026-09-16,овсянников купить,Тюменская область,11176,campaign,DEVICE_ALL,association,2,купля продажа,13104,8
2026-09-16,овсянников купить,Тюменская область,11176,campaign,DEVICE_ALL,association,3,изт маркет,12,8
2026-09-16,овсянников купить,Тюменская область,11176,campaign,DEVICE_ALL,association,4,b2b продажи это,21,8
2026-09-16,овсянников купить,Тюменская область,11176,campaign,DEVICE_ALL,association,5,я покупаю,1397,8
2026-09-16,овсянников купить,Тюменская область,11176,campaign,DEVICE_ALL,association,6,моя цена,1311,8
2026-09-16,овсянников купить,Тюменская область,11176,campaign,DEVICE_ALL,association,7,b2b продажи что это,18,8
2026-09-16,овсянников купить,Тюменская область,11176,campaign,DEVICE_ALL,association,8,отдел продаж,909,8
2026-09-16,овсянников купить,Тюменская область,11176,campaign,DEVICE_ALL,association,9,наши цены,204,8
2026-09-16,овсянников купить,Тюменская область,11176,campaign,DEVICE_ALL,association,10,ты знаешь себе цену ты бесценна,7,8
2026-09-16,овсянников купить,Тюменская область,11176,campaign,DEVICE_ALL,association,11,мои покупки,197,8
2026-09-16,овсянников купить,Тюменская область,11176,campaign,DEVICE_ALL,association,12,b2c продажи что это,13,8
2026-09-16,овсянников купить,Тюменская область,11176,campaign,DEVICE_ALL,association,13,розничная цена это,26,8
2026-09-16,овсянников купить,Волгоградская область,10950,campaign,DEVICE_ALL,association,1,приобрести как пишется,116,20
2026-09-16,овсянников купить,Волгоградская область,10950,campaign,DEVICE_ALL,association,2,купля продажа,16870,20
2026-09-16,овсянников купить,Волгоградская область,10950,campaign,DEVICE_ALL,association,3,изт маркет,11,20
2026-09-16,овсянников купить,Волгоградская область,10950,campaign,DEVICE_ALL,association,4,b2b продажи это,26,20
2026-09-16,овсянников купить,Волгоградская область,10950,campaign,DEVICE_ALL,association,5,я покупаю,2000,20
2026-09-16,овсянников купить,Волгоградская область,10950,campaign,DEVICE_ALL,association,6,моя цена,2573,20
2026-09-16,овсянников купить,Волгоградская область,10950,campaign,DEVICE_ALL,association,7,b2b продажи что это,23,20
2026-09-16,овсянников купить,Волгоградская область,10950,campaign,DEVICE_ALL,association,8,отдел продаж,1312,20
2026-09-16,овсянников купить,Волгоградская область,10950,campaign,DEVICE_ALL,association,9,наши цены,512,20
2026-09-16,овсянников купить,Волгоградская область,10950,campaign,DEVICE_ALL,association,10,ты знаешь себе цену ты бесценна,5,20
2026-09-16,овсянников купить,Волгоградская область,10950,campaign,DEVICE_ALL,association,11,мои покупки,297,20
2026-09-16,овсянников купить,Волгоградская область,10950,campaign,DEVICE_ALL,association,12,b2c продажи что это,6,20
2026-09-16,овсянников купить,Волгоградская область,10950,campaign,DEVICE_ALL,association,13,розничная цена это,25,20
2026-09-16,овсянников купить,Воронежская область,10672,campaign,DEVICE_ALL,association,1,приобрести как пишется,188,6
2026-09-16,овсянников купить,Воронежская область,10672,campaign,DEVICE_ALL,association,2,купля продажа,18561,6
2026-09-16,овсянников купить,Воронежская область,10672,campaign,DEVICE_ALL,association,3,изт маркет,6,6
2026-09-16,овсянников купить,Воронежская область,10672,campaign,DEVICE_ALL,association,4,b2b продажи это,42,6
2026-09-16,овсянников купить,Воронежская область,10672,campaign,DEVICE_ALL,association,5,я покупаю,2096,6
2026-09-16,овсянников купить,Воронежская область,10672,campaign,DEVICE_ALL,association,6,моя цена,2122,6
2026-09-16,овсянников купить,Воронежская область,10672,campaign,DEVICE_ALL,association,7,b2b продажи что это,35,6
2026-09-16,овсянников купить,Воронежская область,10672,campaign,DEVICE_ALL,association,8,отдел продаж,1846,6
2026-09-16,овсянников купить,Воронежская область,10672,campaign,DEVICE_ALL,association,9,наши цены,349,6
2026-09-16,овсянников купить,Воронежская область,10672,campaign,DEVICE_ALL,association,10,ты знаешь себе цену ты бесценна,17,6
2026-09-16,овсянников купить,Воронежская область,10672,campaign,DEVICE_ALL,association,11,мои покупки,336,6
2026-09-16,овсянников купить,Воронежская область,10672,campaign,DEVICE_ALL,association,12,b2c продажи что это,18,6
2026-09-16,овсянников купить,Воронежская область,10672,campaign,DEVICE_ALL,association,13,розничная цена это,21,6
2026-09-16,овсянников купить,Орловская область,10772,campaign,DEVICE_ALL,association,1,приобрести как пишется,53,136
2026-09-16,овсянников купить,Орловская область,10772,campaign,DEVICE_ALL,association,2,купля продажа,6686,136
2026-09-16,овсянников купить,Орловская область,10772,campaign,DEVICE_ALL,association,3,b2b продажи это,14,136
2026-09-16,овсянников купить,Орловская область,10772,campaign,DEVICE_ALL,association,4,я покупаю,918,136
2026-09-16,овсянников купить,Орловская область,10772,campaign,DEVICE_ALL,association,5,моя цена,722,136
2026-09-16,овсянников купить,Орловская область,10772,campaign,DEVICE_ALL,association,6,b2b продажи что это,13,136
2026-09-16,овсянников купить,Орловская область,10772,campaign,DEVICE_ALL,association,7,отдел продаж,290,136
2026-09-16,овсянников купить,Орловская область,10772,campaign,DEVICE_ALL,association,8,наши цены,120,136
2026-09-16,овсянников купить,Орловская область,10772,campaign,DEVICE_ALL,association,9,ты знаешь себе цену ты бесценна,2,136
2026-09-16,овсянников купить,Орловская область,10772,campaign,DEVICE_ALL,association,10,мои покупки,144,136
2026-09-16,овсянников купить,Орловская область,10772,campaign,DEVICE_ALL,association,11,b2c продажи что это,6,136
2026-09-16,овсянников купить,Орловская область,10772,campaign,DEVICE_ALL,association,12,розничная цена это,5,136
2026-09-16,овсянников купить,Ярославская область,10841,campaign,DEVICE_ALL,association,1,приобрести как пишется,53,22
2026-09-16,овсянников купить,Ярославская область,10841,campaign,DEVICE_ALL,association,2,купля продажа,11859,22
2026-09-16,овсянников купить,Ярославская область,10841,campaign,DEVICE_ALL,association,3,изт маркет,1,22
2026-09-16,овсянников купить,Ярославская область,10841,campaign,DEVICE_ALL,association,4,b2b продажи это,18,22
2026-09-16,овсянников купить,Ярославская область,10841,campaign,DEVICE_ALL,association,5,я покупаю,1003,22
2026-09-16,овсянников купить,Ярославская область,10841,campaign,DEVICE_ALL,association,6,моя цена,1383,22
2026-09-16,овсянников купить,Ярославская область,10841,campaign,DEVICE_ALL,association,7,b2b продажи что это,15,22
2026-09-16,овсянников купить,Ярославская область,10841,campaign,DEVICE_ALL,association,8,отдел продаж,835,22
2026-09-16,овсянников купить,Ярославская область,10841,campaign,DEVICE_ALL,association,9,наши цены,196,22
2026-09-16,овсянников купить,Ярославская область,10841,campaign,DEVICE_ALL,association,10,мсг37 рф прайс листы,1,22
2026-09-16,овсянников купить,Ярославская область,10841,campaign,DEVICE_ALL,association,11,ты знаешь себе цену ты бесценна,9,22
2026-09-16,овсянников купить,Ярославская область,10841,campaign,DEVICE_ALL,association,12,мои покупки,244,22
2026-09-16,овсянников купить,Ярославская область,10841,campaign,DEVICE_ALL,association,13,b2c продажи что это,3,22
2026-09-16,овсянников купить,Ярославская область,10841,campaign,DEVICE_ALL,association,14,розничная цена это,14,22
2026-09-16,овсянников купить,Костромская область,10699,campaign,DEVICE_ALL,association,1,приобрести как пишется,33,26
2026-09-16,овсянников купить,Костромская область,10699,campaign,DEVICE_ALL,association,2,купля продажа,5528,26
2026-09-16,овсянников купить,Костромская область,10699,campaign,DEVICE_ALL,association,3,изт маркет,1,26
2026-09-16,овсянников купить,Костромская область,10699,campaign,DEVICE_ALL,association,4,b2b продажи это,10,26
2026-09-16,овсянников купить,Костромская область,10699,campaign,DEVICE_ALL,association,5,я покупаю,410,26
2026-09-16,овсянников купить,Костромская область,10699,campaign,DEVICE_ALL,association,6,моя цена,337,26
2026-09-16,овсянников купить,Костромская область,10699,campaign,DEVICE_ALL,association,7,b2b продажи что это,7,26
2026-09-16,овсянников купить,Костромская область,10699,campaign,DEVICE_ALL,association,8,отдел продаж,309,26
2026-09-16,овсянников купить,Костромская область,10699,campaign,DEVICE_ALL,association,9,наши цены,114,26
2026-09-16,овсянников купить,Костромская область,10699,campaign,DEVICE_ALL,association,10,мсг37 рф прайс листы,3,26
2026-09-16,овсянников купить,Костромская область,10699,campaign,DEVICE_ALL,association,11,ты знаешь себе цену ты бесценна,1,26
2026-09-16,овсянников купить,Костромская область,10699,campaign,DEVICE_ALL,association,12,мои покупки,118,26
2026-09-16,овсянников купить,Костромская область,10699,campaign,DEVICE_ALL,association,13,b2c продажи что это,2,26
2026-09-16,овсянников купить,Костромская область,10699,campaign,DEVICE_ALL,association,14,розничная цена это,2,26
2026-09-16,овсянников купить,Республика Башкортостан,11111,campaign,DEVICE_ALL,association,1,приобрести как пишется,213,5
2026-09-16,овсянников купить,Республика Башкортостан,11111,campaign,DEVICE_ALL,association,2,купля продажа,26391,5
2026-09-16,овсянников купить,Республика Башкортостан,11111,campaign,DEVICE_ALL,association,3,изт маркет,32,5
2026-09-16,овсянников купить,Республика Башкортостан,11111,campaign,DEVICE_ALL,association,4,b2b продажи это,59,5
2026-09-16,овсянников купить,Республика Башкортостан,11111,campaign,DEVICE_ALL,association,5,я покупаю,2706,5
2026-09-16,овсянников купить,Республика Башкортостан,11111,campaign,DEVICE_ALL,association,6,моя цена,2471,5
2026-09-16,овсянников купить,Республика Башкортостан,11111,campaign,DEVICE_ALL,association,7,b2b продажи что это,40,5
2026-09-16,овсянников купить,Республика Башкортостан,11111,campaign,DEVICE_ALL,association,8,отдел продаж,2153,5
2026-09-16,овсянников купить,Республика Башкортостан,11111,campaign,DEVICE_ALL,association,9,наши цены,408,5
2026-09-16,овсянников купить,Республика Башкортостан,11111,campaign,DEVICE_ALL,association,10,ты знаешь себе цену ты бесценна,9,5
2026-09-16,овсянников купить,Республика Башкортостан,11111,campaign,DEVICE_ALL,association,11,мои покупки,764,5
2026-09-16,овсянников купить,Республика Башкортостан,11111,campaign,DEVICE_ALL,association,12,b2c продажи что это,16,5
2026-09-16,овсянников купить,Республика Башкортостан,11111,campaign,DEVICE_ALL,association,13,розничная цена это,39,5
2026-09-16,овсянников купить,Новосибирская область,11316,campaign,DEVICE_ALL,association,1,приобрести как пишется,203,3
2026-09-16,овсянников купить,Новосибирская область,11316,campaign,DEVICE_ALL,association,2,купля продажа,24922,3
2026-09-16,овсянников купить,Новосибирская область,11316,campaign,DEVICE_ALL,association,3,изт маркет,33,3
2026-09-16,овсянников купить,Новосибирская область,11316,campaign,DEVICE_ALL,association,4,b2b продажи это,83,3
2026-09-16,овсянников купить,Новосибирская область,11316,campaign,DEVICE_ALL,association,5,я покупаю,2377,3
2026-09-16,овсянников купить,Новосибирская область,11316,campaign,DEVICE_ALL,association,6,моя цена,2251,3
2026-09-16,овсянников купить,Новосибирская область,11316,campaign,DEVICE_ALL,association,7,b2b продажи что это,54,3
2026-09-16,овсянников купить,Новосибирская область,11316,campaign,DEVICE_ALL,association,8,отдел продаж,2246,3
2026-09-16,овсянников купить,Новосибирская область,11316,campaign,DEVICE_ALL,association,9,наши цены,346,3
2026-09-16,овсянников купить,Новосибирская область,11316,campaign,DEVICE_ALL,association,10,ты знаешь себе цену ты бесценна,11,3
2026-09-16,овсянников купить,Новосибирская область,11316,campaign,DEVICE_ALL,association,11,мои покупки,376,3
2026-09-16,овсянников купить,Новосибирская область,11316,campaign,DEVICE_ALL,association,12,b2c продажи что это,16,3
2026-09-16,овсянников купить,Новосибирская область,11316,campaign,DEVICE_ALL,association,13,розничная цена это,23,3
2026-09-16,овсянников купить,Саратовская область,11146,campaign,DEVICE_ALL,association,1,приобрести как пишется,122,10
2026-09-16,овсянников купить,Саратовская область,11146,campaign,DEVICE_ALL,association,2,купля продажа,17399,10
2026-09-16,овсянников купить,Саратовская область,11146,campaign,DEVICE_ALL,association,3,изт маркет,8,10
2026-09-16,овсянников купить,Саратовская область,11146,campaign,DEVICE_ALL,association,4,b2b продажи это,37,10
2026-09-16,овсянников купить,Саратовская область,11146,campaign,DEVICE_ALL,association,5,я покупаю,1643,10
2026-09-16,овсянников купить,Саратовская область,11146,campaign,DEVICE_ALL,association,6,моя цена,3142,10
2026-09-16,овсянников купить,Саратовская область,11146,campaign,DEVICE_ALL,association,7,b2b продажи что это,30,10
2026-09-16,овсянников купить,Саратовская область,11146,campaign,DEVICE_ALL,association,8,отдел продаж,1005,10
2026-09-16,овсянников купить,Саратовская область,11146,campaign,DEVICE_ALL,association,9,наши цены,244,10
2026-09-16,овсянников купить,Саратовская область,11146,campaign,DEVICE_ALL,association,10,ты знаешь себе цену ты бесценна,4,10
2026-09-16,овсянников купить,Саратовская область,11146,campaign,DEVICE_ALL,association,11,мои покупки,364,10
2026-09-16,овсянников купить,Саратовская область,11146,campaign,DEVICE_ALL,association,12,b2c продажи что это,11,10
2026-09-16,овсянников купить,Саратовская область,11146,campaign,DEVICE_ALL,association,13,розничная цена это,17,10
2026-09-16,овсянников купить,Вологодская область,10853,campaign,DEVICE_ALL,association,1,приобрести как пишется,54,11
2026-09-16,овсянников купить,Вологодская область,10853,campaign,DEVICE_ALL,association,2,купля продажа,10588,11
2026-09-16,овсянников купить,Вологодская область,10853,campaign,DEVICE_ALL,association,3,изт маркет,3,11
2026-09-16,овсянников купить,Вологодская область,10853,campaign,DEVICE_ALL,association,4,b2b продажи это,21,11
2026-09-16,овсянников купить,Вологодская область,10853,campaign,DEVICE_ALL,association,5,я покупаю,985,11
2026-09-16,овсянников купить,Вологодская область,10853,campaign,DEVICE_ALL,association,6,моя цена,1001,11
2026-09-16,овсянников купить,Вологодская область,10853,campaign,DEVICE_ALL,association,7,b2b продажи что это,19,11
2026-09-16,овсянников купить,Вологодская область,10853,campaign,DEVICE_ALL,association,8,отдел продаж,584,11
2026-09-16,овсянников купить,Вологодская область,10853,campaign,DEVICE_ALL,association,9,наши цены,208,11
2026-09-16,овсянников купить,Вологодская область,10853,campaign,DEVICE_ALL,association,10,ты знаешь себе цену ты бесценна,4,11
2026-09-16,овсянников купить,Вологодская область,10853,campaign,DEVICE_ALL,association,11,мои покупки,198,11
2026-09-16,овсянников купить,Вологодская область,10853,campaign,DEVICE_ALL,association,12,b2c продажи что это,6,11
2026-09-16,овсянников купить,Вологодская область,10853,campaign,DEVICE_ALL,association,13,розничная цена это,4,11
2026-09-16,овсянников купить,Алтайский край,11235,campaign,DEVICE_ALL,association,1,приобрести как пишется,86,5
2026-09-16,овсянников купить,Алтайский край,11235,campaign,DEVICE_ALL,association,2,купля продажа,16555,5
2026-09-16,овсянников купить,Алтайский край,11235,campaign,DEVICE_ALL,association,3,изт маркет,15,5
2026-09-16,овсянников купить,Алтайский край,11235,campaign,DEVICE_ALL,association,4,b2b продажи это,42,5
2026-09-16,овсянников купить,Алтайский край,11235,campaign,DEVICE_ALL,association,5,я покупаю,1355,5
2026-09-16,овсянников купить,Алтайский край,11235,campaign,DEVICE_ALL,association,6,моя цена,983,5
2026-09-16,овсянников купить,Алтайский край,11235,campaign,DEVICE_ALL,association,7,b2b продажи что это,36,5
2026-09-16,овсянников купить,Алтайский край,11235,campaign,DEVICE_ALL,association,8,отдел продаж,947,5
2026-09-16,овсянников купить,Алтайский край,11235,campaign,DEVICE_ALL,association,9,наши цены,238,5
2026-09-16,овсянников купить,Алтайский край,11235,campaign,DEVICE_ALL,association,10,ты знаешь себе цену ты бесценна,13,5
2026-09-16,овсянников купить,Алтайский край,11235,campaign,DEVICE_ALL,association,11,мои покупки,212,5
2026-09-16,овсянников купить,Алтайский край,11235,campaign,DEVICE_ALL,association,12,b2c продажи что это,4,5
2026-09-16,овсянников купить,Алтайский край,11235,campaign,DEVICE_ALL,association,13,розничная цена это,7,5
2026-09-16,овсянников купить,Ивановская область,10687,campaign,DEVICE_ALL,association,1,приобрести как пишется,39,12
2026-09-16,овсянников купить,Ивановская область,10687,campaign,DEVICE_ALL,association,2,купля продажа,7950,12
2026-09-16,овсянников купить,Ивановская область,10687,campaign,DEVICE_ALL,association,3,b2b продажи это,20,12
2026-09-16,овсянников купить,Ивановская область,10687,campaign,DEVICE_ALL,association,4,я покупаю,720,12
2026-09-16,овсянников купить,Ивановская область,10687,campaign,DEVICE_ALL,association,5,моя цена,1227,12
2026-09-16,овсянников купить,Ивановская область,10687,campaign,DEVICE_ALL,association,6,b2b продажи что это,12,12
2026-09-16,овсянников купить,Ивановская область,10687,campaign,DEVICE_ALL,association,7,отдел продаж,538,12
2026-09-16,овсянников купить,Ивановская область,10687,campaign,DEVICE_ALL,association,8,наши цены,221,12
2026-09-16,овсянников купить,Ивановская область,10687,campaign,DEVICE_ALL,association,9,мсг37 рф прайс листы,1027,12
2026-09-16,овсянников купить,Ивановская область,10687,campaign,DEVICE_ALL,association,10,ты знаешь себе цену ты бесценна,2,12
2026-09-16,овсянников купить,Ивановская область,10687,campaign,DEVICE_ALL,association,11,мои покупки,124,12
2026-09-16,овсянников купить,Ивановская область,10687,campaign,DEVICE_ALL,association,12,b2c продажи что это,2,12
2026-09-16,овсянников купить,Ивановская область,10687,campaign,DEVICE_ALL,association,13,розничная цена это,6,12
2026-09-16,овсянников купить,Омская область,11318,campaign,DEVICE_ALL,association,1,мазь арника для чего применяется,34,2
2026-09-16,овсянников купить,Омская область,11318,campaign,DEVICE_ALL,association,2,мазь метилсалицилат от чего помогает цена,14,2
2026-09-16,овсянников купить,Омская область,11318,campaign,DEVICE_ALL,association,3,бепантен мазь для чего применяется,18,2
2026-09-16,овсянников купить,Омская область,11318,campaign,DEVICE_ALL,association,4,мазь ортофен для чего предназначена,2,2
2026-09-16,овсянников купить,Омская область,11318,campaign,DEVICE_ALL,association,5,фуцидин мазь от чего она помогает,2,2
2026-09-16,овсянников купить,Омская область,11318,campaign,DEVICE_ALL,association,6,окопник мазь для чего,3,2
2026-09-16,овсянников купить,Омская область,11318,campaign,DEVICE_ALL,association,7,синофлановая мазь от чего помогает цена,1,2
2026-09-16,овсянников купить,Омская область,11318,campaign,DEVICE_ALL,association,8,гидрокортизон акос мазь для чего применяется,14,2
2026-09-16,овсянников купить,Омская область,11318,campaign,DEVICE_ALL,association,9,пимафуцин мазь для чего применяется мужчинам,4,2
2026-09-16,овсянников купить,Омская область,11318,campaign,DEVICE_ALL,association,10,мазь фуцидин для чего применяется,14,2
2026-09-16,овсянников купить,Омская область,11318,campaign,DEVICE_ALL,association,11,мазь супироцин для чего применяется,2,2
2026-09-16,овсянников купить,Омская область,11318,campaign,DEVICE_ALL,association,12,траумель мазь для чего предназначена цена,7,2
2026-09-16,овсянников купить,Омская область,11318,campaign,DEVICE_ALL,association,13,бороплюс мазь от чего помогает цена,2,2
2026-09-16,овсянников купить,Омская область,11318,campaign,DEVICE_ALL,association,14,мазь левомеколь для чего применяется цена,31,2
2026-09-16,овсянников купить,Кемеровская область,11282,control,DEVICE_ALL,association,1,домик на окраине,45,2
2026-09-16,овсянников купить,Кемеровская область,11282,control,DEVICE_ALL,association,2,договор купли продажи дома,456,2
2026-09-16,овсянников купить,Кемеровская область,11282,control,DEVICE_ALL,association,3,продажа домов,14747,2
2026-09-16,овсянников купить,Кемеровская область,11282,control,DEVICE_ALL,association,4,модульный домик,98,2
2026-09-16,овсянников купить,Кемеровская область,11282,control,DEVICE_ALL,association,5,покупка дома,2003,2
2026-09-16,овсянников купить,Кемеровская область,11282,control,DEVICE_ALL,association,6,домик лесника,44,2
2026-09-16,овсянников купить,Кемеровская область,11282,control,DEVICE_ALL,association,7,продается дом,582,2
2026-09-16,овсянников купить,Кемеровская область,11282,control,DEVICE_ALL,association,8,дачные домики под ключ недорого цены,18,2
2026-09-16,овсянников купить,Кемеровская область,11282,control,DEVICE_ALL,association,9,модульный домик для дачи,12,2
2026-09-16,овсянников купить,Кемеровская область,11282,control,DEVICE_ALL,association,10,дом на продажу,2366,2
2026-09-16,овсянников купить,Кемеровская область,11282,control,DEVICE_ALL,association,11,молитва на продажу дома и земельного участка,9,2
2026-09-16,овсянников купить,Кемеровская область,11282,control,DEVICE_ALL,association,12,модульный дом цена,394,2
2026-09-16,овсянников купить,Кемеровская область,11282,control,DEVICE_ALL,association,13,документы для продажи дома,84,2
2026-09-16,овсянников купить,Кемеровская область,11282,control,DEVICE_ALL,association,14,летние домики для дачи недорого,9,2
2026-09-16,овсянников купить,Кемеровская область,11282,control,DEVICE_ALL,association,15,купить домик для дачи,36,2
2026-09-16,овсянников купить,Кемеровская область,11282,control,DEVICE_ALL,association,16,домик на дачу недорого,7,2
2026-09-16,овсянников купить,Кировская область,11070,control,DEVICE_ALL,association,1,приобрести как пишется,74,17
2026-09-16,овсянников купить,Кировская область,11070,control,DEVICE_ALL,association,2,купля продажа,10483,17
2026-09-16,овсянников купить,Кировская область,11070,control,DEVICE_ALL,association,3,изт маркет,2,17
2026-09-16,овсянников купить,Кировская область,11070,control,DEVICE_ALL,association,4,b2b продажи это,19,17
2026-09-16,овсянников купить,Кировская область,11070,control,DEVICE_ALL,association,5,я покупаю,906,17
2026-09-16,овсянников купить,Кировская область,11070,control,DEVICE_ALL,association,6,моя цена,1044,17
2026-09-16,овсянников купить,Кировская область,11070,control,DEVICE_ALL,association,7,b2b продажи что это,16,17
2026-09-16,овсянников купить,Кировская область,11070,control,DEVICE_ALL,association,8,отдел продаж,801,17
2026-09-16,овсянников купить,Кировская область,11070,control,DEVICE_ALL,association,9,наши цены,215,17
2026-09-16,овсянников купить,Кировская область,11070,control,DEVICE_ALL,association,10,ты знаешь себе цену ты бесценна,2,17
2026-09-16,овсянников купить,Кировская область,11070,control,DEVICE_ALL,association,11,мои покупки,182,17
2026-09-16,овсянников купить,Кировская область,11070,control,DEVICE_ALL,association,12,b2c продажи что это,3,17
2026-09-16,овсянников купить,Кировская область,11070,control,DEVICE_ALL,association,13,розничная цена это,16,17
2026-09-16,овсянников купить,Ростовская область,11029,control,DEVICE_ALL,association,1,приобрести как пишется,250,13
2026-09-16,овсянников купить,Ростовская область,11029,control,DEVICE_ALL,association,2,купля продажа,32342,13
2026-09-16,овсянников купить,Ростовская область,11029,control,DEVICE_ALL,association,3,изт маркет,15,13
2026-09-16,овсянников купить,Ростовская область,11029,control,DEVICE_ALL,association,4,b2b продажи это,86,13
2026-09-16,овсянников купить,Ростовская область,11029,control,DEVICE_ALL,association,5,я покупаю,3704,13
2026-09-16,овсянников купить,Ростовская область,11029,control,DEVICE_ALL,association,6,моя цена,4474,13
2026-09-16,овсянников купить,Ростовская область,11029,control,DEVICE_ALL,association,7,b2b продажи что это,51,13
2026-09-16,овсянников купить,Ростовская область,11029,control,DEVICE_ALL,association,8,отдел продаж,2588,13
2026-09-16,овсянников купить,Ростовская область,11029,control,DEVICE_ALL,association,9,наши цены,819,13
2026-09-16,овсянников купить,Ростовская область,11029,control,DEVICE_ALL,association,10,ты знаешь себе цену ты бесценна,15,13
2026-09-16,овсянников купить,Ростовская область,11029,control,DEVICE_ALL,association,11,мои покупки,547,13
2026-09-16,овсянников купить,Ростовская область,11029,control,DEVICE_ALL,association,12,b2c продажи что это,13,13
2026-09-16,овсянников купить,Ростовская область,11029,control,DEVICE_ALL,association,13,розничная цена это,51,13
2026-09-16,овсянников купить,Тульская область,10832,control,DEVICE_ALL,association,1,приобрести как пишется,94,1
2026-09-16,овсянников купить,Тульская область,10832,control,DEVICE_ALL,association,2,купля продажа,11848,1
2026-09-16,овсянников купить,Тульская область,10832,control,DEVICE_ALL,association,3,изт маркет,1,1
2026-09-16,овсянников купить,Тульская область,10832,control,DEVICE_ALL,association,4,b2b продажи это,28,1
2026-09-16,овсянников купить,Тульская область,10832,control,DEVICE_ALL,association,5,я покупаю,996,1
2026-09-16,овсянников купить,Тульская область,10832,control,DEVICE_ALL,association,6,моя цена,1114,1
2026-09-16,овсянников купить,Тульская область,10832,control,DEVICE_ALL,association,7,b2b продажи что это,21,1
2026-09-16,овсянников купить,Тульская область,10832,control,DEVICE_ALL,association,8,отдел продаж,650,1
2026-09-16,овсянников купить,Тульская область,10832,control,DEVICE_ALL,association,9,наши цены,158,1
2026-09-16,овсянников купить,Тульская область,10832,control,DEVICE_ALL,association,10,ты знаешь себе цену ты бесценна,4,1
2026-09-16,овсянников купить,Тульская область,10832,control,DEVICE_ALL,association,11,мои покупки,289,1
2026-09-16,овсянников купить,Тульская область,10832,control,DEVICE_ALL,association,12,b2c продажи что это,7,1
2026-09-16,овсянников купить,Тульская область,10832,control,DEVICE_ALL,association,13,розничная цена это,21,1
2026-09-16,овсянников купить,Тюменская область,11176,campaign,DEVICE_ALL,nested,1,овсянников купить,8,8
2026-09-16,овсянников купить,Тюменская область,11176,campaign,DEVICE_ALL,nested,2,купить дом в овсянниково,2,8
2026-09-16,овсянников купить,Тюменская область,11176,campaign,DEVICE_ALL,nested,3,купить книгу овсянникова,2,8
2026-09-16,овсянников купить,Тюменская область,11176,campaign,DEVICE_ALL,nested,4,куплю дом деревне овсянников,1,8
2026-09-16,овсянников купить,Волгоградская область,10950,campaign,DEVICE_ALL,nested,1,овсянников купить,20,20
2026-09-16,овсянников купить,Волгоградская область,10950,campaign,DEVICE_ALL,nested,2,овсянников мыло купить,7,20
2026-09-16,овсянников купить,Волгоградская область,10950,campaign,DEVICE_ALL,nested,3,купить мед алтайский из овсянникова в озон,5,20
2026-09-16,овсянников купить,Воронежская область,10672,campaign,DEVICE_ALL,nested,1,овсянников купить,6,6
2026-09-16,овсянников купить,Орловская область,10772,campaign,DEVICE_ALL,nested,1,овсянников купить,136,136
2026-09-16,овсянников купить,Орловская область,10772,campaign,DEVICE_ALL,nested,2,овсянниково орел купить,100,136
2026-09-16,овсянников купить,Орловская область,10772,campaign,DEVICE_ALL,nested,3,купить дом в овсянниково,86,136
2026-09-16,овсянников купить,Орловская область,10772,campaign,DEVICE_ALL,nested,4,купить дом в орле в овсянниково,71,136
2026-09-16,овсянников купить,Орловская область,10772,campaign,DEVICE_ALL,nested,5,куплю дом деревне овсянников,68,136
2026-09-16,овсянников купить,Орловская область,10772,campaign,DEVICE_ALL,nested,6,авито овсянников купить дом,62,136
2026-09-16,овсянников купить,Орловская область,10772,campaign,DEVICE_ALL,nested,7,авито орел купить купить дом овсянниково,62,136
2026-09-16,овсянников купить,Орловская область,10772,campaign,DEVICE_ALL,nested,8,купить дом в овсянниково орловский район,10,136
2026-09-16,овсянников купить,Орловская область,10772,campaign,DEVICE_ALL,nested,9,купить дом в деревне овсянниково город орел,9,136
2026-09-16,овсянников купить,Орловская область,10772,campaign,DEVICE_ALL,nested,10,авито орел купить дачу овсянниково,9,136
2026-09-16,овсянников купить,Орловская область,10772,campaign,DEVICE_ALL,nested,11,купить дом д овсянниково,7,136
2026-09-16,овсянников купить,Орловская область,10772,campaign,DEVICE_ALL,nested,12,овсянниково купить участок,7,136
2026-09-16,овсянников купить,Ярославская область,10841,campaign,DEVICE_ALL,nested,1,овсянников купить,22,22
2026-09-16,овсянников купить,Ярославская область,10841,campaign,DEVICE_ALL,nested,2,овсянников крем купить,11,22
2026-09-16,овсянников купить,Ярославская область,10841,campaign,DEVICE_ALL,nested,3,овсянников крем для рук купить,8,22
2026-09-16,овсянников купить,Ярославская область,10841,campaign,DEVICE_ALL,nested,4,овсянников мыло купить,5,22
2026-09-16,овсянников купить,Ярославская область,10841,campaign,DEVICE_ALL,nested,5,овсянников черный перец купить,5,22
2026-09-16,овсянников купить,Ярославская область,10841,campaign,DEVICE_ALL,nested,6,овсянников где купить,2,22
2026-09-16,овсянников купить,Ярославская область,10841,campaign,DEVICE_ALL,nested,7,куплю дом деревне овсянников,1,22
2026-09-16,овсянников купить,Костромская область,10699,campaign,DEVICE_ALL,nested,1,овсянников купить,26,26
2026-09-16,овсянников купить,Республика Башкортостан,11111,campaign,DEVICE_ALL,nested,1,овсянников купить,5,5
2026-09-16,овсянников купить,Республика Башкортостан,11111,campaign,DEVICE_ALL,nested,2,овсянников где купить,2,5
2026-09-16,овсянников купить,Новосибирская область,11316,campaign,DEVICE_ALL,nested,1,овсянников купить,3,3
2026-09-16,овсянников купить,Саратовская область,11146,campaign,DEVICE_ALL,nested,1,овсянников купить,10,10
2026-09-16,овсянников купить,Саратовская область,11146,campaign,DEVICE_ALL,nested,2,овсянников крем для рук купить,2,10
2026-09-16,овсянников купить,Саратовская область,11146,campaign,DEVICE_ALL,nested,3,овсянников крем купить,2,10
2026-09-16,овсянников купить,Вологодская область,10853,campaign,DEVICE_ALL,nested,1,овсянников купить,11,11
2026-09-16,овсянников купить,Вологодская область,10853,campaign,DEVICE_ALL,nested,2,савсан набор овсянникова купить,10,11
2026-09-16,овсянников купить,Алтайский край,11235,campaign,DEVICE_ALL,nested,1,овсянников купить,5,5
2026-09-16,овсянников купить,Алтайский край,11235,campaign,DEVICE_ALL,nested,2,купить дом в овсянниково,1,5
2026-09-16,овсянников купить,Алтайский край,11235,campaign,DEVICE_ALL,nested,3,авито овсянников купить дом,1,5
2026-09-16,овсянников купить,Ивановская область,10687,campaign,DEVICE_ALL,nested,1,овсянников купить,12,12
2026-09-16,овсянников купить,Ивановская область,10687,campaign,DEVICE_ALL,nested,2,купить дом в овсянниково,8,12
2026-09-16,овсянников купить,Ивановская область,10687,campaign,DEVICE_ALL,nested,3,купить дом в овсянниково шуйский район,6,12
2026-09-16,овсянников купить,Ивановская область,10687,campaign,DEVICE_ALL,nested,4,овсянников где купить,2,12
2026-09-16,овсянников купить,Ивановская область,10687,campaign,DEVICE_ALL,nested,5,купить дом д овсянниково,1,12
2026-09-16,овсянников купить,Омская область,11318,campaign,DEVICE_ALL,nested,1,овсянников крем купить,2,2
2026-09-16,овсянников купить,Омская область,11318,campaign,DEVICE_ALL,nested,2,овсянников купить,2,2
2026-09-16,овсянников купить,Кемеровская область,11282,control,DEVICE_ALL,nested,1,купить дом в овсянниково,2,2
2026-09-16,овсянников купить,Кемеровская область,11282,control,DEVICE_ALL,nested,2,овсянников купить,2,2
2026-09-16,овсянников купить,Кировская область,11070,control,DEVICE_ALL,nested,1,овсянников купить,17,17
2026-09-16,овсянников купить,Кировская область,11070,control,DEVICE_ALL,nested,2,овсянников где купить,7,17
2026-09-16,овсянников купить,Кировская область,11070,control,DEVICE_ALL,nested,3,авито овсянников купить дом,2,17
2026-09-16,овсянников купить,Кировская область,11070,control,DEVICE_ALL,nested,4,овсянников крем для рук купить,2,17
2026-09-16,овсянников купить,Кировская область,11070,control,DEVICE_ALL,nested,5,овсянников крем купить,2,17
2026-09-16,овсянников купить,Кировская область,11070,control,DEVICE_ALL,nested,6,овсянников мыло купить,2,17
2026-09-16,овсянников купить,Кировская область,11070,control,DEVICE_ALL,nested,7,овсянников черный перец купить,2,17
2026-09-16,овсянников купить,Ростовская область,11029,control,DEVICE_ALL,nested,1,овсянников купить,13,13
2026-09-16,овсянников купить,Ростовская область,11029,control,DEVICE_ALL,nested,2,овсянников мыло жидкое купить,3,13
2026-09-16,овсянников купить,Ростовская область,11029,control,DEVICE_ALL,nested,3,овсянников мыло купить,3,13
2026-09-16,овсянников купить,Ростовская область,11029,control,DEVICE_ALL,nested,4,купить дом овсянниково,2,13
2026-09-16,овсянников купить,Ростовская область,11029,control,DEVICE_ALL,nested,5,куплю дом деревне овсянников,1,13
2026-09-16,овсянников купить,Ростовская область,11029,control,DEVICE_ALL,nested,6,овсянниково купить участок,1,13
2026-09-16,овсянников купить,Тульская область,10832,control,DEVICE_ALL,nested,1,овсянников купить,1,1
2026-09-16,овсянников мыло,Тюменская область,11176,campaign,DEVICE_ALL,association,1,дегтярное мыло,729,13
2026-09-16,овсянников мыло,Тюменская область,11176,campaign,DEVICE_ALL,association,2,дегтярное мыло для чего,118,13
2026-09-16,овсянников мыло,Тюменская область,11176,campaign,DEVICE_ALL,association,3,марсельское мыло,14,13
2026-09-16,овсянников мыло,Тюменская область,11176,campaign,DEVICE_ALL,association,4,кокосовое хозяйственное мыло,19,13
2026-09-16,овсянников мыло,Тюменская область,11176,campaign,DEVICE_ALL,association,5,soap skin,16,13
2026-09-16,овсянников мыло,Тюменская область,11176,campaign,DEVICE_ALL,association,6,мыло земляничное,14,13
2026-09-16,овсянников мыло,Тюменская область,11176,campaign,DEVICE_ALL,association,7,можно ли умываться мылом,10,13
2026-09-16,овсянников мыло,Тюменская область,11176,campaign,DEVICE_ALL,association,8,можно ли умываться дегтярным мылом,2,13
2026-09-16,овсянников мыло,Тюменская область,11176,campaign,DEVICE_ALL,association,9,можно ли мыть лицо дегтярным мылом,4,13
2026-09-16,овсянников мыло,Волгоградская область,10950,campaign,DEVICE_ALL,association,1,дегтярное мыло,1192,21
2026-09-16,овсянников мыло,Волгоградская область,10950,campaign,DEVICE_ALL,association,2,дегтярное мыло для чего,218,21
2026-09-16,овсянников мыло,Волгоградская область,10950,campaign,DEVICE_ALL,association,3,марсельское мыло,14,21
2026-09-16,овсянников мыло,Волгоградская область,10950,campaign,DEVICE_ALL,association,4,мыление мыла,2,21
2026-09-16,овсянников мыло,Волгоградская область,10950,campaign,DEVICE_ALL,association,5,кокосовое хозяйственное мыло,7,21
2026-09-16,овсянников мыло,Волгоградская область,10950,campaign,DEVICE_ALL,association,6,soap skin,26,21
2026-09-16,овсянников мыло,Волгоградская область,10950,campaign,DEVICE_ALL,association,7,мыло земляничное,15,21
2026-09-16,овсянников мыло,Волгоградская область,10950,campaign,DEVICE_ALL,association,8,можно ли умываться мылом,26,21
2026-09-16,овсянников мыло,Волгоградская область,10950,campaign,DEVICE_ALL,association,9,можно ли умываться дегтярным мылом,6,21
2026-09-16,овсянников мыло,Волгоградская область,10950,campaign,DEVICE_ALL,association,10,можно ли мыться дегтярным мылом,8,21
2026-09-16,овсянников мыло,Волгоградская область,10950,campaign,DEVICE_ALL,association,11,можно ли мыть лицо дегтярным мылом,2,21
2026-09-16,овсянников мыло,Волгоградская область,10950,campaign,DEVICE_ALL,association,12,зеленое мыло от мучнистого червеца,1,21
2026-09-16,овсянников мыло,Воронежская область,10672,campaign,DEVICE_ALL,association,1,дегтярное мыло,1214,14
2026-09-16,овсянников мыло,Воронежская область,10672,campaign,DEVICE_ALL,association,2,дегтярное мыло для чего,193,14
2026-09-16,овсянников мыло,Воронежская область,10672,campaign,DEVICE_ALL,association,3,марсельское мыло,37,14
2026-09-16,овсянников мыло,Воронежская область,10672,campaign,DEVICE_ALL,association,4,мыление мыла,15,14
2026-09-16,овсянников мыло,Воронежская область,10672,campaign,DEVICE_ALL,association,5,кокосовое хозяйственное мыло,55,14
2026-09-16,овсянников мыло,Воронежская область,10672,campaign,DEVICE_ALL,association,6,soap skin,27,14
2026-09-16,овсянников мыло,Воронежская область,10672,campaign,DEVICE_ALL,association,7,мыло земляничное,20,14
2026-09-16,овсянников мыло,Воронежская область,10672,campaign,DEVICE_ALL,association,8,можно ли умываться мылом,22,14
2026-09-16,овсянников мыло,Воронежская область,10672,campaign,DEVICE_ALL,association,9,можно ли умываться дегтярным мылом,3,14
2026-09-16,овсянников мыло,Воронежская область,10672,campaign,DEVICE_ALL,association,10,можно ли мыться дегтярным мылом,1,14
2026-09-16,овсянников мыло,Воронежская область,10672,campaign,DEVICE_ALL,association,11,можно ли мыть лицо дегтярным мылом,4,14
2026-09-16,овсянников мыло,Воронежская область,10672,campaign,DEVICE_ALL,association,12,зеленое мыло от мучнистого червеца,7,14
2026-09-16,овсянников мыло,Орловская область,10772,campaign,DEVICE_ALL,association,1,дегтярное мыло,424,4
2026-09-16,овсянников мыло,Орловская область,10772,campaign,DEVICE_ALL,association,2,дегтярное мыло для чего,37,4
2026-09-16,овсянников мыло,Орловская область,10772,campaign,DEVICE_ALL,association,3,марсельское мыло,2,4
2026-09-16,овсянников мыло,Орловская область,10772,campaign,DEVICE_ALL,association,4,кокосовое хозяйственное мыло,7,4
2026-09-16,овсянников мыло,Орловская область,10772,campaign,DEVICE_ALL,association,5,мыло земляничное,1,4
2026-09-16,овсянников мыло,Орловская область,10772,campaign,DEVICE_ALL,association,6,можно ли умываться мылом,15,4
2026-09-16,овсянников мыло,Рязанская область,10776,campaign,DEVICE_ALL,association,1,дегтярное мыло,591,9
2026-09-16,овсянников мыло,Рязанская область,10776,campaign,DEVICE_ALL,association,2,дегтярное мыло для чего,100,9
2026-09-16,овсянников мыло,Рязанская область,10776,campaign,DEVICE_ALL,association,3,марсельское мыло,4,9
2026-09-16,овсянников мыло,Рязанская область,10776,campaign,DEVICE_ALL,association,4,кокосовое хозяйственное мыло,12,9
2026-09-16,овсянников мыло,Рязанская область,10776,campaign,DEVICE_ALL,association,5,soap skin,25,9
2026-09-16,овсянников мыло,Рязанская область,10776,campaign,DEVICE_ALL,association,6,мыло земляничное,25,9
2026-09-16,овсянников мыло,Рязанская область,10776,campaign,DEVICE_ALL,association,7,можно ли умываться мылом,12,9
2026-09-16,овсянников мыло,Рязанская область,10776,campaign,DEVICE_ALL,association,8,можно ли умываться дегтярным мылом,2,9
2026-09-16,овсянников мыло,Рязанская область,10776,campaign,DEVICE_ALL,association,9,можно ли мыться дегтярным мылом,5,9
2026-09-16,овсянников мыло,Рязанская область,10776,campaign,DEVICE_ALL,association,10,зеленое мыло от каких вредителей,4,9
2026-09-16,овсянников мыло,Рязанская область,10776,campaign,DEVICE_ALL,association,11,можно ли мыть лицо дегтярным мылом,1,9
2026-09-16,овсянников мыло,Рязанская область,10776,campaign,DEVICE_ALL,association,12,зеленое мыло от мучнистого червеца,1,9
2026-09-16,овсянников мыло,Ярославская область,10841,campaign,DEVICE_ALL,association,1,дегтярное мыло,692,36
2026-09-16,овсянников мыло,Ярославская область,10841,campaign,DEVICE_ALL,association,2,дегтярное мыло для чего,89,36
2026-09-16,овсянников мыло,Ярославская область,10841,campaign,DEVICE_ALL,association,3,марсельское мыло,37,36
2026-09-16,овсянников мыло,Ярославская область,10841,campaign,DEVICE_ALL,association,4,кокосовое хозяйственное мыло,8,36
2026-09-16,овсянников мыло,Ярославская область,10841,campaign,DEVICE_ALL,association,5,soap skin,25,36
2026-09-16,овсянников мыло,Ярославская область,10841,campaign,DEVICE_ALL,association,6,мыло земляничное,3,36
2026-09-16,овсянников мыло,Ярославская область,10841,campaign,DEVICE_ALL,association,7,можно ли умываться мылом,2,36
2026-09-16,овсянников мыло,Ярославская область,10841,campaign,DEVICE_ALL,association,8,можно ли мыться дегтярным мылом,5,36
2026-09-16,овсянников мыло,Ярославская область,10841,campaign,DEVICE_ALL,association,9,зеленое мыло от каких вредителей,2,36
2026-09-16,овсянников мыло,Ярославская область,10841,campaign,DEVICE_ALL,association,10,можно ли мыть лицо дегтярным мылом,2,36
2026-09-16,овсянников мыло,Ярославская область,10841,campaign,DEVICE_ALL,association,11,зеленое мыло от мучнистого червеца,1,36
2026-09-16,овсянников мыло,Костромская область,10699,campaign,DEVICE_ALL,association,1,дегтярное мыло,304,5
2026-09-16,овсянников мыло,Костромская область,10699,campaign,DEVICE_ALL,association,2,дегтярное мыло для чего,31,5
2026-09-16,овсянников мыло,Костромская область,10699,campaign,DEVICE_ALL,association,3,марсельское мыло,13,5
2026-09-16,овсянников мыло,Костромская область,10699,campaign,DEVICE_ALL,association,4,кокосовое хозяйственное мыло,1,5
2026-09-16,овсянников мыло,Костромская область,10699,campaign,DEVICE_ALL,association,5,soap skin,9,5
2026-09-16,овсянников мыло,Костромская область,10699,campaign,DEVICE_ALL,association,6,мыло земляничное,4,5
2026-09-16,овсянников мыло,Костромская область,10699,campaign,DEVICE_ALL,association,7,можно ли умываться мылом,3,5
2026-09-16,овсянников мыло,Костромская область,10699,campaign,DEVICE_ALL,association,8,можно ли мыться дегтярным мылом,1,5
2026-09-16,овсянников мыло,Костромская область,10699,campaign,DEVICE_ALL,association,9,можно ли мыть лицо дегтярным мылом,1,5
2026-09-16,овсянников мыло,Липецкая область,10712,campaign,DEVICE_ALL,association,1,дегтярное мыло,571,3
2026-09-16,овсянников мыло,Липецкая область,10712,campaign,DEVICE_ALL,association,2,дегтярное мыло для чего,87,3
2026-09-16,овсянников мыло,Липецкая область,10712,campaign,DEVICE_ALL,association,3,марсельское мыло,3,3
2026-09-16,овсянников мыло,Липецкая область,10712,campaign,DEVICE_ALL,association,4,мыление мыла,29,3
2026-09-16,овсянников мыло,Липецкая область,10712,campaign,DEVICE_ALL,association,5,кокосовое хозяйственное мыло,4,3
2026-09-16,овсянников мыло,Липецкая область,10712,campaign,DEVICE_ALL,association,6,soap skin,9,3
2026-09-16,овсянников мыло,Липецкая область,10712,campaign,DEVICE_ALL,association,7,мыло земляничное,4,3
2026-09-16,овсянников мыло,Липецкая область,10712,campaign,DEVICE_ALL,association,8,можно ли умываться мылом,16,3
2026-09-16,овсянников мыло,Липецкая область,10712,campaign,DEVICE_ALL,association,9,можно ли умываться дегтярным мылом,2,3
2026-09-16,овсянников мыло,Липецкая область,10712,campaign,DEVICE_ALL,association,10,зеленое мыло от мучнистого червеца,2,3
2026-09-16,овсянников мыло,Республика Башкортостан,11111,campaign,DEVICE_ALL,association,1,дегтярное мыло,2052,11
2026-09-16,овсянников мыло,Республика Башкортостан,11111,campaign,DEVICE_ALL,association,2,дегтярное мыло для чего,239,11
2026-09-16,овсянников мыло,Республика Башкортостан,11111,campaign,DEVICE_ALL,association,3,марсельское мыло,22,11
2026-09-16,овсянников мыло,Республика Башкортостан,11111,campaign,DEVICE_ALL,association,4,мыление мыла,8,11
2026-09-16,овсянников мыло,Республика Башкортостан,11111,campaign,DEVICE_ALL,association,5,кокосовое хозяйственное мыло,6,11
2026-09-16,овсянников мыло,Республика Башкортостан,11111,campaign,DEVICE_ALL,association,6,soap skin,35,11
2026-09-16,овсянников мыло,Республика Башкортостан,11111,campaign,DEVICE_ALL,association,7,мыло земляничное,12,11
2026-09-16,овсянников мыло,Республика Башкортостан,11111,campaign,DEVICE_ALL,association,8,можно ли умываться мылом,19,11
2026-09-16,овсянников мыло,Республика Башкортостан,11111,campaign,DEVICE_ALL,association,9,можно ли умываться дегтярным мылом,3,11
2026-09-16,овсянников мыло,Республика Башкортостан,11111,campaign,DEVICE_ALL,association,10,можно ли мыться дегтярным мылом,9,11
2026-09-16,овсянников мыло,Республика Башкортостан,11111,campaign,DEVICE_ALL,association,11,зеленое мыло от каких вредителей,1,11
2026-09-16,овсянников мыло,Республика Башкортостан,11111,campaign,DEVICE_ALL,association,12,можно ли мыть лицо дегтярным мылом,8,11
2026-09-16,овсянников мыло,Новосибирская область,11316,campaign,DEVICE_ALL,association,1,дегтярное мыло,1578,18
2026-09-16,овсянников мыло,Новосибирская область,11316,campaign,DEVICE_ALL,association,2,дегтярное мыло для чего,145,18
2026-09-16,овсянников мыло,Новосибирская область,11316,campaign,DEVICE_ALL,association,3,марсельское мыло,19,18
2026-09-16,овсянников мыло,Новосибирская область,11316,campaign,DEVICE_ALL,association,4,мыление мыла,4,18
2026-09-16,овсянников мыло,Новосибирская область,11316,campaign,DEVICE_ALL,association,5,кокосовое хозяйственное мыло,22,18
2026-09-16,овсянников мыло,Новосибирская область,11316,campaign,DEVICE_ALL,association,6,soap skin,50,18
2026-09-16,овсянников мыло,Новосибирская область,11316,campaign,DEVICE_ALL,association,7,мыло земляничное,25,18
2026-09-16,овсянников мыло,Новосибирская область,11316,campaign,DEVICE_ALL,association,8,можно ли умываться мылом,18,18
2026-09-16,овсянников мыло,Новосибирская область,11316,campaign,DEVICE_ALL,association,9,можно ли умываться дегтярным мылом,2,18
2026-09-16,овсянников мыло,Новосибирская область,11316,campaign,DEVICE_ALL,association,10,можно ли мыться дегтярным мылом,5,18
2026-09-16,овсянников мыло,Новосибирская область,11316,campaign,DEVICE_ALL,association,11,зеленое мыло от каких вредителей,7,18
2026-09-16,овсянников мыло,Новосибирская область,11316,campaign,DEVICE_ALL,association,12,можно ли мыть лицо дегтярным мылом,6,18
2026-09-16,овсянников мыло,Саратовская область,11146,campaign,DEVICE_ALL,association,1,дегтярное мыло,1158,2
2026-09-16,овсянников мыло,Саратовская область,11146,campaign,DEVICE_ALL,association,2,дегтярное мыло для чего,163,2
2026-09-16,овсянников мыло,Саратовская область,11146,campaign,DEVICE_ALL,association,3,марсельское мыло,2,2
2026-09-16,овсянников мыло,Саратовская область,11146,campaign,DEVICE_ALL,association,4,мыление мыла,1,2
2026-09-16,овсянников мыло,Саратовская область,11146,campaign,DEVICE_ALL,association,5,кокосовое хозяйственное мыло,17,2
2026-09-16,овсянников мыло,Саратовская область,11146,campaign,DEVICE_ALL,association,6,soap skin,21,2
2026-09-16,овсянников мыло,Саратовская область,11146,campaign,DEVICE_ALL,association,7,мыло земляничное,19,2
2026-09-16,овсянников мыло,Саратовская область,11146,campaign,DEVICE_ALL,association,8,можно ли умываться мылом,18,2
2026-09-16,овсянников мыло,Саратовская область,11146,campaign,DEVICE_ALL,association,9,можно ли умываться дегтярным мылом,5,2
2026-09-16,овсянников мыло,Саратовская область,11146,campaign,DEVICE_ALL,association,10,можно ли мыться дегтярным мылом,3,2
2026-09-16,овсянников мыло,Саратовская область,11146,campaign,DEVICE_ALL,association,11,можно ли мыть лицо дегтярным мылом,2,2
2026-09-16,овсянников мыло,Саратовская область,11146,campaign,DEVICE_ALL,association,12,зеленое мыло от мучнистого червеца,6,2
2026-09-16,овсянников мыло,Вологодская область,10853,campaign,DEVICE_ALL,association,1,дегтярное мыло,574,1
2026-09-16,овсянников мыло,Вологодская область,10853,campaign,DEVICE_ALL,association,2,дегтярное мыло для чего,36,1
2026-09-16,овсянников мыло,Вологодская область,10853,campaign,DEVICE_ALL,association,3,марсельское мыло,8,1
2026-09-16,овсянников мыло,Вологодская область,10853,campaign,DEVICE_ALL,association,4,кокосовое хозяйственное мыло,1,1
2026-09-16,овсянников мыло,Вологодская область,10853,campaign,DEVICE_ALL,association,5,soap skin,19,1
2026-09-16,овсянников мыло,Вологодская область,10853,campaign,DEVICE_ALL,association,6,мыло земляничное,21,1
2026-09-16,овсянников мыло,Вологодская область,10853,campaign,DEVICE_ALL,association,7,можно ли умываться мылом,5,1
2026-09-16,овсянников мыло,Вологодская область,10853,campaign,DEVICE_ALL,association,8,можно ли умываться дегтярным мылом,2,1
2026-09-16,овсянников мыло,Вологодская область,10853,campaign,DEVICE_ALL,association,9,можно ли мыться дегтярным мылом,6,1
2026-09-16,овсянников мыло,Вологодская область,10853,campaign,DEVICE_ALL,association,10,можно ли мыть лицо дегтярным мылом,2,1
2026-09-16,овсянников мыло,Ивановская область,10687,campaign,DEVICE_ALL,association,1,мыло антипятин,27,2
2026-09-16,овсянников мыло,Ивановская область,10687,campaign,DEVICE_ALL,association,2,дегтярное мыло польза для кожи,10,2
2026-09-16,овсянников мыло,Ивановская область,10687,campaign,DEVICE_ALL,association,3,для чего нужно дегтярное мыло,5,2
2026-09-16,овсянников мыло,Ивановская область,10687,campaign,DEVICE_ALL,association,4,марсельское мыло,9,2
2026-09-16,овсянников мыло,Ивановская область,10687,campaign,DEVICE_ALL,association,5,овсяный кисель из геркулеса бабушкин рецепт,8,2
2026-09-16,овсянников мыло,Ивановская область,10687,campaign,DEVICE_ALL,association,6,кокосовое хозяйственное мыло,8,2
2026-09-16,овсянников мыло,Ивановская область,10687,campaign,DEVICE_ALL,association,7,овсяный кисель польза и вред,7,2
2026-09-16,овсянников мыло,Ивановская область,10687,campaign,DEVICE_ALL,association,8,гидрофильное масло для умывания как пользоваться,5,2
2026-09-16,овсянников мыло,Ивановская область,10687,campaign,DEVICE_ALL,association,9,мыло хозяйственное отбеливающее,22,2
2026-09-16,овсянников мыло,Ивановская область,10687,campaign,DEVICE_ALL,association,10,хозяйственное мыло русь,2,2
2026-09-16,овсянников мыло,Омская область,11318,campaign,DEVICE_ALL,association,1,дегтярное мыло,943,3
2026-09-16,овсянников мыло,Омская область,11318,campaign,DEVICE_ALL,association,2,дегтярное мыло для чего,125,3
2026-09-16,овсянников мыло,Омская область,11318,campaign,DEVICE_ALL,association,3,марсельское мыло,11,3
2026-09-16,овсянников мыло,Омская область,11318,campaign,DEVICE_ALL,association,4,кокосовое хозяйственное мыло,7,3
2026-09-16,овсянников мыло,Омская область,11318,campaign,DEVICE_ALL,association,5,soap skin,17,3
2026-09-16,овсянников мыло,Омская область,11318,campaign,DEVICE_ALL,association,6,мыло земляничное,12,3
2026-09-16,овсянников мыло,Омская область,11318,campaign,DEVICE_ALL,association,7,можно ли умываться мылом,16,3
2026-09-16,овсянников мыло,Омская область,11318,campaign,DEVICE_ALL,association,8,можно ли умываться дегтярным мылом,2,3
2026-09-16,овсянников мыло,Омская область,11318,campaign,DEVICE_ALL,association,9,можно ли мыть лицо дегтярным мылом,3,3
2026-09-16,овсянников мыло,Астраханская область,10946,control,DEVICE_ALL,association,1,дегтярное мыло,481,4
2026-09-16,овсянников мыло,Астраханская область,10946,control,DEVICE_ALL,association,2,дегтярное мыло для чего,100,4
2026-09-16,овсянников мыло,Астраханская область,10946,control,DEVICE_ALL,association,3,марсельское мыло,1,4
2026-09-16,овсянников мыло,Астраханская область,10946,control,DEVICE_ALL,association,4,кокосовое хозяйственное мыло,2,4
2026-09-16,овсянников мыло,Астраханская область,10946,control,DEVICE_ALL,association,5,soap skin,6,4
2026-09-16,овсянников мыло,Астраханская область,10946,control,DEVICE_ALL,association,6,мыло земляничное,4,4
2026-09-16,овсянников мыло,Астраханская область,10946,control,DEVICE_ALL,association,7,можно ли умываться мылом,7,4
2026-09-16,овсянников мыло,Астраханская область,10946,control,DEVICE_ALL,association,8,можно ли умываться дегтярным мылом,2,4
2026-09-16,овсянников мыло,Астраханская область,10946,control,DEVICE_ALL,association,9,можно ли мыться дегтярным мылом,1,4
2026-09-16,овсянников мыло,Кемеровская область,11282,control,DEVICE_ALL,association,1,дегтярное мыло,1294,1
2026-09-16,овсянников мыло,Кемеровская область,11282,control,DEVICE_ALL,association,2,дегтярное мыло для чего,184,1
2026-09-16,овсянников мыло,Кемеровская область,11282,control,DEVICE_ALL,association,3,марсельское мыло,4,1
2026-09-16,овсянников мыло,Кемеровская область,11282,control,DEVICE_ALL,association,4,кокосовое хозяйственное мыло,25,1
2026-09-16,овсянников мыло,Кемеровская область,11282,control,DEVICE_ALL,association,5,soap skin,15,1
2026-09-16,овсянников мыло,Кемеровская область,11282,control,DEVICE_ALL,association,6,мыло земляничное,2,1
2026-09-16,овсянников мыло,Кемеровская область,11282,control,DEVICE_ALL,association,7,можно ли умываться мылом,12,1
2026-09-16,овсянников мыло,Кемеровская область,11282,control,DEVICE_ALL,association,8,можно ли умываться дегтярным мылом,1,1
2026-09-16,овсянников мыло,Кемеровская область,11282,control,DEVICE_ALL,association,9,можно ли мыться дегтярным мылом,6,1
2026-09-16,овсянников мыло,Кемеровская область,11282,control,DEVICE_ALL,association,10,можно ли мыть лицо дегтярным мылом,6,1
2026-09-16,овсянников мыло,Кировская область,11070,control,DEVICE_ALL,association,1,дегтярное мыло,591,17
2026-09-16,овсянников мыло,Кировская область,11070,control,DEVICE_ALL,association,2,дегтярное мыло для чего,65,17
2026-09-16,овсянников мыло,Кировская область,11070,control,DEVICE_ALL,association,3,марсельское мыло,4,17
2026-09-16,овсянников мыло,Кировская область,11070,control,DEVICE_ALL,association,4,мыление мыла,3,17
2026-09-16,овсянников мыло,Кировская область,11070,control,DEVICE_ALL,association,5,soap skin,18,17
2026-09-16,овсянников мыло,Кировская область,11070,control,DEVICE_ALL,association,6,мыло земляничное,8,17
2026-09-16,овсянников мыло,Кировская область,11070,control,DEVICE_ALL,association,7,можно ли умываться мылом,12,17
2026-09-16,овсянников мыло,Кировская область,11070,control,DEVICE_ALL,association,8,можно ли умываться дегтярным мылом,2,17
2026-09-16,овсянников мыло,Кировская область,11070,control,DEVICE_ALL,association,9,можно ли мыться дегтярным мылом,3,17
2026-09-16,овсянников мыло,Кировская область,11070,control,DEVICE_ALL,association,10,можно ли мыть лицо дегтярным мылом,1,17
2026-09-16,овсянников мыло,Ростовская область,11029,control,DEVICE_ALL,association,1,дегтярное мыло,2181,17
2026-09-16,овсянников мыло,Ростовская область,11029,control,DEVICE_ALL,association,2,дегтярное мыло для чего,415,17
2026-09-16,овсянников мыло,Ростовская область,11029,control,DEVICE_ALL,association,3,марсельское мыло,40,17
2026-09-16,овсянников мыло,Ростовская область,11029,control,DEVICE_ALL,association,4,кокосовое хозяйственное мыло,15,17
2026-09-16,овсянников мыло,Ростовская область,11029,control,DEVICE_ALL,association,5,soap skin,55,17
2026-09-16,овсянников мыло,Ростовская область,11029,control,DEVICE_ALL,association,6,мыло земляничное,51,17
2026-09-16,овсянников мыло,Ростовская область,11029,control,DEVICE_ALL,association,7,можно ли умываться мылом,34,17
2026-09-16,овсянников мыло,Ростовская область,11029,control,DEVICE_ALL,association,8,можно ли умываться дегтярным мылом,3,17
2026-09-16,овсянников мыло,Ростовская область,11029,control,DEVICE_ALL,association,9,можно ли мыться дегтярным мылом,3,17
2026-09-16,овсянников мыло,Ростовская область,11029,control,DEVICE_ALL,association,10,зеленое мыло от каких вредителей,4,17
2026-09-16,овсянников мыло,Ростовская область,11029,control,DEVICE_ALL,association,11,gaze мыло,3,17
2026-09-16,овсянников мыло,Ростовская область,11029,control,DEVICE_ALL,association,12,можно ли мыть лицо дегтярным мылом,7,17
2026-09-16,овсянников мыло,Ростовская область,11029,control,DEVICE_ALL,association,13,зеленое мыло от мучнистого червеца,2,17
2026-09-16,овсянников мыло,Тюменская область,11176,campaign,DEVICE_ALL,nested,1,овсянников мыло,13,13
2026-09-16,овсянников мыло,Тюменская область,11176,campaign,DEVICE_ALL,nested,2,гель мыло овсянников,7,13
2026-09-16,овсянников мыло,Тюменская область,11176,campaign,DEVICE_ALL,nested,3,мыло овсянников черный перец,4,13
2026-09-16,овсянников мыло,Тюменская область,11176,campaign,DEVICE_ALL,nested,4,овсянников мыло официальный сайт,1,13
2026-09-16,овсянников мыло,Волгоградская область,10950,campaign,DEVICE_ALL,nested,1,овсянников мыло,21,21
2026-09-16,овсянников мыло,Волгоградская область,10950,campaign,DEVICE_ALL,nested,2,овсянников мыло купить,7,21
2026-09-16,овсянников мыло,Воронежская область,10672,campaign,DEVICE_ALL,nested,1,овсянников мыло,14,14
2026-09-16,овсянников мыло,Воронежская область,10672,campaign,DEVICE_ALL,nested,2,овсянников мыло официальный сайт,3,14
2026-09-16,овсянников мыло,Орловская область,10772,campaign,DEVICE_ALL,nested,1,овсянников мыло,4,4
2026-09-16,овсянников мыло,Рязанская область,10776,campaign,DEVICE_ALL,nested,1,овсянников мыло,9,9
2026-09-16,овсянников мыло,Рязанская область,10776,campaign,DEVICE_ALL,nested,2,овсянников мыло отзывы,2,9
2026-09-16,овсянников мыло,Ярославская область,10841,campaign,DEVICE_ALL,nested,1,овсянников мыло,36,36
2026-09-16,овсянников мыло,Ярославская область,10841,campaign,DEVICE_ALL,nested,2,овсянников мыло жидкое,7,36
2026-09-16,овсянников мыло,Ярославская область,10841,campaign,DEVICE_ALL,nested,3,овсянников мыло купить,5,36
2026-09-16,овсянников мыло,Ярославская область,10841,campaign,DEVICE_ALL,nested,4,жидкое мыло черный перец овсянников,5,36
2026-09-16,овсянников мыло,Ярославская область,10841,campaign,DEVICE_ALL,nested,5,мыло овсянников черный перец,5,36
2026-09-16,овсянников мыло,Ярославская область,10841,campaign,DEVICE_ALL,nested,6,мыло и крем овсянников,2,36
2026-09-16,овсянников мыло,Ярославская область,10841,campaign,DEVICE_ALL,nested,7,овсянников мыло официальный сайт,2,36
2026-09-16,овсянников мыло,Костромская область,10699,campaign,DEVICE_ALL,nested,1,овсянников мыло,5,5
2026-09-16,овсянников мыло,Липецкая область,10712,campaign,DEVICE_ALL,nested,1,овсянников мыло,3,3
2026-09-16,овсянников мыло,Липецкая область,10712,campaign,DEVICE_ALL,nested,2,пенное мыло овсянников,2,3
2026-09-16,овсянников мыло,Липецкая область,10712,campaign,DEVICE_ALL,nested,3,мыло овсянников черный перец,1,3
2026-09-16,овсянников мыло,Республика Башкортостан,11111,campaign,DEVICE_ALL,nested,1,овсянников мыло,11,11
2026-09-16,овсянников мыло,Республика Башкортостан,11111,campaign,DEVICE_ALL,nested,2,овсянников мыло жидкое,4,11
2026-09-16,овсянников мыло,Республика Башкортостан,11111,campaign,DEVICE_ALL,nested,3,мыло для рук овсянников,4,11
2026-09-16,овсянников мыло,Республика Башкортостан,11111,campaign,DEVICE_ALL,nested,4,мыло овсянников черный перец,2,11
2026-09-16,овсянников мыло,Новосибирская область,11316,campaign,DEVICE_ALL,nested,1,овсянников мыло,18,18
2026-09-16,овсянников мыло,Новосибирская область,11316,campaign,DEVICE_ALL,nested,2,овсянников мыло официальный сайт,3,18
2026-09-16,овсянников мыло,Саратовская область,11146,campaign,DEVICE_ALL,nested,1,овсянников мыло,2,2
2026-09-16,овсянников мыло,Вологодская область,10853,campaign,DEVICE_ALL,nested,1,овсянников мыло,1,1
2026-09-16,овсянников мыло,Ивановская область,10687,campaign,DEVICE_ALL,nested,1,мыло и крем овсянников,2,2
2026-09-16,овсянников мыло,Ивановская область,10687,campaign,DEVICE_ALL,nested,2,овсянников мыло,2,2
2026-09-16,овсянников мыло,Омская область,11318,campaign,DEVICE_ALL,nested,1,овсянников мыло,3,3
2026-09-16,овсянников мыло,Омская область,11318,campaign,DEVICE_ALL,nested,2,овсянников мыло жидкое,1,3
2026-09-16,овсянников мыло,Астраханская область,10946,control,DEVICE_ALL,nested,1,овсянников мыло,4,4
2026-09-16,овсянников мыло,Кемеровская область,11282,control,DEVICE_ALL,nested,1,овсянников мыло,1,1
2026-09-16,овсянников мыло,Кировская область,11070,control,DEVICE_ALL,nested,1,овсянников мыло,17,17
2026-09-16,овсянников мыло,Кировская область,11070,control,DEVICE_ALL,nested,2,овсянников мыло официальный сайт,3,17
2026-09-16,овсянников мыло,Кировская область,11070,control,DEVICE_ALL,nested,3,гель мыло овсянников,2,17
2026-09-16,овсянников мыло,Кировская область,11070,control,DEVICE_ALL,nested,4,мыло овсянников черный перец,2,17
2026-09-16,овсянников мыло,Кировская область,11070,control,DEVICE_ALL,nested,5,овсянников мыло купить,2,17
2026-09-16,овсянников мыло,Ростовская область,11029,control,DEVICE_ALL,nested,1,овсянников мыло,17,17
2026-09-16,овсянников мыло,Ростовская область,11029,control,DEVICE_ALL,nested,2,овсянников мыло жидкое,8,17
2026-09-16,овсянников мыло,Ростовская область,11029,control,DEVICE_ALL,nested,3,жидкое мыло черный перец овсянников,4,17
2026-09-16,овсянников мыло,Ростовская область,11029,control,DEVICE_ALL,nested,4,мыло овсянников черный перец,4,17
2026-09-16,овсянников мыло,Ростовская область,11029,control,DEVICE_ALL,nested,5,овсянников мыло жидкое купить,3,17
2026-09-16,овсянников мыло,Ростовская область,11029,control,DEVICE_ALL,nested,6,овсянников мыло купить,3,17
2026-09-16,овсянников мыло,Ростовская область,11029,control,DEVICE_ALL,nested,7,парфюмированное мыло овсянников,1,17
