fetched_at,phrase,region_name,region_id,region_type,device,kind,rank,nested_phrase,count,total_count
2026-09-15,ovsyannikov,Тюменская область,11176,campaign,DEVICE_ALL,association,1,евгеника,486,3
2026-09-15,ovsyannikov,Тюменская область,11176,campaign,DEVICE_ALL,association,2,пюник,84,3
2026-09-15,ovsyannikov,Тюменская область,11176,campaign,DEVICE_ALL,association,3,irynakournikova,9,3
2026-09-15,ovsyannikov,Тюменская область,11176,campaign,DEVICE_ALL,association,4,sh0tnik,11,3
2026-09-15,ovsyannikov,Тюменская область,11176,campaign,DEVICE_ALL,association,5,щаница,1,3
2026-09-15,ovsyannikov,Тюменская область,11176,campaign,DEVICE_ALL,association,6,юмнико,5,3
2026-09-15,ovsyannikov,Тюменская область,11176,campaign,DEVICE_ALL,association,7,анастасян,260,3
2026-09-15,ovsyannikov,Тюменская область,11176,campaign,DEVICE_ALL,association,8,жконика,1,3
2026-09-15,ovsyannikov,Тюменская область,11176,campaign,DEVICE_ALL,association,9,пшенников,14,3
2026-09-15,ovsyannikov,Тюменская область,11176,campaign,DEVICE_ALL,association,10,яишницу,17,3
2026-09-15,ovsyannikov,Воронежская область,10672,campaign,DEVICE_ALL,association,1,евгеника,827,1
2026-09-15,ovsyannikov,Воронежская область,10672,campaign,DEVICE_ALL,association,2,пюник,109,1
2026-09-15,ovsyannikov,Воронежская область,10672,campaign,DEVICE_ALL,association,3,irynakournikova,8,1
2026-09-15,ovsyannikov,Воронежская область,10672,campaign,DEVICE_ALL,association,4,sh0tnik,13,1
2026-09-15,ovsyannikov,Воронежская область,10672,campaign,DEVICE_ALL,association,5,aynikorgg,4,1
2026-09-15,ovsyannikov,Воронежская область,10672,campaign,DEVICE_ALL,association,6,щаница,12,1
2026-09-15,ovsyannikov,Воронежская область,10672,campaign,DEVICE_ALL,association,7,факеравтогрупп,1,1
2026-09-15,ovsyannikov,Воронежская область,10672,campaign,DEVICE_ALL,association,8,анастасян,602,1
2026-09-15,ovsyannikov,Воронежская область,10672,campaign,DEVICE_ALL,association,9,жконика,3,1
2026-09-15,ovsyannikov,Воронежская область,10672,campaign,DEVICE_ALL,association,10,пшенников,41,1
2026-09-15,ovsyannikov,Воронежская область,10672,campaign,DEVICE_ALL,association,11,яишницу,34,1
2026-09-15,ovsyannikov,Липецкая область,10712,campaign,DEVICE_ALL,association,1,евгеника,357,1
2026-09-15,ovsyannikov,Липецкая область,10712,campaign,DEVICE_ALL,association,2,пюник,41,1
2026-09-15,ovsyannikov,Липецкая область,10712,campaign,DEVICE_ALL,association,3,irynakournikova,8,1
2026-09-15,ovsyannikov,Липецкая область,10712,campaign,DEVICE_ALL,association,4,sh0tnik,2,1
2026-09-15,ovsyannikov,Липецкая область,10712,campaign,DEVICE_ALL,association,5,щаница,2,1
2026-09-15,ovsyannikov,Липецкая область,10712,campaign,DEVICE_ALL,association,6,юмнико,2,1
2026-09-15,ovsyannikov,Липецкая область,10712,campaign,DEVICE_ALL,association,7,анастасян,348,1
2026-09-15,ovsyannikov,Липецкая область,10712,campaign,DEVICE_ALL,association,8,korobeynikov,3,1
2026-09-15,ovsyannikov,Липецкая область,10712,campaign,DEVICE_ALL,association,9,жконика,3,1
2026-09-15,ovsyannikov,Липецкая область,10712,campaign,DEVICE_ALL,association,10,пшенников,22,1
2026-09-15,ovsyannikov,Липецкая область,10712,campaign,DEVICE_ALL,association,11,яишницу,13,1
2026-09-15,ovsyannikov,Республика Башкортостан,11111,campaign,DEVICE_ALL,association,1,евгеника,657,4
2026-09-15,ovsyannikov,Республика Башкортостан,11111,campaign,DEVICE_ALL,association,2,пюник,102,4
2026-09-15,ovsyannikov,Республика Башкортостан,11111,campaign,DEVICE_ALL,association,3,irynakournikova,18,4
2026-09-15,ovsyannikov,Республика Башкортостан,11111,campaign,DEVICE_ALL,association,4,sh0tnik,9,4
2026-09-15,ovsyannikov,Республика Башкортостан,11111,campaign,DEVICE_ALL,association,5,aynikorgg,1,4
2026-09-15,ovsyannikov,Республика Башкортостан,11111,campaign,DEVICE_ALL,association,6,щаница,1,4
2026-09-15,ovsyannikov,Республика Башкортостан,11111,campaign,DEVICE_ALL,association,7,факеравтогрупп,1,4
2026-09-15,ovsyannikov,Республика Башкортостан,11111,campaign,DEVICE_ALL,association,8,юмнико,5,4
2026-09-15,ovsyannikov,Республика Башкортостан,11111,campaign,DEVICE_ALL,association,9,анастасян,941,4
2026-09-15,ovsyannikov,Республика Башкортостан,11111,campaign,DEVICE_ALL,association,10,korobeynikov,3,4
2026-09-15,ovsyannikov,Республика Башкортостан,11111,campaign,DEVICE_ALL,association,11,жконика,2,4
2026-09-15,ovsyannikov,Республика Башкортостан,11111,campaign,DEVICE_ALL,association,12,пшенников,27,4
2026-09-15,ovsyannikov,Республика Башкортостан,11111,campaign,DEVICE_ALL,association,13,яишницу,29,4
2026-09-15,ovsyannikov,Республика Башкортостан,11111,campaign,DEVICE_ALL,association,14,эуоника,2,4
2026-09-15,ovsyannikov,Новосибирская область,11316,campaign,DEVICE_ALL,association,1,евгеника,1094,1
2026-09-15,ovsyannikov,Новосибирская область,11316,campaign,DEVICE_ALL,association,2,пюник,122,1
2026-09-15,ovsyannikov,Новосибирская область,11316,campaign,DEVICE_ALL,association,3,irynakournikova,39,1
2026-09-15,ovsyannikov,Новосибирская область,11316,campaign,DEVICE_ALL,association,4,sh0tnik,4,1
2026-09-15,ovsyannikov,Новосибирская область,11316,campaign,DEVICE_ALL,association,5,щаница,13,1
2026-09-15,ovsyannikov,Новосибирская область,11316,campaign,DEVICE_ALL,association,6,юмнико,4,1
2026-09-15,ovsyannikov,Новосибирская область,11316,campaign,DEVICE_ALL,association,7,анастасян,594,1
2026-09-15,ovsyannikov,Новосибирская область,11316,campaign,DEVICE_ALL,association,8,korobeynikov,13,1
2026-09-15,ovsyannikov,Новосибирская область,11316,campaign,DEVICE_ALL,association,9,жконика,4,1
2026-09-15,ovsyannikov,Новосибирская область,11316,campaign,DEVICE_ALL,association,10,пшенников,70,1
2026-09-15,ovsyannikov,Новосибирская область,11316,campaign,DEVICE_ALL,association,11,яишницу,32,1
2026-09-15,ovsyannikov,Новосибирская область,11316,campaign,DEVICE_ALL,association,12,эуоника,6,1
2026-09-15,ovsyannikov,Кемеровская область,11282,control,DEVICE_ALL,association,1,евгеника,1011,1
2026-09-15,ovsyannikov,Кемеровская область,11282,control,DEVICE_ALL,association,2,пюник,46,1
2026-09-15,ovsyannikov,Кемеровская область,11282,control,DEVICE_ALL,association,3,sh0tnik,3,1
2026-09-15,ovsyannikov,Кемеровская область,11282,control,DEVICE_ALL,association,4,щаница,3,1
2026-09-15,ovsyannikov,Кемеровская область,11282,control,DEVICE_ALL,association,5,факеравтогрупп,1,1
2026-09-15,ovsyannikov,Кемеровская область,11282,control,DEVICE_ALL,association,6,юмнико,4,1
2026-09-15,ovsyannikov,Кемеровская область,11282,control,DEVICE_ALL,association,7,анастасян,552,1
2026-09-15,ovsyannikov,Кемеровская область,11282,control,DEVICE_ALL,association,8,пшенников,9,1
2026-09-15,ovsyannikov,Кемеровская область,11282,control,DEVICE_ALL,association,9,яишницу,21,1
2026-09-15,ovsyannikov,Кировская область,11070,control,DEVICE_ALL,association,1,евгеника,431,2
2026-09-15,ovsyannikov,Кировская область,11070,control,DEVICE_ALL,association,2,пюник,58,2
2026-09-15,ovsyannikov,Кировская область,11070,control,DEVICE_ALL,association,3,irynakournikova,3,2
2026-09-15,ovsyannikov,Кировская область,11070,control,DEVICE_ALL,association,4,sh0tnik,1,2
2026-09-15,ovsyannikov,Кировская область,11070,control,DEVICE_ALL,association,5,aynikorgg,1,2
2026-09-15,ovsyannikov,Кировская область,11070,control,DEVICE_ALL,association,6,щаница,2,2
2026-09-15,ovsyannikov,Кировская область,11070,control,DEVICE_ALL,association,7,анастасян,336,2
2026-09-15,ovsyannikov,Кировская область,11070,control,DEVICE_ALL,association,8,пшенников,9,2
2026-09-15,ovsyannikov,Кировская область,11070,control,DEVICE_ALL,association,9,яишницу,7,2
2026-09-15,ovsyannikov,Тюменская область,11176,campaign,DEVICE_ALL,nested,1,ovsyannikov,3,3
2026-09-15,ovsyannikov,Тюменская область,11176,campaign,DEVICE_ALL,nested,2,ovsyannikov soap,2,3
2026-09-15,ovsyannikov,Воронежская область,10672,campaign,DEVICE_ALL,nested,1,ovsyannikov,1,1
2026-09-15,ovsyannikov,Липецкая область,10712,campaign,DEVICE_ALL,nested,1,ovsyannikov,1,1
2026-09-15,ovsyannikov,Республика Башкортостан,11111,campaign,DEVICE_ALL,nested,1,ovsyannikov,4,4
2026-09-15,ovsyannikov,Новосибирская область,11316,campaign,DEVICE_ALL,nested,1,ovsyannikov,1,1
2026-09-15,ovsyannikov,Кемеровская область,11282,control,DEVICE_ALL,nested,1,ovsyannikov,1,1
2026-09-15,ovsyannikov,Кировская область,11070,control,DEVICE_ALL,nested,1,ovsyannikov,2,2
2026-09-15,ovsyannikovsoap,Воронежская область,10672,campaign,DEVICE_ALL,association,1,давай со мной за звездами,223,4
2026-09-15,ovsyannikovsoap,Воронежская область,10672,campaign,DEVICE_ALL,association,2,пассия это,116,4
2026-09-15,ovsyannikovsoap,Воронежская область,10672,campaign,DEVICE_ALL,association,3,овсиенко,2373,4
2026-09-15,ovsyannikovsoap,Воронежская область,10672,campaign,DEVICE_ALL,association,4,никах это,732,4
2026-09-15,ovsyannikovsoap,Воронежская область,10672,campaign,DEVICE_ALL,association,5,анчоусы что это такое,35,4
2026-09-15,ovsyannikovsoap,Воронежская область,10672,campaign,DEVICE_ALL,association,6,единственная моя,1378,4
2026-09-15,ovsyannikovsoap,Воронежская область,10672,campaign,DEVICE_ALL,association,7,упячка,41,4
2026-09-15,ovsyannikovsoap,Воронежская область,10672,campaign,DEVICE_ALL,association,8,анчутка,109,4
2026-09-15,ovsyannikovsoap,Воронежская область,10672,campaign,DEVICE_ALL,association,9,никах что это,198,4
2026-09-15,ovsyannikovsoap,Воронежская область,10672,campaign,DEVICE_ALL,association,10,кукрыниксы это,91,4
2026-09-15,ovsyannikovsoap,Воронежская область,10672,campaign,DEVICE_ALL,association,11,мацерация это,69,4
2026-09-15,ovsyannikovsoap,Воронежская область,10672,campaign,DEVICE_ALL,association,12,власяница,72,4
2026-09-15,ovsyannikovsoap,Воронежская область,10672,campaign,DEVICE_ALL,association,13,мильковский,447,4
2026-09-15,ovsyannikovsoap,Воронежская область,10672,campaign,DEVICE_ALL,association,14,армяк,37,4
2026-09-15,ovsyannikovsoap,Воронежская область,10672,campaign,DEVICE_ALL,association,15,а вы не лезьте в мою душу,77,4
2026-09-15,ovsyannikovsoap,Воронежская область,10672,campaign,DEVICE_ALL,association,16,anikv,44,4
2026-09-15,ovsyannikovsoap,Воронежская область,10672,campaign,DEVICE_ALL,association,17,мия бойко все лучшее для меня,51,4
2026-09-15,ovsyannikovsoap,Воронежская область,10672,campaign,DEVICE_ALL,association,18,новосолошино,59,4
2026-09-15,ovsyannikovsoap,Воронежская область,10672,campaign,DEVICE_ALL,association,19,зиньковский,173,4
2026-09-15,ovsyannikovsoap,Ярославская область,10841,campaign,DEVICE_ALL,association,1,давай со мной за звездами,196,3
2026-09-15,ovsyannikovsoap,Ярославская область,10841,campaign,DEVICE_ALL,association,2,пассия это,55,3
2026-09-15,ovsyannikovsoap,Ярославская область,10841,campaign,DEVICE_ALL,association,3,овсиенко,1108,3
2026-09-15,ovsyannikovsoap,Ярославская область,10841,campaign,DEVICE_ALL,association,4,никах это,444,3
2026-09-15,ovsyannikovsoap,Ярославская область,10841,campaign,DEVICE_ALL,association,5,анчоусы что это такое,16,3
2026-09-15,ovsyannikovsoap,Ярославская область,10841,campaign,DEVICE_ALL,association,6,единственная моя,876,3
2026-09-15,ovsyannikovsoap,Ярославская область,10841,campaign,DEVICE_ALL,association,7,упячка,18,3
2026-09-15,ovsyannikovsoap,Ярославская область,10841,campaign,DEVICE_ALL,association,8,анчутка,45,3
2026-09-15,ovsyannikovsoap,Ярославская область,10841,campaign,DEVICE_ALL,association,9,никах что это,129,3
2026-09-15,ovsyannikovsoap,Ярославская область,10841,campaign,DEVICE_ALL,association,10,кукрыниксы это,61,3
2026-09-15,ovsyannikovsoap,Ярославская область,10841,campaign,DEVICE_ALL,association,11,мацерация это,22,3
2026-09-15,ovsyannikovsoap,Ярославская область,10841,campaign,DEVICE_ALL,association,12,власяница,36,3
2026-09-15,ovsyannikovsoap,Ярославская область,10841,campaign,DEVICE_ALL,association,13,мильковский,341,3
2026-09-15,ovsyannikovsoap,Ярославская область,10841,campaign,DEVICE_ALL,association,14,армяк,85,3
2026-09-15,ovsyannikovsoap,Ярославская область,10841,campaign,DEVICE_ALL,association,15,а вы не лезьте в мою душу,26,3
2026-09-15,ovsyannikovsoap,Ярославская область,10841,campaign,DEVICE_ALL,association,16,anikv,49,3
2026-09-15,ovsyannikovsoap,Ярославская область,10841,campaign,DEVICE_ALL,association,17,мия бойко все лучшее для меня,20,3
2026-09-15,ovsyannikovsoap,Ярославская область,10841,campaign,DEVICE_ALL,association,18,новосолошино,29,3
2026-09-15,ovsyannikovsoap,Ярославская область,10841,campaign,DEVICE_ALL,association,19,зиньковский,32,3
2026-09-15,ovsyannikovsoap,Республика Башкортостан,11111,campaign,DEVICE_ALL,association,1,давай со мной за звездами,555,1
2026-09-15,ovsyannikovsoap,Республика Башкортостан,11111,campaign,DEVICE_ALL,association,2,пассия это,206,1
2026-09-15,ovsyannikovsoap,Республика Башкортостан,11111,campaign,DEVICE_ALL,association,3,овсиенко,1632,1
2026-09-15,ovsyannikovsoap,Республика Башкортостан,11111,campaign,DEVICE_ALL,association,4,никах это,1474,1
2026-09-15,ovsyannikovsoap,Республика Башкортостан,11111,campaign,DEVICE_ALL,association,5,анчоусы что это такое,46,1
2026-09-15,ovsyannikovsoap,Республика Башкортостан,11111,campaign,DEVICE_ALL,association,6,единственная моя,1691,1
2026-09-15,ovsyannikovsoap,Республика Башкортостан,11111,campaign,DEVICE_ALL,association,7,упячка,40,1
2026-09-15,ovsyannikovsoap,Республика Башкортостан,11111,campaign,DEVICE_ALL,association,8,анчутка,39,1
2026-09-15,ovsyannikovsoap,Республика Башкортостан,11111,campaign,DEVICE_ALL,association,9,никах что это,418,1
2026-09-15,ovsyannikovsoap,Республика Башкортостан,11111,campaign,DEVICE_ALL,association,10,кукрыниксы это,140,1
2026-09-15,ovsyannikovsoap,Республика Башкортостан,11111,campaign,DEVICE_ALL,association,11,мацерация это,46,1
2026-09-15,ovsyannikovsoap,Республика Башкортостан,11111,campaign,DEVICE_ALL,association,12,власяница,114,1
2026-09-15,ovsyannikovsoap,Республика Башкортостан,11111,campaign,DEVICE_ALL,association,13,мильковский,591,1
2026-09-15,ovsyannikovsoap,Республика Башкортостан,11111,campaign,DEVICE_ALL,association,14,армяк,112,1
2026-09-15,ovsyannikovsoap,Республика Башкортостан,11111,campaign,DEVICE_ALL,association,15,а вы не лезьте в мою душу,119,1
2026-09-15,ovsyannikovsoap,Республика Башкортостан,11111,campaign,DEVICE_ALL,association,16,anikv,116,1
2026-09-15,ovsyannikovsoap,Республика Башкортостан,11111,campaign,DEVICE_ALL,association,17,мия бойко все лучшее для меня,42,1
2026-09-15,ovsyannikovsoap,Республика Башкортостан,11111,campaign,DEVICE_ALL,association,18,новосолошино,79,1
2026-09-15,ovsyannikovsoap,Республика Башкортостан,11111,campaign,DEVICE_ALL,association,19,зиньковский,79,1
2026-09-15,ovsyannikovsoap,Новосибирская область,11316,campaign,DEVICE_ALL,association,1,давай со мной за звездами,310,5
2026-09-15,ovsyannikovsoap,Новосибирская область,11316,campaign,DEVICE_ALL,association,2,пассия это,150,5
2026-09-15,ovsyannikovsoap,Новосибирская область,11316,campaign,DEVICE_ALL,association,3,овсиенко,1796,5
2026-09-15,ovsyannikovsoap,Новосибирская область,11316,campaign,DEVICE_ALL,association,4,никах это,944,5
2026-09-15,ovsyannikovsoap,Новосибирская область,11316,campaign,DEVICE_ALL,association,5,анчоусы что это такое,81,5
2026-09-15,ovsyannikovsoap,Новосибирская область,11316,campaign,DEVICE_ALL,association,6,единственная моя,1814,5
2026-09-15,ovsyannikovsoap,Новосибирская область,11316,campaign,DEVICE_ALL,association,7,упячка,48,5
2026-09-15,ovsyannikovsoap,Новосибирская область,11316,campaign,DEVICE_ALL,association,8,анчутка,113,5
2026-09-15,ovsyannikovsoap,Новосибирская область,11316,campaign,DEVICE_ALL,association,9,никах что это,253,5
2026-09-15,ovsyannikovsoap,Новосибирская область,11316,campaign,DEVICE_ALL,association,10,кукрыниксы это,95,5
2026-09-15,ovsyannikovsoap,Новосибирская область,11316,campaign,DEVICE_ALL,association,11,мацерация это,54,5
2026-09-15,ovsyannikovsoap,Новосибирская область,11316,campaign,DEVICE_ALL,association,12,власяница,134,5
2026-09-15,ovsyannikovsoap,Новосибирская область,11316,campaign,DEVICE_ALL,association,13,мильковский,711,5
2026-09-15,ovsyannikovsoap,Новосибирская область,11316,campaign,DEVICE_ALL,association,14,армяк,56,5
2026-09-15,ovsyannikovsoap,Новосибирская область,11316,campaign,DEVICE_ALL,association,15,а вы не лезьте в мою душу,165,5
2026-09-15,ovsyannikovsoap,Новосибирская область,11316,campaign,DEVICE_ALL,association,16,anikv,74,5
2026-09-15,ovsyannikovsoap,Новосибирская область,11316,campaign,DEVICE_ALL,association,17,мия бойко все лучшее для меня,55,5
2026-09-15,ovsyannikovsoap,Новосибирская область,11316,campaign,DEVICE_ALL,association,18,новосолошино,66,5
2026-09-15,ovsyannikovsoap,Новосибирская область,11316,campaign,DEVICE_ALL,association,19,зиньковский,70,5
2026-09-15,ovsyannikovsoap,Саратовская область,11146,campaign,DEVICE_ALL,association,1,давай со мной за звездами,212,8
2026-09-15,ovsyannikovsoap,Саратовская область,11146,campaign,DEVICE_ALL,association,2,пассия это,84,8
2026-09-15,ovsyannikovsoap,Саратовская область,11146,campaign,DEVICE_ALL,association,3,овсиенко,1649,8
2026-09-15,ovsyannikovsoap,Саратовская область,11146,campaign,DEVICE_ALL,association,4,никах это,651,8
2026-09-15,ovsyannikovsoap,Саратовская область,11146,campaign,DEVICE_ALL,association,5,анчоусы что это такое,42,8
2026-09-15,ovsyannikovsoap,Саратовская область,11146,campaign,DEVICE_ALL,association,6,единственная моя,1429,8
2026-09-15,ovsyannikovsoap,Саратовская область,11146,campaign,DEVICE_ALL,association,7,упячка,34,8
2026-09-15,ovsyannikovsoap,Саратовская область,11146,campaign,DEVICE_ALL,association,8,анчутка,66,8
2026-09-15,ovsyannikovsoap,Саратовская область,11146,campaign,DEVICE_ALL,association,9,никах что это,203,8
2026-09-15,ovsyannikovsoap,Саратовская область,11146,campaign,DEVICE_ALL,association,10,кукрыниксы это,71,8
2026-09-15,ovsyannikovsoap,Саратовская область,11146,campaign,DEVICE_ALL,association,11,мацерация это,53,8
2026-09-15,ovsyannikovsoap,Саратовская область,11146,campaign,DEVICE_ALL,association,12,власяница,80,8
2026-09-15,ovsyannikovsoap,Саратовская область,11146,campaign,DEVICE_ALL,association,13,мильковский,417,8
2026-09-15,ovsyannikovsoap,Саратовская область,11146,campaign,DEVICE_ALL,association,14,армяк,45,8
2026-09-15,ovsyannikovsoap,Саратовская область,11146,campaign,DEVICE_ALL,association,15,а вы не лезьте в мою душу,85,8
2026-09-15,ovsyannikovsoap,Саратовская область,11146,campaign,DEVICE_ALL,association,16,anikv,68,8
2026-09-15,ovsyannikovsoap,Саратовская область,11146,campaign,DEVICE_ALL,association,17,мия бойко все лучшее для меня,47,8
2026-09-15,ovsyannikovsoap,Саратовская область,11146,campaign,DEVICE_ALL,association,18,новосолошино,50,8
2026-09-15,ovsyannikovsoap,Саратовская область,11146,campaign,DEVICE_ALL,association,19,зиньковский,65,8
2026-09-15,ovsyannikovsoap,Томская область,11353,campaign,DEVICE_ALL,association,1,давай со мной за звездами,62,1
2026-09-15,ovsyannikovsoap,Томская область,11353,campaign,DEVICE_ALL,association,2,пассия это,57,1
2026-09-15,ovsyannikovsoap,Томская область,11353,campaign,DEVICE_ALL,association,3,овсиенко,482,1
2026-09-15,ovsyannikovsoap,Томская область,11353,campaign,DEVICE_ALL,association,4,никах это,222,1
2026-09-15,ovsyannikovsoap,Томская область,11353,campaign,DEVICE_ALL,association,5,анчоусы что это такое,12,1
2026-09-15,ovsyannikovsoap,Томская область,11353,campaign,DEVICE_ALL,association,6,единственная моя,344,1
2026-09-15,ovsyannikovsoap,Томская область,11353,campaign,DEVICE_ALL,association,7,упячка,15,1
2026-09-15,ovsyannikovsoap,Томская область,11353,campaign,DEVICE_ALL,association,8,анчутка,13,1
2026-09-15,ovsyannikovsoap,Томская область,11353,campaign,DEVICE_ALL,association,9,никах что это,62,1
2026-09-15,ovsyannikovsoap,Томская область,11353,campaign,DEVICE_ALL,association,10,кукрыниксы это,24,1
2026-09-15,ovsyannikovsoap,Томская область,11353,campaign,DEVICE_ALL,association,11,мацерация это,12,1
2026-09-15,ovsyannikovsoap,Томская область,11353,campaign,DEVICE_ALL,association,12,власяница,28,1
2026-09-15,ovsyannikovsoap,Томская область,11353,campaign,DEVICE_ALL,association,13,мильковский,156,1
2026-09-15,ovsyannikovsoap,Томская область,11353,campaign,DEVICE_ALL,association,14,армяк,20,1
2026-09-15,ovsyannikovsoap,Томская область,11353,campaign,DEVICE_ALL,association,15,а вы не лезьте в мою душу,41,1
2026-09-15,ovsyannikovsoap,Томская область,11353,campaign,DEVICE_ALL,association,16,anikv,27,1
2026-09-15,ovsyannikovsoap,Томская область,11353,campaign,DEVICE_ALL,association,17,мия бойко все лучшее для меня,14,1
2026-09-15,ovsyannikovsoap,Томская область,11353,campaign,DEVICE_ALL,association,18,новосолошино,11,1
2026-09-15,ovsyannikovsoap,Томская область,11353,campaign,DEVICE_ALL,association,19,зиньковский,17,1
2026-09-15,ovsyannikovsoap,Омская область,11318,campaign,DEVICE_ALL,association,1,давай со мной за звездами,163,3
2026-09-15,ovsyannikovsoap,Омская область,11318,campaign,DEVICE_ALL,association,2,пассия это,65,3
2026-09-15,ovsyannikovsoap,Омская область,11318,campaign,DEVICE_ALL,association,3,овсиенко,1019,3
2026-09-15,ovsyannikovsoap,Омская область,11318,campaign,DEVICE_ALL,association,4,никах это,636,3
2026-09-15,ovsyannikovsoap,Омская область,11318,campaign,DEVICE_ALL,association,5,анчоусы что это такое,18,3
2026-09-15,ovsyannikovsoap,Омская область,11318,campaign,DEVICE_ALL,association,6,единственная моя,1012,3
2026-09-15,ovsyannikovsoap,Омская область,11318,campaign,DEVICE_ALL,association,7,упячка,20,3
2026-09-15,ovsyannikovsoap,Омская область,11318,campaign,DEVICE_ALL,association,8,анчутка,41,3
2026-09-15,ovsyannikovsoap,Омская область,11318,campaign,DEVICE_ALL,association,9,никах что это,176,3
2026-09-15,ovsyannikovsoap,Омская область,11318,campaign,DEVICE_ALL,association,10,кукрыниксы это,62,3
2026-09-15,ovsyannikovsoap,Омская область,11318,campaign,DEVICE_ALL,association,11,мацерация это,40,3
2026-09-15,ovsyannikovsoap,Омская область,11318,campaign,DEVICE_ALL,association,12,власяница,39,3
2026-09-15,ovsyannikovsoap,Омская область,11318,campaign,DEVICE_ALL,association,13,мильковский,422,3
2026-09-15,ovsyannikovsoap,Омская область,11318,campaign,DEVICE_ALL,association,14,армяк,29,3
2026-09-15,ovsyannikovsoap,Омская область,11318,campaign,DEVICE_ALL,association,15,а вы не лезьте в мою душу,72,3
2026-09-15,ovsyannikovsoap,Омская область,11318,campaign,DEVICE_ALL,association,16,anikv,55,3
2026-09-15,ovsyannikovsoap,Омская область,11318,campaign,DEVICE_ALL,association,17,мия бойко все лучшее для меня,47,3
2026-09-15,ovsyannikovsoap,Омская область,11318,campaign,DEVICE_ALL,association,18,новосолошино,29,3
2026-09-15,ovsyannikovsoap,Омская область,11318,campaign,DEVICE_ALL,association,19,зиньковский,15,3
2026-09-15,ovsyannikovsoap,Астраханская область,10946,control,DEVICE_ALL,association,1,давай со мной за звездами,60,1
2026-09-15,ovsyannikovsoap,Астраханская область,10946,control,DEVICE_ALL,association,2,пассия это,17,1
2026-09-15,ovsyannikovsoap,Астраханская область,10946,control,DEVICE_ALL,association,3,овсиенко,588,1
2026-09-15,ovsyannikovsoap,Астраханская область,10946,control,DEVICE_ALL,association,4,никах это,322,1
2026-09-15,ovsyannikovsoap,Астраханская область,10946,control,DEVICE_ALL,association,5,анчоусы что это такое,9,1
2026-09-15,ovsyannikovsoap,Астраханская область,10946,control,DEVICE_ALL,association,6,единственная моя,493,1
2026-09-15,ovsyannikovsoap,Астраханская область,10946,control,DEVICE_ALL,association,7,упячка,11,1
2026-09-15,ovsyannikovsoap,Астраханская область,10946,control,DEVICE_ALL,association,8,анчутка,6,1
2026-09-15,ovsyannikovsoap,Астраханская область,10946,control,DEVICE_ALL,association,9,никах что это,65,1
2026-09-15,ovsyannikovsoap,Астраханская область,10946,control,DEVICE_ALL,association,10,кукрыниксы это,8,1
2026-09-15,ovsyannikovsoap,Астраханская область,10946,control,DEVICE_ALL,association,11,мацерация это,7,1
2026-09-15,ovsyannikovsoap,Астраханская область,10946,control,DEVICE_ALL,association,12,власяница,9,1
2026-09-15,ovsyannikovsoap,Астраханская область,10946,control,DEVICE_ALL,association,13,мильковский,138,1
2026-09-15,ovsyannikovsoap,Астраханская область,10946,control,DEVICE_ALL,association,14,армяк,45,1
2026-09-15,ovsyannikovsoap,Астраханская область,10946,control,DEVICE_ALL,association,15,а вы не лезьте в мою душу,23,1
2026-09-15,ovsyannikovsoap,Астраханская область,10946,control,DEVICE_ALL,association,16,anikv,27,1
2026-09-15,ovsyannikovsoap,Астраханская область,10946,control,DEVICE_ALL,association,17,мия бойко все лучшее для меня,11,1
2026-09-15,ovsyannikovsoap,Астраханская область,10946,control,DEVICE_ALL,association,18,новосолошино,21,1
2026-09-15,ovsyannikovsoap,Астраханская область,10946,control,DEVICE_ALL,association,19,зиньковский,23,1
2026-09-15,ovsyannikovsoap,Ростовская область,11029,control,DEVICE_ALL,association,1,давай со мной за звездами,305,7
2026-09-15,ovsyannikovsoap,Ростовская область,11029,control,DEVICE_ALL,association,2,пассия это,175,7
2026-09-15,ovsyannikovsoap,Ростовская область,11029,control,DEVICE_ALL,association,3,овсиенко,2746,7
2026-09-15,ovsyannikovsoap,Ростовская область,11029,control,DEVICE_ALL,association,4,никах это,1330,7
2026-09-15,ovsyannikovsoap,Ростовская область,11029,control,DEVICE_ALL,association,5,анчоусы что это такое,104,7
2026-09-15,ovsyannikovsoap,Ростовская область,11029,control,DEVICE_ALL,association,6,единственная моя,2487,7
2026-09-15,ovsyannikovsoap,Ростовская область,11029,control,DEVICE_ALL,association,7,упячка,57,7
2026-09-15,ovsyannikovsoap,Ростовская область,11029,control,DEVICE_ALL,association,8,анчутка,78,7
2026-09-15,ovsyannikovsoap,Ростовская область,11029,control,DEVICE_ALL,association,9,никах что это,346,7
2026-09-15,ovsyannikovsoap,Ростовская область,11029,control,DEVICE_ALL,association,10,кукрыниксы это,138,7
2026-09-15,ovsyannikovsoap,Ростовская область,11029,control,DEVICE_ALL,association,11,мацерация это,55,7
2026-09-15,ovsyannikovsoap,Ростовская область,11029,control,DEVICE_ALL,association,12,власяница,82,7
2026-09-15,ovsyannikovsoap,Ростовская область,11029,control,DEVICE_ALL,association,13,мильковский,760,7
2026-09-15,ovsyannikovsoap,Ростовская область,11029,control,DEVICE_ALL,association,14,армяк,86,7
2026-09-15,ovsyannikovsoap,Ростовская область,11029,control,DEVICE_ALL,association,15,а вы не лезьте в мою душу,148,7
2026-09-15,ovsyannikovsoap,Ростовская область,11029,control,DEVICE_ALL,association,16,anikv,152,7
2026-09-15,ovsyannikovsoap,Ростовская область,11029,control,DEVICE_ALL,association,17,мия бойко все лучшее для меня,128,7
2026-09-15,ovsyannikovsoap,Ростовская область,11029,control,DEVICE_ALL,association,18,новосолошино,107,7
2026-09-15,ovsyannikovsoap,Ростовская область,11029,control,DEVICE_ALL,association,19,зиньковский,205,7
2026-09-15,ovsyannikovsoap,Тульская область,10832,control,DEVICE_ALL,association,1,давай со мной за звездами,149,1
2026-09-15,ovsyannikovsoap,Тульская область,10832,control,DEVICE_ALL,association,2,пассия это,71,1
2026-09-15,ovsyannikovsoap,Тульская область,10832,control,DEVICE_ALL,association,3,овсиенко,1078,1
2026-09-15,ovsyannikovsoap,Тульская область,10832,control,DEVICE_ALL,association,4,никах это,389,1
2026-09-15,ovsyannikovsoap,Тульская область,10832,control,DEVICE_ALL,association,5,анчоусы что это такое,47,1
2026-09-15,ovsyannikovsoap,Тульская область,10832,control,DEVICE_ALL,association,6,единственная моя,1125,1
2026-09-15,ovsyannikovsoap,Тульская область,10832,control,DEVICE_ALL,association,7,упячка,19,1
2026-09-15,ovsyannikovsoap,Тульская область,10832,control,DEVICE_ALL,association,8,анчутка,66,1
2026-09-15,ovsyannikovsoap,Тульская область,10832,control,DEVICE_ALL,association,9,никах что это,106,1
2026-09-15,ovsyannikovsoap,Тульская область,10832,control,DEVICE_ALL,association,10,кукрыниксы это,64,1
2026-09-15,ovsyannikovsoap,Тульская область,10832,control,DEVICE_ALL,association,11,мацерация это,29,1
2026-09-15,ovsyannikovsoap,Тульская область,10832,control,DEVICE_ALL,association,12,власяница,52,1
2026-09-15,ovsyannikovsoap,Тульская область,10832,control,DEVICE_ALL,association,13,мильковский,406,1
2026-09-15,ovsyannikovsoap,Тульская область,10832,control,DEVICE_ALL,association,14,армяк,27,1
2026-09-15,ovsyannikovsoap,Тульская область,10832,control,DEVICE_ALL,association,15,а вы не лезьте в мою душу,52,1
2026-09-15,ovsyannikovsoap,Тульская область,10832,control,DEVICE_ALL,association,16,anikv,53,1
2026-09-15,ovsyannikovsoap,Тульская область,10832,control,DEVICE_ALL,association,17,мия бойко все лучшее для меня,33,1
2026-09-15,ovsyannikovsoap,Тульская область,10832,control,DEVICE_ALL,association,18,новосолошино,45,1
2026-09-15,ovsyannikovsoap,Тульская область,10832,control,DEVICE_ALL,association,19,зиньковский,78,1
2026-09-15,ovsyannikovsoap,Воронежская область,10672,campaign,DEVICE_ALL,nested,1,ovsyannikovsoap,4,4
2026-09-15,ovsyannikovsoap,Воронежская область,10672,campaign,DEVICE_ALL,nested,2,ovsyannikovsoap ru,4,4
2026-09-15,ovsyannikovsoap,Воронежская область,10672,campaign,DEVICE_ALL,nested,3,ovsyannikovsoap ru крем,3,4
2026-09-15,ovsyannikovsoap,Воронежская область,10672,campaign,DEVICE_ALL,nested,4,ovsyannikovsoap ru мыло,1,4
2026-09-15,ovsyannikovsoap,Воронежская область,10672,campaign,DEVICE_ALL,nested,5,ovsyannikovsoap ru мыло крем,1,4
2026-09-15,ovsyannikovsoap,Ярославская область,10841,campaign,DEVICE_ALL,nested,1,ovsyannikovsoap,3,3
2026-09-15,ovsyannikovsoap,Ярославская область,10841,campaign,DEVICE_ALL,nested,2,ovsyannikovsoap ru,3,3
2026-09-15,ovsyannikovsoap,Ярославская область,10841,campaign,DEVICE_ALL,nested,3,ovsyannikovsoap ru крем,2,3
2026-09-15,ovsyannikovsoap,Ярославская область,10841,campaign,DEVICE_ALL,nested,4,ovsyannikovsoap ru мыло,1,3
2026-09-15,ovsyannikovsoap,Ярославская область,10841,campaign,DEVICE_ALL,nested,5,ovsyannikovsoap ru мыло крем,1,3
2026-09-15,ovsyannikovsoap,Республика Башкортостан,11111,campaign,DEVICE_ALL,nested,1,ovsyannikovsoap,1,1
2026-09-15,ovsyannikovsoap,Республика Башкортостан,11111,campaign,DEVICE_ALL,nested,2,ovsyannikovsoap ru,1,1
2026-09-15,ovsyannikovsoap,Республика Башкортостан,11111,campaign,DEVICE_ALL,nested,3,ovsyannikovsoap ru крем,1,1
2026-09-15,ovsyannikovsoap,Республика Башкортостан,11111,campaign,DEVICE_ALL,nested,4,ovsyannikovsoap ru мыло,1,1
2026-09-15,ovsyannikovsoap,Республика Башкортостан,11111,campaign,DEVICE_ALL,nested,5,ovsyannikovsoap ru мыло крем,1,1
2026-09-15,ovsyannikovsoap,Новосибирская область,11316,campaign,DEVICE_ALL,nested,1,ovsyannikovsoap,5,5
2026-09-15,ovsyannikovsoap,Новосибирская область,11316,campaign,DEVICE_ALL,nested,2,ovsyannikovsoap ru,5,5
2026-09-15,ovsyannikovsoap,Новосибирская область,11316,campaign,DEVICE_ALL,nested,3,ovsyannikovsoap ru крем,5,5
2026-09-15,ovsyannikovsoap,Новосибирская область,11316,campaign,DEVICE_ALL,nested,4,ovsyannikovsoap ru мыло,5,5
2026-09-15,ovsyannikovsoap,Новосибирская область,11316,campaign,DEVICE_ALL,nested,5,ovsyannikovsoap ru мыло крем,5,5
2026-09-15,ovsyannikovsoap,Саратовская область,11146,campaign,DEVICE_ALL,nested,1,ovsyannikovsoap,8,8
2026-09-15,ovsyannikovsoap,Саратовская область,11146,campaign,DEVICE_ALL,nested,2,ovsyannikovsoap ru,8,8
2026-09-15,ovsyannikovsoap,Саратовская область,11146,campaign,DEVICE_ALL,nested,3,ovsyannikovsoap ru крем,8,8
2026-09-15,ovsyannikovsoap,Саратовская область,11146,campaign,DEVICE_ALL,nested,4,ovsyannikovsoap ru мыло,6,8
2026-09-15,ovsyannikovsoap,Саратовская область,11146,campaign,DEVICE_ALL,nested,5,ovsyannikovsoap ru мыло крем,6,8
2026-09-15,ovsyannikovsoap,Томская область,11353,campaign,DEVICE_ALL,nested,1,ovsyannikovsoap,1,1
2026-09-15,ovsyannikovsoap,Томская область,11353,campaign,DEVICE_ALL,nested,2,ovsyannikovsoap ru,1,1
2026-09-15,ovsyannikovsoap,Омская область,11318,campaign,DEVICE_ALL,nested,1,ovsyannikovsoap,3,3
2026-09-15,ovsyannikovsoap,Омская область,11318,campaign,DEVICE_ALL,nested,2,ovsyannikovsoap ru,3,3
2026-09-15,ovsyannikovsoap,Омская область,11318,campaign,DEVICE_ALL,nested,3,ovsyannikovsoap ru мыло,2,3
2026-09-15,ovsyannikovsoap,Астраханская область,10946,control,DEVICE_ALL,nested,1,ovsyannikovsoap,1,1
2026-09-15,ovsyannikovsoap,Астраханская область,10946,control,DEVICE_ALL,nested,2,ovsyannikovsoap ru,1,1
2026-09-15,ovsyannikovsoap,Астраханская область,10946,control,DEVICE_ALL,nested,3,ovsyannikovsoap ru крем,1,1
2026-09-15,ovsyannikovsoap,Ростовская область,11029,control,DEVICE_ALL,nested,1,ovsyannikovsoap,7,7
2026-09-15,ovsyannikovsoap,Ростовская область,11029,control,DEVICE_ALL,nested,2,ovsyannikovsoap ru,7,7
2026-09-15,ovsyannikovsoap,Ростовская область,11029,control,DEVICE_ALL,nested,3,ovsyannikovsoap ru крем,7,7
2026-09-15,ovsyannikovsoap,Ростовская область,11029,control,DEVICE_ALL,nested,4,ovsyannikovsoap ru мыло,7,7
2026-09-15,ovsyannikovsoap,Ростовская область,11029,control,DEVICE_ALL,nested,5,ovsyannikovsoap ru мыло крем,7,7
2026-09-15,ovsyannikovsoap,Тульская область,10832,control,DEVICE_ALL,nested,1,ovsyannikovsoap,1,1
2026-09-15,овсянников косметика,Тюменская область,11176,campaign,DEVICE_ALL,association,1,kosmetista,2,17
2026-09-15,овсянников косметика,Тюменская область,11176,campaign,DEVICE_ALL,association,2,эксфолиант что это,5,17
2026-09-15,овсянников косметика,Тюменская область,11176,campaign,DEVICE_ALL,association,3,эксфолиант это,7,17
2026-09-15,овсянников косметика,Тюменская область,11176,campaign,DEVICE_ALL,association,4,для чего нужен лосьон для лица,5,17
2026-09-15,овсянников косметика,Тюменская область,11176,campaign,DEVICE_ALL,association,5,косметическое масло,298,17
2026-09-15,овсянников косметика,Тюменская область,11176,campaign,DEVICE_ALL,association,6,что нужно для макияжа лица,42,17
2026-09-15,овсянников косметика,Тюменская область,11176,campaign,DEVICE_ALL,association,7,чем отмыть тональный крем с одежды,1,17
2026-09-15,овсянников косметика,Тюменская область,11176,campaign,DEVICE_ALL,association,8,средства для ухода за лицом bioderma,1,17
2026-09-15,овсянников косметика,Тюменская область,11176,campaign,DEVICE_ALL,association,9,эксфолиант что это такое,3,17
2026-09-15,овсянников косметика,Тюменская область,11176,campaign,DEVICE_ALL,association,10,средства для ухода за лицом,89,17
2026-09-15,овсянников косметика,Тюменская область,11176,campaign,DEVICE_ALL,association,11,косметические средства,207,17
2026-09-15,овсянников косметика,Тюменская область,11176,campaign,DEVICE_ALL,association,12,тональное средство,146,17
2026-09-15,овсянников косметика,Тюменская область,11176,campaign,DEVICE_ALL,association,13,что такое экзосомы в косметологии для лица,3,17
2026-09-15,овсянников косметика,Тюменская область,11176,campaign,DEVICE_ALL,association,14,косметическая основа,11,17
2026-09-15,овсянников косметика,Волгоградская область,10950,campaign,DEVICE_ALL,association,1,kosmetista,19,54
2026-09-15,овсянников косметика,Волгоградская область,10950,campaign,DEVICE_ALL,association,2,эксфолиант что это,36,54
2026-09-15,овсянников косметика,Волгоградская область,10950,campaign,DEVICE_ALL,association,3,эксфолиант это,47,54
2026-09-15,овсянников косметика,Волгоградская область,10950,campaign,DEVICE_ALL,association,4,для чего нужен лосьон для лица,10,54
2026-09-15,овсянников косметика,Волгоградская область,10950,campaign,DEVICE_ALL,association,5,косметическое масло,431,54
2026-09-15,овсянников косметика,Волгоградская область,10950,campaign,DEVICE_ALL,association,6,что нужно для макияжа лица,55,54
2026-09-15,овсянников косметика,Волгоградская область,10950,campaign,DEVICE_ALL,association,7,чем отмыть тональный крем с одежды,4,54
2026-09-15,овсянников косметика,Волгоградская область,10950,campaign,DEVICE_ALL,association,8,машнит косметикс,2,54
2026-09-15,овсянников косметика,Волгоградская область,10950,campaign,DEVICE_ALL,association,9,средства для ухода за лицом,172,54
2026-09-15,овсянников косметика,Волгоградская область,10950,campaign,DEVICE_ALL,association,10,косметические средства,346,54
2026-09-15,овсянников косметика,Волгоградская область,10950,campaign,DEVICE_ALL,association,11,aya cosmetics,9,54
2026-09-15,овсянников косметика,Волгоградская область,10950,campaign,DEVICE_ALL,association,12,тональное средство,155,54
2026-09-15,овсянников косметика,Волгоградская область,10950,campaign,DEVICE_ALL,association,13,что такое лосьон для лица,1,54
2026-09-15,овсянников косметика,Волгоградская область,10950,campaign,DEVICE_ALL,association,14,что такое экзосомы в косметологии для лица,1,54
2026-09-15,овсянников косметика,Волгоградская область,10950,campaign,DEVICE_ALL,association,15,косметическая основа,12,54
2026-09-15,овсянников косметика,Волгоградская область,10950,campaign,DEVICE_ALL,association,16,podonail cosmetics,2,54
2026-09-15,овсянников косметика,Воронежская область,10672,campaign,DEVICE_ALL,association,1,kosmetista,11,93
2026-09-15,овсянников косметика,Воронежская область,10672,campaign,DEVICE_ALL,association,2,эксфолиант что это,18,93
2026-09-15,овсянников косметика,Воронежская область,10672,campaign,DEVICE_ALL,association,3,эксфолиант это,26,93
2026-09-15,овсянников косметика,Воронежская область,10672,campaign,DEVICE_ALL,association,4,для чего нужен лосьон для лица,10,93
2026-09-15,овсянников косметика,Воронежская область,10672,campaign,DEVICE_ALL,association,5,косметическое масло,451,93
2026-09-15,овсянников косметика,Воронежская область,10672,campaign,DEVICE_ALL,association,6,что нужно для макияжа лица,36,93
2026-09-15,овсянников косметика,Воронежская область,10672,campaign,DEVICE_ALL,association,7,чем отмыть тональный крем с одежды,2,93
2026-09-15,овсянников косметика,Воронежская область,10672,campaign,DEVICE_ALL,association,8,средства для ухода за лицом bioderma,2,93
2026-09-15,овсянников косметика,Воронежская область,10672,campaign,DEVICE_ALL,association,9,kisy cosmetics,10,93
2026-09-15,овсянников косметика,Воронежская область,10672,campaign,DEVICE_ALL,association,10,эксфолиант что это такое,1,93
2026-09-15,овсянников косметика,Воронежская область,10672,campaign,DEVICE_ALL,association,11,машнит косметикс,2,93
2026-09-15,овсянников косметика,Воронежская область,10672,campaign,DEVICE_ALL,association,12,средства для ухода за лицом,206,93
2026-09-15,овсянников косметика,Воронежская область,10672,campaign,DEVICE_ALL,association,13,косметические средства,332,93
2026-09-15,овсянников косметика,Воронежская область,10672,campaign,DEVICE_ALL,association,14,aya cosmetics,4,93
2026-09-15,овсянников косметика,Воронежская область,10672,campaign,DEVICE_ALL,association,15,тональное средство,231,93
2026-09-15,овсянников косметика,Воронежская область,10672,campaign,DEVICE_ALL,association,16,что такое лосьон для лица,2,93
2026-09-15,овсянников косметика,Воронежская область,10672,campaign,DEVICE_ALL,association,17,косметическая основа,9,93
2026-09-15,овсянников косметика,Республика Мордовия,11117,campaign,DEVICE_ALL,association,1,эксфолиант что это,2,7
2026-09-15,овсянников косметика,Республика Мордовия,11117,campaign,DEVICE_ALL,association,2,эксфолиант это,4,7
2026-09-15,овсянников косметика,Республика Мордовия,11117,campaign,DEVICE_ALL,association,3,косметическое масло,82,7
2026-09-15,овсянников косметика,Республика Мордовия,11117,campaign,DEVICE_ALL,association,4,что нужно для макияжа лица,18,7
2026-09-15,овсянников косметика,Республика Мордовия,11117,campaign,DEVICE_ALL,association,5,kisy cosmetics,2,7
2026-09-15,овсянников косметика,Республика Мордовия,11117,campaign,DEVICE_ALL,association,6,эксфолиант что это такое,2,7
2026-09-15,овсянников косметика,Республика Мордовия,11117,campaign,DEVICE_ALL,association,7,средства для ухода за лицом,58,7
2026-09-15,овсянников косметика,Республика Мордовия,11117,campaign,DEVICE_ALL,association,8,косметические средства,93,7
2026-09-15,овсянников косметика,Республика Мордовия,11117,campaign,DEVICE_ALL,association,9,тональное средство,63,7
2026-09-15,овсянников косметика,Республика Мордовия,11117,campaign,DEVICE_ALL,association,10,косметическая основа,4,7
2026-09-15,овсянников косметика,Орловская область,10772,campaign,DEVICE_ALL,association,1,эксфолиант что это,2,3
2026-09-15,овсянников косметика,Орловская область,10772,campaign,DEVICE_ALL,association,2,эксфолиант это,7,3
2026-09-15,овсянников косметика,Орловская область,10772,campaign,DEVICE_ALL,association,3,косметическое масло,73,3
2026-09-15,овсянников косметика,Орловская область,10772,campaign,DEVICE_ALL,association,4,что нужно для макияжа лица,11,3
2026-09-15,овсянников косметика,Орловская область,10772,campaign,DEVICE_ALL,association,5,чем отмыть тональный крем с одежды,1,3
2026-09-15,овсянников косметика,Орловская область,10772,campaign,DEVICE_ALL,association,6,средства для ухода за лицом bioderma,1,3
2026-09-15,овсянников косметика,Орловская область,10772,campaign,DEVICE_ALL,association,7,машнит косметикс,1,3
2026-09-15,овсянников косметика,Орловская область,10772,campaign,DEVICE_ALL,association,8,средства для ухода за лицом,38,3
2026-09-15,овсянников косметика,Орловская область,10772,campaign,DEVICE_ALL,association,9,косметические средства,102,3
2026-09-15,овсянников косметика,Орловская область,10772,campaign,DEVICE_ALL,association,10,тональное средство,72,3
2026-09-15,овсянников косметика,Орловская область,10772,campaign,DEVICE_ALL,association,11,что такое экзосомы в косметологии для лица,2,3
2026-09-15,овсянников косметика,Орловская область,10772,campaign,DEVICE_ALL,association,12,косметическая основа,1,3
2026-09-15,овсянников косметика,Рязанская область,10776,campaign,DEVICE_ALL,association,1,kosmetista,14,23
2026-09-15,овсянников косметика,Рязанская область,10776,campaign,DEVICE_ALL,association,2,эксфолиант что это,12,23
2026-09-15,овсянников косметика,Рязанская область,10776,campaign,DEVICE_ALL,association,3,эксфолиант это,15,23
2026-09-15,овсянников косметика,Рязанская область,10776,campaign,DEVICE_ALL,association,4,для чего нужен лосьон для лица,1,23
2026-09-15,овсянников косметика,Рязанская область,10776,campaign,DEVICE_ALL,association,5,косметическое масло,236,23
2026-09-15,овсянников косметика,Рязанская область,10776,campaign,DEVICE_ALL,association,6,что нужно для макияжа лица,27,23
2026-09-15,овсянников косметика,Рязанская область,10776,campaign,DEVICE_ALL,association,7,эксфолиант что это такое,2,23
2026-09-15,овсянников косметика,Рязанская область,10776,campaign,DEVICE_ALL,association,8,средства для ухода за лицом,80,23
2026-09-15,овсянников косметика,Рязанская область,10776,campaign,DEVICE_ALL,association,9,косметические средства,150,23
2026-09-15,овсянников косметика,Рязанская область,10776,campaign,DEVICE_ALL,association,10,aya cosmetics,8,23
2026-09-15,овсянников косметика,Рязанская область,10776,campaign,DEVICE_ALL,association,11,тональное средство,73,23
2026-09-15,овсянников косметика,Рязанская область,10776,campaign,DEVICE_ALL,association,12,что такое лосьон для лица,3,23
2026-09-15,овсянников косметика,Рязанская область,10776,campaign,DEVICE_ALL,association,13,косметическая основа,20,23
2026-09-15,овсянников косметика,Рязанская область,10776,campaign,DEVICE_ALL,association,14,podonail cosmetics,2,23
2026-09-15,овсянников косметика,Ярославская область,10841,campaign,DEVICE_ALL,association,1,kosmetista,6,87
2026-09-15,овсянников косметика,Ярославская область,10841,campaign,DEVICE_ALL,association,2,эксфолиант что это,9,87
2026-09-15,овсянников косметика,Ярославская область,10841,campaign,DEVICE_ALL,association,3,эксфолиант это,15,87
2026-09-15,овсянников косметика,Ярославская область,10841,campaign,DEVICE_ALL,association,4,для чего нужен лосьон для лица,7,87
2026-09-15,овсянников косметика,Ярославская область,10841,campaign,DEVICE_ALL,association,5,косметическое масло,159,87
2026-09-15,овсянников косметика,Ярославская область,10841,campaign,DEVICE_ALL,association,6,что нужно для макияжа лица,27,87
2026-09-15,овсянников косметика,Ярославская область,10841,campaign,DEVICE_ALL,association,7,чем отмыть тональный крем с одежды,1,87
2026-09-15,овсянников косметика,Ярославская область,10841,campaign,DEVICE_ALL,association,8,эксфолиант что это такое,2,87
2026-09-15,овсянников косметика,Ярославская область,10841,campaign,DEVICE_ALL,association,9,средства для ухода за лицом,111,87
2026-09-15,овсянников косметика,Ярославская область,10841,campaign,DEVICE_ALL,association,10,косметические средства,197,87
2026-09-15,овсянников косметика,Ярославская область,10841,campaign,DEVICE_ALL,association,11,aya cosmetics,9,87
2026-09-15,овсянников косметика,Ярославская область,10841,campaign,DEVICE_ALL,association,12,тональное средство,132,87
2026-09-15,овсянников косметика,Ярославская область,10841,campaign,DEVICE_ALL,association,13,косметическая основа,17,87
2026-09-15,овсянников косметика,Костромская область,10699,campaign,DEVICE_ALL,association,1,эксфолиант это,3,32
2026-09-15,овсянников косметика,Костромская область,10699,campaign,DEVICE_ALL,association,2,косметическое масло,61,32
2026-09-15,овсянников косметика,Костромская область,10699,campaign,DEVICE_ALL,association,3,что нужно для макияжа лица,41,32
2026-09-15,овсянников косметика,Костромская область,10699,campaign,DEVICE_ALL,association,4,средства для ухода за лицом,32,32
2026-09-15,овсянников косметика,Костромская область,10699,campaign,DEVICE_ALL,association,5,косметические средства,82,32
2026-09-15,овсянников косметика,Костромская область,10699,campaign,DEVICE_ALL,association,6,aya cosmetics,1,32
2026-09-15,овсянников косметика,Костромская область,10699,campaign,DEVICE_ALL,association,7,тональное средство,26,32
2026-09-15,овсянников косметика,Костромская область,10699,campaign,DEVICE_ALL,association,8,косметическая основа,8,32
2026-09-15,овсянников косметика,Липецкая область,10712,campaign,DEVICE_ALL,association,1,kosmetista,53,5
2026-09-15,овсянников косметика,Липецкая область,10712,campaign,DEVICE_ALL,association,2,эксфолиант что это,1,5
2026-09-15,овсянников косметика,Липецкая область,10712,campaign,DEVICE_ALL,association,3,эксфолиант это,1,5
2026-09-15,овсянников косметика,Липецкая область,10712,campaign,DEVICE_ALL,association,4,косметическое масло,97,5
2026-09-15,овсянников косметика,Липецкая область,10712,campaign,DEVICE_ALL,association,5,что нужно для макияжа лица,46,5
2026-09-15,овсянников косметика,Липецкая область,10712,campaign,DEVICE_ALL,association,6,чем отмыть тональный крем с одежды,2,5
2026-09-15,овсянников косметика,Липецкая область,10712,campaign,DEVICE_ALL,association,7,kisy cosmetics,2,5
2026-09-15,овсянников косметика,Липецкая область,10712,campaign,DEVICE_ALL,association,8,эксфолиант что это такое,1,5
2026-09-15,овсянников косметика,Липецкая область,10712,campaign,DEVICE_ALL,association,9,машнит косметикс,1,5
2026-09-15,овсянников косметика,Липецкая область,10712,campaign,DEVICE_ALL,association,10,средства для ухода за лицом,96,5
2026-09-15,овсянников косметика,Липецкая область,10712,campaign,DEVICE_ALL,association,11,косметические средства,168,5
2026-09-15,овсянников косметика,Липецкая область,10712,campaign,DEVICE_ALL,association,12,тональное средство,76,5
2026-09-15,овсянников косметика,Липецкая область,10712,campaign,DEVICE_ALL,association,13,косметическая основа,8,5
2026-09-15,овсянников косметика,Республика Башкортостан,11111,campaign,DEVICE_ALL,association,1,kosmetista,37,7
2026-09-15,овсянников косметика,Республика Башкортостан,11111,campaign,DEVICE_ALL,association,2,эксфолиант что это,9,7
2026-09-15,овсянников косметика,Республика Башкортостан,11111,campaign,DEVICE_ALL,association,3,эксфолиант это,17,7
2026-09-15,овсянников косметика,Республика Башкортостан,11111,campaign,DEVICE_ALL,association,4,для чего нужен лосьон для лица,25,7
2026-09-15,овсянников косметика,Республика Башкортостан,11111,campaign,DEVICE_ALL,association,5,косметическое масло,487,7
2026-09-15,овсянников косметика,Республика Башкортостан,11111,campaign,DEVICE_ALL,association,6,что нужно для макияжа лица,75,7
2026-09-15,овсянников косметика,Республика Башкортостан,11111,campaign,DEVICE_ALL,association,7,чем отмыть тональный крем с одежды,8,7
2026-09-15,овсянников косметика,Республика Башкортостан,11111,campaign,DEVICE_ALL,association,8,средства для ухода за лицом bioderma,1,7
2026-09-15,овсянников косметика,Республика Башкортостан,11111,campaign,DEVICE_ALL,association,9,эксфолиант что это такое,7,7
2026-09-15,овсянников косметика,Республика Башкортостан,11111,campaign,DEVICE_ALL,association,10,машнит косметикс,9,7
2026-09-15,овсянников косметика,Республика Башкортостан,11111,campaign,DEVICE_ALL,association,11,средства для ухода за лицом,252,7
2026-09-15,овсянников косметика,Республика Башкортостан,11111,campaign,DEVICE_ALL,association,12,косметические средства,354,7
2026-09-15,овсянников косметика,Республика Башкортостан,11111,campaign,DEVICE_ALL,association,13,aya cosmetics,6,7
2026-09-15,овсянников косметика,Республика Башкортостан,11111,campaign,DEVICE_ALL,association,14,тональное средство,198,7
2026-09-15,овсянников косметика,Республика Башкортостан,11111,campaign,DEVICE_ALL,association,15,что такое лосьон для лица,7,7
2026-09-15,овсянников косметика,Республика Башкортостан,11111,campaign,DEVICE_ALL,association,16,косметическая основа,19,7
2026-09-15,овсянников косметика,Республика Башкортостан,11111,campaign,DEVICE_ALL,association,17,podonail cosmetics,2,7
2026-09-15,овсянников косметика,Новосибирская область,11316,campaign,DEVICE_ALL,association,1,kosmetista,6,53
2026-09-15,овсянников косметика,Новосибирская область,11316,campaign,DEVICE_ALL,association,2,эксфолиант что это,5,53
2026-09-15,овсянников косметика,Новосибирская область,11316,campaign,DEVICE_ALL,association,3,эксфолиант это,12,53
2026-09-15,овсянников косметика,Новосибирская область,11316,campaign,DEVICE_ALL,association,4,для чего нужен лосьон для лица,20,53
2026-09-15,овсянников косметика,Новосибирская область,11316,campaign,DEVICE_ALL,association,5,косметическое масло,411,53
2026-09-15,овсянников косметика,Новосибирская область,11316,campaign,DEVICE_ALL,association,6,что нужно для макияжа лица,72,53
2026-09-15,овсянников косметика,Новосибирская область,11316,campaign,DEVICE_ALL,association,7,kisy cosmetics,6,53
2026-09-15,овсянников косметика,Новосибирская область,11316,campaign,DEVICE_ALL,association,8,эксфолиант что это такое,3,53
2026-09-15,овсянников косметика,Новосибирская область,11316,campaign,DEVICE_ALL,association,9,машнит косметикс,4,53
2026-09-15,овсянников косметика,Новосибирская область,11316,campaign,DEVICE_ALL,association,10,средства для ухода за лицом,227,53
2026-09-15,овсянников косметика,Новосибирская область,11316,campaign,DEVICE_ALL,association,11,косметические средства,455,53
2026-09-15,овсянников косметика,Новосибирская область,11316,campaign,DEVICE_ALL,association,12,aya cosmetics,6,53
2026-09-15,овсянников косметика,Новосибирская область,11316,campaign,DEVICE_ALL,association,13,тональное средство,301,53
2026-09-15,овсянников косметика,Новосибирская область,11316,campaign,DEVICE_ALL,association,14,что такое экзосомы в косметологии для лица,1,53
2026-09-15,овсянников косметика,Новосибирская область,11316,campaign,DEVICE_ALL,association,15,косметическая основа,31,53
2026-09-15,овсянников косметика,Новосибирская область,11316,campaign,DEVICE_ALL,association,16,podonail cosmetics,2,53
2026-09-15,овсянников косметика,Саратовская область,11146,campaign,DEVICE_ALL,association,1,эксфолиант что это,12,45
2026-09-15,овсянников косметика,Саратовская область,11146,campaign,DEVICE_ALL,association,2,эксфолиант это,20,45
2026-09-15,овсянников косметика,Саратовская область,11146,campaign,DEVICE_ALL,association,3,для чего нужен лосьон для лица,10,45
2026-09-15,овсянников косметика,Саратовская область,11146,campaign,DEVICE_ALL,association,4,косметическое масло,334,45
2026-09-15,овсянников косметика,Саратовская область,11146,campaign,DEVICE_ALL,association,5,что нужно для макияжа лица,40,45
2026-09-15,овсянников косметика,Саратовская область,11146,campaign,DEVICE_ALL,association,6,чем отмыть тональный крем с одежды,1,45
2026-09-15,овсянников косметика,Саратовская область,11146,campaign,DEVICE_ALL,association,7,средства для ухода за лицом bioderma,1,45
2026-09-15,овсянников косметика,Саратовская область,11146,campaign,DEVICE_ALL,association,8,kisy cosmetics,5,45
2026-09-15,овсянников косметика,Саратовская область,11146,campaign,DEVICE_ALL,association,9,эксфолиант что это такое,4,45
2026-09-15,овсянников косметика,Саратовская область,11146,campaign,DEVICE_ALL,association,10,машнит косметикс,1,45
2026-09-15,овсянников косметика,Саратовская область,11146,campaign,DEVICE_ALL,association,11,средства для ухода за лицом,141,45
2026-09-15,овсянников косметика,Саратовская область,11146,campaign,DEVICE_ALL,association,12,косметические средства,221,45
2026-09-15,овсянников косметика,Саратовская область,11146,campaign,DEVICE_ALL,association,13,aya cosmetics,2,45
2026-09-15,овсянников косметика,Саратовская область,11146,campaign,DEVICE_ALL,association,14,тональное средство,142,45
2026-09-15,овсянников косметика,Саратовская область,11146,campaign,DEVICE_ALL,association,15,что такое лосьон для лица,4,45
2026-09-15,овсянников косметика,Саратовская область,11146,campaign,DEVICE_ALL,association,16,косметическая основа,13,45
2026-09-15,овсянников косметика,Саратовская область,11146,campaign,DEVICE_ALL,association,17,podonail cosmetics,3,45
2026-09-15,овсянников косметика,Томская область,11353,campaign,DEVICE_ALL,association,1,эксфолиант что это,1,13
2026-09-15,овсянников косметика,Томская область,11353,campaign,DEVICE_ALL,association,2,эксфолиант это,3,13
2026-09-15,овсянников косметика,Томская область,11353,campaign,DEVICE_ALL,association,3,для чего нужен лосьон для лица,4,13
2026-09-15,овсянников косметика,Томская область,11353,campaign,DEVICE_ALL,association,4,косметическое масло,125,13
2026-09-15,овсянников косметика,Томская область,11353,campaign,DEVICE_ALL,association,5,что нужно для макияжа лица,8,13
2026-09-15,овсянников косметика,Томская область,11353,campaign,DEVICE_ALL,association,6,средства для ухода за лицом,45,13
2026-09-15,овсянников косметика,Томская область,11353,campaign,DEVICE_ALL,association,7,косметические средства,122,13
2026-09-15,овсянников косметика,Томская область,11353,campaign,DEVICE_ALL,association,8,тональное средство,49,13
2026-09-15,овсянников косметика,Томская область,11353,campaign,DEVICE_ALL,association,9,косметическая основа,7,13
2026-09-15,овсянников косметика,Вологодская область,10853,campaign,DEVICE_ALL,association,1,kosmetista,1,9
2026-09-15,овсянников косметика,Вологодская область,10853,campaign,DEVICE_ALL,association,2,эксфолиант что это,6,9
2026-09-15,овсянников косметика,Вологодская область,10853,campaign,DEVICE_ALL,association,3,эксфолиант это,11,9
2026-09-15,овсянников косметика,Вологодская область,10853,campaign,DEVICE_ALL,association,4,для чего нужен лосьон для лица,3,9
2026-09-15,овсянников косметика,Вологодская область,10853,campaign,DEVICE_ALL,association,5,косметическое масло,191,9
2026-09-15,овсянников косметика,Вологодская область,10853,campaign,DEVICE_ALL,association,6,что нужно для макияжа лица,26,9
2026-09-15,овсянников косметика,Вологодская область,10853,campaign,DEVICE_ALL,association,7,чем отмыть тональный крем с одежды,5,9
2026-09-15,овсянников косметика,Вологодская область,10853,campaign,DEVICE_ALL,association,8,средства для ухода за лицом bioderma,6,9
2026-09-15,овсянников косметика,Вологодская область,10853,campaign,DEVICE_ALL,association,9,kisy cosmetics,4,9
2026-09-15,овсянников косметика,Вологодская область,10853,campaign,DEVICE_ALL,association,10,эксфолиант что это такое,1,9
2026-09-15,овсянников косметика,Вологодская область,10853,campaign,DEVICE_ALL,association,11,машнит косметикс,2,9
2026-09-15,овсянников косметика,Вологодская область,10853,campaign,DEVICE_ALL,association,12,средства для ухода за лицом,101,9
2026-09-15,овсянников косметика,Вологодская область,10853,campaign,DEVICE_ALL,association,13,косметические средства,178,9
2026-09-15,овсянников косметика,Вологодская область,10853,campaign,DEVICE_ALL,association,14,тональное средство,90,9
2026-09-15,овсянников косметика,Вологодская область,10853,campaign,DEVICE_ALL,association,15,что такое лосьон для лица,2,9
2026-09-15,овсянников косметика,Вологодская область,10853,campaign,DEVICE_ALL,association,16,косметическая основа,11,9
2026-09-15,овсянников косметика,Алтайский край,11235,campaign,DEVICE_ALL,association,1,kosmetista,1,6
2026-09-15,овсянников косметика,Алтайский край,11235,campaign,DEVICE_ALL,association,2,эксфолиант что это,4,6
2026-09-15,овсянников косметика,Алтайский край,11235,campaign,DEVICE_ALL,association,3,эксфолиант это,9,6
2026-09-15,овсянников косметика,Алтайский край,11235,campaign,DEVICE_ALL,association,4,для чего нужен лосьон для лица,1,6
2026-09-15,овсянников косметика,Алтайский край,11235,campaign,DEVICE_ALL,association,5,косметическое масло,225,6
2026-09-15,овсянников косметика,Алтайский край,11235,campaign,DEVICE_ALL,association,6,что нужно для макияжа лица,34,6
2026-09-15,овсянников косметика,Алтайский край,11235,campaign,DEVICE_ALL,association,7,эксфолиант что это такое,1,6
2026-09-15,овсянников косметика,Алтайский край,11235,campaign,DEVICE_ALL,association,8,машнит косметикс,2,6
2026-09-15,овсянников косметика,Алтайский край,11235,campaign,DEVICE_ALL,association,9,средства для ухода за лицом,78,6
2026-09-15,овсянников косметика,Алтайский край,11235,campaign,DEVICE_ALL,association,10,косметические средства,246,6
2026-09-15,овсянников косметика,Алтайский край,11235,campaign,DEVICE_ALL,association,11,aya cosmetics,2,6
2026-09-15,овсянников косметика,Алтайский край,11235,campaign,DEVICE_ALL,association,12,тональное средство,122,6
2026-09-15,овсянников косметика,Алтайский край,11235,campaign,DEVICE_ALL,association,13,что такое лосьон для лица,2,6
2026-09-15,овсянников косметика,Алтайский край,11235,campaign,DEVICE_ALL,association,14,косметическая основа,21,6
2026-09-15,овсянников косметика,Ивановская область,10687,campaign,DEVICE_ALL,association,1,kosmetista,2,14
2026-09-15,овсянников косметика,Ивановская область,10687,campaign,DEVICE_ALL,association,2,эксфолиант что это,6,14
2026-09-15,овсянников косметика,Ивановская область,10687,campaign,DEVICE_ALL,association,3,эксфолиант это,14,14
2026-09-15,овсянников косметика,Ивановская область,10687,campaign,DEVICE_ALL,association,4,косметическое масло,178,14
2026-09-15,овсянников косметика,Ивановская область,10687,campaign,DEVICE_ALL,association,5,что нужно для макияжа лица,27,14
2026-09-15,овсянников косметика,Ивановская область,10687,campaign,DEVICE_ALL,association,6,чем отмыть тональный крем с одежды,4,14
2026-09-15,овсянников косметика,Ивановская область,10687,campaign,DEVICE_ALL,association,7,средства для ухода за лицом bioderma,1,14
2026-09-15,овсянников косметика,Ивановская область,10687,campaign,DEVICE_ALL,association,8,средства для ухода за лицом,35,14
2026-09-15,овсянников косметика,Ивановская область,10687,campaign,DEVICE_ALL,association,9,косметические средства,160,14
2026-09-15,овсянников косметика,Ивановская область,10687,campaign,DEVICE_ALL,association,10,тональное средство,93,14
2026-09-15,овсянников косметика,Ивановская область,10687,campaign,DEVICE_ALL,association,11,косметическая основа,3,14
2026-09-15,овсянников косметика,Астраханская область,10946,control,DEVICE_ALL,association,1,эксфолиант что это,3,2
2026-09-15,овсянников косметика,Астраханская область,10946,control,DEVICE_ALL,association,2,эксфолиант это,7,2
2026-09-15,овсянников косметика,Астраханская область,10946,control,DEVICE_ALL,association,3,косметическое масло,127,2
2026-09-15,овсянников косметика,Астраханская область,10946,control,DEVICE_ALL,association,4,что нужно для макияжа лица,14,2
2026-09-15,овсянников косметика,Астраханская область,10946,control,DEVICE_ALL,association,5,чем отмыть тональный крем с одежды,2,2
2026-09-15,овсянников косметика,Астраханская область,10946,control,DEVICE_ALL,association,6,машнит косметикс,5,2
2026-09-15,овсянников косметика,Астраханская область,10946,control,DEVICE_ALL,association,7,средства для ухода за лицом,44,2
2026-09-15,овсянников косметика,Астраханская область,10946,control,DEVICE_ALL,association,8,косметические средства,88,2
2026-09-15,овсянников косметика,Астраханская область,10946,control,DEVICE_ALL,association,9,тональное средство,66,2
2026-09-15,овсянников косметика,Астраханская область,10946,control,DEVICE_ALL,association,10,косметическая основа,4,2
2026-09-15,овсянников косметика,Кировская область,11070,control,DEVICE_ALL,association,1,kosmetista,1,2
2026-09-15,овсянников косметика,Кировская область,11070,control,DEVICE_ALL,association,2,эксфолиант что это,10,2
2026-09-15,овсянников косметика,Кировская область,11070,control,DEVICE_ALL,association,3,эксфолиант это,10,2
2026-09-15,овсянников косметика,Кировская область,11070,control,DEVICE_ALL,association,4,для чего нужен лосьон для лица,5,2
2026-09-15,овсянников косметика,Кировская область,11070,control,DEVICE_ALL,association,5,косметическое масло,115,2
2026-09-15,овсянников косметика,Кировская область,11070,control,DEVICE_ALL,association,6,что нужно для макияжа лица,30,2
2026-09-15,овсянников косметика,Кировская область,11070,control,DEVICE_ALL,association,7,эксфолиант что это такое,1,2
2026-09-15,овсянников косметика,Кировская область,11070,control,DEVICE_ALL,association,8,средства для ухода за лицом,80,2
2026-09-15,овсянников косметика,Кировская область,11070,control,DEVICE_ALL,association,9,косметические средства,180,2
2026-09-15,овсянников косметика,Кировская область,11070,control,DEVICE_ALL,association,10,aya cosmetics,9,2
2026-09-15,овсянников косметика,Кировская область,11070,control,DEVICE_ALL,association,11,тональное средство,56,2
2026-09-15,овсянников косметика,Кировская область,11070,control,DEVICE_ALL,association,12,что такое лосьон для лица,2,2
2026-09-15,овсянников косметика,Кировская область,11070,control,DEVICE_ALL,association,13,косметическая основа,7,2
2026-09-15,овсянников косметика,Кировская область,11070,control,DEVICE_ALL,association,14,podonail cosmetics,13,2
2026-09-15,овсянников косметика,Пензенская область,11095,control,DEVICE_ALL,association,1,kosmetista,2,6
2026-09-15,овсянников косметика,Пензенская область,11095,control,DEVICE_ALL,association,2,эксфолиант что это,7,6
2026-09-15,овсянников косметика,Пензенская область,11095,control,DEVICE_ALL,association,3,эксфолиант это,13,6
2026-09-15,овсянников косметика,Пензенская область,11095,control,DEVICE_ALL,association,4,для чего нужен лосьон для лица,2,6
2026-09-15,овсянников косметика,Пензенская область,11095,control,DEVICE_ALL,association,5,косметическое масло,176,6
2026-09-15,овсянников косметика,Пензенская область,11095,control,DEVICE_ALL,association,6,что нужно для макияжа лица,32,6
2026-09-15,овсянников косметика,Пензенская область,11095,control,DEVICE_ALL,association,7,чем отмыть тональный крем с одежды,4,6
2026-09-15,овсянников косметика,Пензенская область,11095,control,DEVICE_ALL,association,8,эксфолиант что это такое,3,6
2026-09-15,овсянников косметика,Пензенская область,11095,control,DEVICE_ALL,association,9,средства для ухода за лицом,68,6
2026-09-15,овсянников косметика,Пензенская область,11095,control,DEVICE_ALL,association,10,косметические средства,194,6
2026-09-15,овсянников косметика,Пензенская область,11095,control,DEVICE_ALL,association,11,тональное средство,169,6
2026-09-15,овсянников косметика,Пензенская область,11095,control,DEVICE_ALL,association,12,что такое лосьон для лица,2,6
2026-09-15,овсянников косметика,Пензенская область,11095,control,DEVICE_ALL,association,13,косметическая основа,2,6
2026-09-15,овсянников косметика,Ростовская область,11029,control,DEVICE_ALL,association,1,kosmetista,6,17
2026-09-15,овсянников косметика,Ростовская область,11029,control,DEVICE_ALL,association,2,эксфолиант что это,26,17
2026-09-15,овсянников косметика,Ростовская область,11029,control,DEVICE_ALL,association,3,эксфолиант это,33,17
2026-09-15,овсянников косметика,Ростовская область,11029,control,DEVICE_ALL,association,4,для чего нужен лосьон для лица,14,17
2026-09-15,овсянников косметика,Ростовская область,11029,control,DEVICE_ALL,association,5,косметическое масло,762,17
2026-09-15,овсянников косметика,Ростовская область,11029,control,DEVICE_ALL,association,6,что нужно для макияжа лица,101,17
2026-09-15,овсянников косметика,Ростовская область,11029,control,DEVICE_ALL,association,7,чем отмыть тональный крем с одежды,5,17
2026-09-15,овсянников косметика,Ростовская область,11029,control,DEVICE_ALL,association,8,средства для ухода за лицом bioderma,1,17
2026-09-15,овсянников косметика,Ростовская область,11029,control,DEVICE_ALL,association,9,kisy cosmetics,6,17
2026-09-15,овсянников косметика,Ростовская область,11029,control,DEVICE_ALL,association,10,эксфолиант что это такое,9,17
2026-09-15,овсянников косметика,Ростовская область,11029,control,DEVICE_ALL,association,11,машнит косметикс,6,17
2026-09-15,овсянников косметика,Ростовская область,11029,control,DEVICE_ALL,association,12,средства для ухода за лицом,296,17
2026-09-15,овсянников косметика,Ростовская область,11029,control,DEVICE_ALL,association,13,косметические средства,682,17
2026-09-15,овсянников косметика,Ростовская область,11029,control,DEVICE_ALL,association,14,тональное средство,392,17
2026-09-15,овсянников косметика,Ростовская область,11029,control,DEVICE_ALL,association,15,что такое экзосомы в косметологии для лица,1,17
2026-09-15,овсянников косметика,Ростовская область,11029,control,DEVICE_ALL,association,16,косметическая основа,42,17
2026-09-15,овсянников косметика,Ростовская область,11029,control,DEVICE_ALL,association,17,podonail cosmetics,2,17
2026-09-15,овсянников косметика,Тульская область,10832,control,DEVICE_ALL,association,1,kosmetista,2,7
2026-09-15,овсянников косметика,Тульская область,10832,control,DEVICE_ALL,association,2,эксфолиант что это,4,7
2026-09-15,овсянников косметика,Тульская область,10832,control,DEVICE_ALL,association,3,эксфолиант это,6,7
2026-09-15,овсянников косметика,Тульская область,10832,control,DEVICE_ALL,association,4,для чего нужен лосьон для лица,5,7
2026-09-15,овсянников косметика,Тульская область,10832,control,DEVICE_ALL,association,5,косметическое масло,227,7
2026-09-15,овсянников косметика,Тульская область,10832,control,DEVICE_ALL,association,6,что нужно для макияжа лица,24,7
2026-09-15,овсянников косметика,Тульская область,10832,control,DEVICE_ALL,association,7,эксфолиант что это такое,2,7
2026-09-15,овсянников косметика,Тульская область,10832,control,DEVICE_ALL,association,8,средства для ухода за лицом,122,7
2026-09-15,овсянников косметика,Тульская область,10832,control,DEVICE_ALL,association,9,косметические средства,254,7
2026-09-15,овсянников косметика,Тульская область,10832,control,DEVICE_ALL,association,10,тональное средство,107,7
2026-09-15,овсянников косметика,Тульская область,10832,control,DEVICE_ALL,association,11,что такое лосьон для лица,2,7
2026-09-15,овсянников косметика,Тульская область,10832,control,DEVICE_ALL,association,12,косметическая основа,4,7
2026-09-15,овсянников косметика,Тюменская область,11176,campaign,DEVICE_ALL,nested,1,овсянников косметика,17,17
2026-09-15,овсянников косметика,Тюменская область,11176,campaign,DEVICE_ALL,nested,2,овсянников косметика официальный,1,17
2026-09-15,овсянников косметика,Тюменская область,11176,campaign,DEVICE_ALL,nested,3,овсянников косметика официальный сайт,1,17
2026-09-15,овсянников косметика,Тюменская область,11176,campaign,DEVICE_ALL,nested,4,овсянников косметика отзывы,1,17
2026-09-15,овсянников косметика,Волгоградская область,10950,campaign,DEVICE_ALL,nested,1,овсянников косметика,54,54
2026-09-15,овсянников косметика,Волгоградская область,10950,campaign,DEVICE_ALL,nested,2,овсянников косметика официальный,12,54
2026-09-15,овсянников косметика,Волгоградская область,10950,campaign,DEVICE_ALL,nested,3,овсянников косметика официальный сайт,12,54
2026-09-15,овсянников косметика,Волгоградская область,10950,campaign,DEVICE_ALL,nested,4,овсянников косметика где производят,4,54
2026-09-15,овсянников косметика,Волгоградская область,10950,campaign,DEVICE_ALL,nested,5,овсянников косметика и парфюмерия,2,54
2026-09-15,овсянников косметика,Волгоградская область,10950,campaign,DEVICE_ALL,nested,6,овсянников косметика бесплатно,2,54
2026-09-15,овсянников косметика,Воронежская область,10672,campaign,DEVICE_ALL,nested,1,овсянников косметика,93,93
2026-09-15,овсянников косметика,Воронежская область,10672,campaign,DEVICE_ALL,nested,2,овсянников косметика и парфюмерия,21,93
2026-09-15,овсянников косметика,Воронежская область,10672,campaign,DEVICE_ALL,nested,3,российская косметика овсянников,16,93
2026-09-15,овсянников косметика,Воронежская область,10672,campaign,DEVICE_ALL,nested,4,овсянников косметика официальный,12,93
2026-09-15,овсянников косметика,Воронежская область,10672,campaign,DEVICE_ALL,nested,5,овсянников косметика официальный сайт,7,93
2026-09-15,овсянников косметика,Воронежская область,10672,campaign,DEVICE_ALL,nested,6,косметика для бизнеса овсянников,4,93
2026-09-15,овсянников косметика,Воронежская область,10672,campaign,DEVICE_ALL,nested,7,овсянников косметика бесплатно,3,93
2026-09-15,овсянников косметика,Воронежская область,10672,campaign,DEVICE_ALL,nested,8,овсянников бренд косметики,2,93
2026-09-15,овсянников косметика,Воронежская область,10672,campaign,DEVICE_ALL,nested,9,овсянников косметика и парфюмерия официальный,2,93
2026-09-15,овсянников косметика,Воронежская область,10672,campaign,DEVICE_ALL,nested,10,овсянников косметика и парфюмерия официальный сайт,2,93
2026-09-15,овсянников косметика,Республика Мордовия,11117,campaign,DEVICE_ALL,nested,1,овсянников косметика,7,7
2026-09-15,овсянников косметика,Республика Мордовия,11117,campaign,DEVICE_ALL,nested,2,овсянников косметика официальный,1,7
2026-09-15,овсянников косметика,Республика Мордовия,11117,campaign,DEVICE_ALL,nested,3,овсянников косметика официальный сайт,1,7
2026-09-15,овсянников косметика,Орловская область,10772,campaign,DEVICE_ALL,nested,1,овсянников косметика,3,3
2026-09-15,овсянников косметика,Рязанская область,10776,campaign,DEVICE_ALL,nested,1,овсянников косметика,23,23
2026-09-15,овсянников косметика,Рязанская область,10776,campaign,DEVICE_ALL,nested,2,овсянников косметика и парфюмерия,4,23
2026-09-15,овсянников косметика,Рязанская область,10776,campaign,DEVICE_ALL,nested,3,овсянников бренд косметики,2,23
2026-09-15,овсянников косметика,Ярославская область,10841,campaign,DEVICE_ALL,nested,1,овсянников косметика,87,87
2026-09-15,овсянников косметика,Ярославская область,10841,campaign,DEVICE_ALL,nested,2,овсянников косметика официальный,14,87
2026-09-15,овсянников косметика,Ярославская область,10841,campaign,DEVICE_ALL,nested,3,овсянников косметика официальный сайт,14,87
2026-09-15,овсянников косметика,Ярославская область,10841,campaign,DEVICE_ALL,nested,4,овсянников косметика и парфюмерия,11,87
2026-09-15,овсянников косметика,Ярославская область,10841,campaign,DEVICE_ALL,nested,5,овсянников косметика бесплатно,5,87
2026-09-15,овсянников косметика,Ярославская область,10841,campaign,DEVICE_ALL,nested,6,овсянников косметика и парфюмерия официальный,3,87
2026-09-15,овсянников косметика,Ярославская область,10841,campaign,DEVICE_ALL,nested,7,овсянников косметика и парфюмерия официальный сайт,3,87
2026-09-15,овсянников косметика,Ярославская область,10841,campaign,DEVICE_ALL,nested,8,российская косметика овсянников,3,87
2026-09-15,овсянников косметика,Ярославская область,10841,campaign,DEVICE_ALL,nested,9,косметика для бизнеса овсянников,2,87
2026-09-15,овсянников косметика,Ярославская область,10841,campaign,DEVICE_ALL,nested,10,овсянников бренд косметики,2,87
2026-09-15,овсянников косметика,Костромская область,10699,campaign,DEVICE_ALL,nested,1,овсянников косметика,32,32
2026-09-15,овсянников косметика,Костромская область,10699,campaign,DEVICE_ALL,nested,2,овсянников косметика официальный,5,32
2026-09-15,овсянников косметика,Костромская область,10699,campaign,DEVICE_ALL,nested,3,овсянников косметика официальный сайт,5,32
2026-09-15,овсянников косметика,Костромская область,10699,campaign,DEVICE_ALL,nested,4,овсянников косметика отзывы,4,32
2026-09-15,овсянников косметика,Костромская область,10699,campaign,DEVICE_ALL,nested,5,овсянников косметика и парфюмерия,2,32
2026-09-15,овсянников косметика,Костромская область,10699,campaign,DEVICE_ALL,nested,6,овсянников косметика и парфюмерия официальный,2,32
2026-09-15,овсянников косметика,Костромская область,10699,campaign,DEVICE_ALL,nested,7,овсянников косметика и парфюмерия официальный сайт,2,32
2026-09-15,овсянников косметика,Костромская область,10699,campaign,DEVICE_ALL,nested,8,косметика для бизнеса овсянников,1,32
2026-09-15,овсянников косметика,Костромская область,10699,campaign,DEVICE_ALL,nested,9,российская косметика овсянников,1,32
2026-09-15,овсянников косметика,Костромская область,10699,campaign,DEVICE_ALL,nested,10,овсянников бренд косметики,1,32
2026-09-15,овсянников косметика,Липецкая область,10712,campaign,DEVICE_ALL,nested,1,овсянников косметика,5,5
2026-09-15,овсянников косметика,Липецкая область,10712,campaign,DEVICE_ALL,nested,2,овсянников косметика где производят,1,5
2026-09-15,овсянников косметика,Республика Башкортостан,11111,campaign,DEVICE_ALL,nested,1,овсянников косметика,7,7
2026-09-15,овсянников косметика,Республика Башкортостан,11111,campaign,DEVICE_ALL,nested,2,овсянников косметика бесплатно,4,7
2026-09-15,овсянников косметика,Республика Башкортостан,11111,campaign,DEVICE_ALL,nested,3,овсянников косметика официальный,1,7
2026-09-15,овсянников косметика,Республика Башкортостан,11111,campaign,DEVICE_ALL,nested,4,овсянников косметика официальный сайт,1,7
2026-09-15,овсянников косметика,Новосибирская область,11316,campaign,DEVICE_ALL,nested,1,овсянников косметика,53,53
2026-09-15,овсянников косметика,Новосибирская область,11316,campaign,DEVICE_ALL,nested,2,овсянников косметика бесплатно,8,53
2026-09-15,овсянников косметика,Новосибирская область,11316,campaign,DEVICE_ALL,nested,3,овсянников косметика официальный,6,53
2026-09-15,овсянников косметика,Новосибирская область,11316,campaign,DEVICE_ALL,nested,4,овсянников косметика официальный сайт,5,53
2026-09-15,овсянников косметика,Новосибирская область,11316,campaign,DEVICE_ALL,nested,5,овсянников косметика и парфюмерия,5,53
2026-09-15,овсянников косметика,Саратовская область,11146,campaign,DEVICE_ALL,nested,1,овсянников косметика,45,45
2026-09-15,овсянников косметика,Саратовская область,11146,campaign,DEVICE_ALL,nested,2,овсянников косметика официальный,6,45
2026-09-15,овсянников косметика,Саратовская область,11146,campaign,DEVICE_ALL,nested,3,овсянников косметика официальный сайт,6,45
2026-09-15,овсянников косметика,Саратовская область,11146,campaign,DEVICE_ALL,nested,4,овсянников косметика и парфюмерия,2,45
2026-09-15,овсянников косметика,Саратовская область,11146,campaign,DEVICE_ALL,nested,5,овсянников косметика и парфюмерия официальный,2,45
2026-09-15,овсянников косметика,Саратовская область,11146,campaign,DEVICE_ALL,nested,6,овсянников косметика и парфюмерия официальный сайт,2,45
2026-09-15,овсянников косметика,Саратовская область,11146,campaign,DEVICE_ALL,nested,7,овсянников косметика бесплатно,1,45
2026-09-15,овсянников косметика,Томская область,11353,campaign,DEVICE_ALL,nested,1,овсянников косметика,13,13
2026-09-15,овсянников косметика,Томская область,11353,campaign,DEVICE_ALL,nested,2,овсянников косметика официальный,1,13
2026-09-15,овсянников косметика,Томская область,11353,campaign,DEVICE_ALL,nested,3,овсянников косметика официальный сайт,1,13
2026-09-15,овсянников косметика,Вологодская область,10853,campaign,DEVICE_ALL,nested,1,овсянников косметика,9,9
2026-09-15,овсянников косметика,Вологодская область,10853,campaign,DEVICE_ALL,nested,2,овсянников косметика официальный,2,9
2026-09-15,овсянников косметика,Вологодская область,10853,campaign,DEVICE_ALL,nested,3,овсянников косметика официальный сайт,2,9
2026-09-15,овсянников косметика,Алтайский край,11235,campaign,DEVICE_ALL,nested,1,овсянников косметика,6,6
2026-09-15,овсянников косметика,Ивановская область,10687,campaign,DEVICE_ALL,nested,1,овсянников косметика,14,14
2026-09-15,овсянников косметика,Ивановская область,10687,campaign,DEVICE_ALL,nested,2,овсянников косметика и парфюмерия,1,14
2026-09-15,овсянников косметика,Астраханская область,10946,control,DEVICE_ALL,nested,1,овсянников косметика,2,2
2026-09-15,овсянников косметика,Кировская область,11070,control,DEVICE_ALL,nested,1,овсянников косметика,2,2
2026-09-15,овсянников косметика,Кировская область,11070,control,DEVICE_ALL,nested,2,овсянников парфюмированная косметика,2,2
2026-09-15,овсянников косметика,Пензенская область,11095,control,DEVICE_ALL,nested,1,овсянников косметика,6,6
2026-09-15,овсянников косметика,Ростовская область,11029,control,DEVICE_ALL,nested,1,овсянников косметика,17,17
2026-09-15,овсянников косметика,Ростовская область,11029,control,DEVICE_ALL,nested,2,овсянников парфюмированная косметика,1,17
2026-09-15,овсянников косметика,Тульская область,10832,control,DEVICE_ALL,nested,1,овсянников косметика,7,7
2026-09-15,овсянников косметика,Тульская область,10832,control,DEVICE_ALL,nested,2,империя косметики овсянников,1,7
2026-09-15,овсянников косметика,Тульская область,10832,control,DEVICE_ALL,nested,3,овсянников косметика официальный,1,7
2026-09-15,овсянников косметика,Тульская область,10832,control,DEVICE_ALL,nested,4,овсянников косметика официальный сайт,1,7
2026-09-15,овсянников крем,Тюменская область,11176,campaign,DEVICE_ALL,association,1,мазь вишневского для чего применяется,98,2
2026-09-15,овсянников крем,Тюменская область,11176,campaign,DEVICE_ALL,association,2,пимафукорт мазь для чего применяется,8,2
2026-09-15,овсянников крем,Тюменская область,11176,campaign,DEVICE_ALL,association,3,клотримазол мазь для чего применяется мужчинам,10,2
2026-09-15,овсянников крем,Тюменская область,11176,campaign,DEVICE_ALL,association,4,бетаметазон мазь для чего применяется,21,2
2026-09-15,овсянников крем,Тюменская область,11176,campaign,DEVICE_ALL,association,5,мазь арника для чего применяется,28,2
2026-09-15,овсянников крем,Тюменская область,11176,campaign,DEVICE_ALL,association,6,мометазон мазь для чего применяется,27,2
2026-09-15,овсянников крем,Тюменская область,11176,campaign,DEVICE_ALL,association,7,бодяга мазь от чего она помогает,4,2
2026-09-15,овсянников крем,Тюменская область,11176,campaign,DEVICE_ALL,association,8,момейд мазь для чего назначают,1,2
2026-09-15,овсянников крем,Тюменская область,11176,campaign,DEVICE_ALL,association,9,мазь звездочка для чего предназначена,3,2
2026-09-15,овсянников крем,Тюменская область,11176,campaign,DEVICE_ALL,association,10,бепантен мазь для чего применяется,7,2
2026-09-15,овсянников крем,Тюменская область,11176,campaign,DEVICE_ALL,association,11,гевкамен мазь от чего она помогает,15,2
2026-09-15,овсянников крем,Тюменская область,11176,campaign,DEVICE_ALL,association,12,мазь спасатель для чего применяется,6,2
2026-09-15,овсянников крем,Тюменская область,11176,campaign,DEVICE_ALL,association,13,мазь ортофен для чего предназначена,16,2
2026-09-15,овсянников крем,Волгоградская область,10950,campaign,DEVICE_ALL,association,1,мазь вишневского для чего применяется,193,9
2026-09-15,овсянников крем,Волгоградская область,10950,campaign,DEVICE_ALL,association,2,пимафукорт мазь для чего применяется,49,9
2026-09-15,овсянников крем,Волгоградская область,10950,campaign,DEVICE_ALL,association,3,клотримазол мазь для чего применяется мужчинам,20,9
2026-09-15,овсянников крем,Волгоградская область,10950,campaign,DEVICE_ALL,association,4,бетаметазон мазь для чего применяется,47,9
2026-09-15,овсянников крем,Волгоградская область,10950,campaign,DEVICE_ALL,association,5,мазь арника для чего применяется,43,9
2026-09-15,овсянников крем,Волгоградская область,10950,campaign,DEVICE_ALL,association,6,мометазон мазь для чего применяется,35,9
2026-09-15,овсянников крем,Волгоградская область,10950,campaign,DEVICE_ALL,association,7,бодяга мазь от чего она помогает,6,9
2026-09-15,овсянников крем,Волгоградская область,10950,campaign,DEVICE_ALL,association,8,момейд мазь для чего назначают,16,9
2026-09-15,овсянников крем,Волгоградская область,10950,campaign,DEVICE_ALL,association,9,мазь звездочка для чего предназначена,14,9
2026-09-15,овсянников крем,Волгоградская область,10950,campaign,DEVICE_ALL,association,10,бепантен мазь для чего применяется,42,9
2026-09-15,овсянников крем,Волгоградская область,10950,campaign,DEVICE_ALL,association,11,гевкамен мазь от чего она помогает,43,9
2026-09-15,овсянников крем,Волгоградская область,10950,campaign,DEVICE_ALL,association,12,мазь спасатель для чего применяется,10,9
2026-09-15,овсянников крем,Волгоградская область,10950,campaign,DEVICE_ALL,association,13,мазь ортофен для чего предназначена,6,9
2026-09-15,овсянников крем,Воронежская область,10672,campaign,DEVICE_ALL,association,1,мазь вишневского для чего применяется,172,4
2026-09-15,овсянников крем,Воронежская область,10672,campaign,DEVICE_ALL,association,2,пимафукорт мазь для чего применяется,38,4
2026-09-15,овсянников крем,Воронежская область,10672,campaign,DEVICE_ALL,association,3,клотримазол мазь для чего применяется мужчинам,42,4
2026-09-15,овсянников крем,Воронежская область,10672,campaign,DEVICE_ALL,association,4,бетаметазон мазь для чего применяется,32,4
2026-09-15,овсянников крем,Воронежская область,10672,campaign,DEVICE_ALL,association,5,мазь арника для чего применяется,62,4
2026-09-15,овсянников крем,Воронежская область,10672,campaign,DEVICE_ALL,association,6,мометазон мазь для чего применяется,38,4
2026-09-15,овсянников крем,Воронежская область,10672,campaign,DEVICE_ALL,association,7,бодяга мазь от чего она помогает,17,4
2026-09-15,овсянников крем,Воронежская область,10672,campaign,DEVICE_ALL,association,8,момейд мазь для чего назначают,2,4
2026-09-15,овсянников крем,Воронежская область,10672,campaign,DEVICE_ALL,association,9,мазь звездочка для чего предназначена,5,4
2026-09-15,овсянников крем,Воронежская область,10672,campaign,DEVICE_ALL,association,10,бепантен мазь для чего применяется,70,4
2026-09-15,овсянников крем,Воронежская область,10672,campaign,DEVICE_ALL,association,11,гевкамен мазь от чего она помогает,53,4
2026-09-15,овсянников крем,Воронежская область,10672,campaign,DEVICE_ALL,association,12,мазь спасатель для чего применяется,26,4
2026-09-15,овсянников крем,Воронежская область,10672,campaign,DEVICE_ALL,association,13,мазь ортофен для чего предназначена,5,4
2026-09-15,овсянников крем,Рязанская область,10776,campaign,DEVICE_ALL,association,1,мазь вишневского для чего применяется,50,8
2026-09-15,овсянников крем,Рязанская область,10776,campaign,DEVICE_ALL,association,2,пимафукорт мазь для чего применяется,30,8
2026-09-15,овсянников крем,Рязанская область,10776,campaign,DEVICE_ALL,association,3,клотримазол мазь для чего применяется мужчинам,18,8
2026-09-15,овсянников крем,Рязанская область,10776,campaign,DEVICE_ALL,association,4,бетаметазон мазь для чего применяется,25,8
2026-09-15,овсянников крем,Рязанская область,10776,campaign,DEVICE_ALL,association,5,мазь арника для чего применяется,54,8
2026-09-15,овсянников крем,Рязанская область,10776,campaign,DEVICE_ALL,association,6,мометазон мазь для чего применяется,9,8
2026-09-15,овсянников крем,Рязанская область,10776,campaign,DEVICE_ALL,association,7,бодяга мазь от чего она помогает,3,8
2026-09-15,овсянников крем,Рязанская область,10776,campaign,DEVICE_ALL,association,8,момейд мазь для чего назначают,10,8
2026-09-15,овсянников крем,Рязанская область,10776,campaign,DEVICE_ALL,association,9,мазь звездочка для чего предназначена,4,8
2026-09-15,овсянников крем,Рязанская область,10776,campaign,DEVICE_ALL,association,10,бепантен мазь для чего применяется,25,8
2026-09-15,овсянников крем,Рязанская область,10776,campaign,DEVICE_ALL,association,11,гевкамен мазь от чего она помогает,31,8
2026-09-15,овсянников крем,Рязанская область,10776,campaign,DEVICE_ALL,association,12,мазь спасатель для чего применяется,3,8
2026-09-15,овсянников крем,Рязанская область,10776,campaign,DEVICE_ALL,association,13,мазь ортофен для чего предназначена,11,8
2026-09-15,овсянников крем,Ярославская область,10841,campaign,DEVICE_ALL,association,1,мазь вишневского для чего применяется,74,39
2026-09-15,овсянников крем,Ярославская область,10841,campaign,DEVICE_ALL,association,2,пимафукорт мазь для чего применяется,35,39
2026-09-15,овсянников крем,Ярославская область,10841,campaign,DEVICE_ALL,association,3,клотримазол мазь для чего применяется мужчинам,22,39
2026-09-15,овсянников крем,Ярославская область,10841,campaign,DEVICE_ALL,association,4,бетаметазон мазь для чего применяется,16,39
2026-09-15,овсянников крем,Ярославская область,10841,campaign,DEVICE_ALL,association,5,мазь арника для чего применяется,13,39
2026-09-15,овсянников крем,Ярославская область,10841,campaign,DEVICE_ALL,association,6,мометазон мазь для чего применяется,8,39
2026-09-15,овсянников крем,Ярославская область,10841,campaign,DEVICE_ALL,association,7,бодяга мазь от чего она помогает,16,39
2026-09-15,овсянников крем,Ярославская область,10841,campaign,DEVICE_ALL,association,8,момейд мазь для чего назначают,5,39
2026-09-15,овсянников крем,Ярославская область,10841,campaign,DEVICE_ALL,association,9,мазь звездочка для чего предназначена,7,39
2026-09-15,овсянников крем,Ярославская область,10841,campaign,DEVICE_ALL,association,10,бепантен мазь для чего применяется,52,39
2026-09-15,овсянников крем,Ярославская область,10841,campaign,DEVICE_ALL,association,11,гевкамен мазь от чего она помогает,11,39
2026-09-15,овсянников крем,Ярославская область,10841,campaign,DEVICE_ALL,association,12,мазь спасатель для чего применяется,5,39
2026-09-15,овсянников крем,Ярославская область,10841,campaign,DEVICE_ALL,association,13,мазь ортофен для чего предназначена,22,39
2026-09-15,овсянников крем,Липецкая область,10712,campaign,DEVICE_ALL,association,1,мазь вишневского для чего применяется,69,4
2026-09-15,овсянников крем,Липецкая область,10712,campaign,DEVICE_ALL,association,2,пимафукорт мазь для чего применяется,23,4
2026-09-15,овсянников крем,Липецкая область,10712,campaign,DEVICE_ALL,association,3,клотримазол мазь для чего применяется мужчинам,25,4
2026-09-15,овсянников крем,Липецкая область,10712,campaign,DEVICE_ALL,association,4,бетаметазон мазь для чего применяется,24,4
2026-09-15,овсянников крем,Липецкая область,10712,campaign,DEVICE_ALL,association,5,мазь арника для чего применяется,35,4
2026-09-15,овсянников крем,Липецкая область,10712,campaign,DEVICE_ALL,association,6,мометазон мазь для чего применяется,32,4
2026-09-15,овсянников крем,Липецкая область,10712,campaign,DEVICE_ALL,association,7,бодяга мазь от чего она помогает,4,4
2026-09-15,овсянников крем,Липецкая область,10712,campaign,DEVICE_ALL,association,8,момейд мазь для чего назначают,5,4
2026-09-15,овсянников крем,Липецкая область,10712,campaign,DEVICE_ALL,association,9,мазь звездочка для чего предназначена,4,4
2026-09-15,овсянников крем,Липецкая область,10712,campaign,DEVICE_ALL,association,10,бепантен мазь для чего применяется,15,4
2026-09-15,овсянников крем,Липецкая область,10712,campaign,DEVICE_ALL,association,11,гевкамен мазь от чего она помогает,25,4
2026-09-15,овсянников крем,Липецкая область,10712,campaign,DEVICE_ALL,association,12,мазь спасатель для чего применяется,17,4
2026-09-15,овсянников крем,Липецкая область,10712,campaign,DEVICE_ALL,association,13,мазь ортофен для чего предназначена,5,4
2026-09-15,овсянников крем,Республика Башкортостан,11111,campaign,DEVICE_ALL,association,1,мазь вишневского для чего применяется,210,6
2026-09-15,овсянников крем,Республика Башкортостан,11111,campaign,DEVICE_ALL,association,2,пимафукорт мазь для чего применяется,75,6
2026-09-15,овсянников крем,Республика Башкортостан,11111,campaign,DEVICE_ALL,association,3,клотримазол мазь для чего применяется мужчинам,30,6
2026-09-15,овсянников крем,Республика Башкортостан,11111,campaign,DEVICE_ALL,association,4,бетаметазон мазь для чего применяется,60,6
2026-09-15,овсянников крем,Республика Башкортостан,11111,campaign,DEVICE_ALL,association,5,мазь арника для чего применяется,45,6
2026-09-15,овсянников крем,Республика Башкортостан,11111,campaign,DEVICE_ALL,association,6,мометазон мазь для чего применяется,56,6
2026-09-15,овсянников крем,Республика Башкортостан,11111,campaign,DEVICE_ALL,association,7,бодяга мазь от чего она помогает,12,6
2026-09-15,овсянников крем,Республика Башкортостан,11111,campaign,DEVICE_ALL,association,8,момейд мазь для чего назначают,8,6
2026-09-15,овсянников крем,Республика Башкортостан,11111,campaign,DEVICE_ALL,association,9,мазь звездочка для чего предназначена,13,6
2026-09-15,овсянников крем,Республика Башкортостан,11111,campaign,DEVICE_ALL,association,10,бепантен мазь для чего применяется,58,6
2026-09-15,овсянников крем,Республика Башкортостан,11111,campaign,DEVICE_ALL,association,11,гевкамен мазь от чего она помогает,104,6
2026-09-15,овсянников крем,Республика Башкортостан,11111,campaign,DEVICE_ALL,association,12,мазь спасатель для чего применяется,22,6
2026-09-15,овсянников крем,Республика Башкортостан,11111,campaign,DEVICE_ALL,association,13,мазь ортофен для чего предназначена,5,6
2026-09-15,овсянников крем,Саратовская область,11146,campaign,DEVICE_ALL,association,1,мазь вишневского для чего применяется,137,15
2026-09-15,овсянников крем,Саратовская область,11146,campaign,DEVICE_ALL,association,2,пимафукорт мазь для чего применяется,29,15
2026-09-15,овсянников крем,Саратовская область,11146,campaign,DEVICE_ALL,association,3,клотримазол мазь для чего применяется мужчинам,26,15
2026-09-15,овсянников крем,Саратовская область,11146,campaign,DEVICE_ALL,association,4,бетаметазон мазь для чего применяется,135,15
2026-09-15,овсянников крем,Саратовская область,11146,campaign,DEVICE_ALL,association,5,мазь арника для чего применяется,56,15
2026-09-15,овсянников крем,Саратовская область,11146,campaign,DEVICE_ALL,association,6,мометазон мазь для чего применяется,28,15
2026-09-15,овсянников крем,Саратовская область,11146,campaign,DEVICE_ALL,association,7,бодяга мазь от чего она помогает,8,15
2026-09-15,овсянников крем,Саратовская область,11146,campaign,DEVICE_ALL,association,8,момейд мазь для чего назначают,5,15
2026-09-15,овсянников крем,Саратовская область,11146,campaign,DEVICE_ALL,association,9,мазь звездочка для чего предназначена,8,15
2026-09-15,овсянников крем,Саратовская область,11146,campaign,DEVICE_ALL,association,10,бепантен мазь для чего применяется,68,15
2026-09-15,овсянников крем,Саратовская область,11146,campaign,DEVICE_ALL,association,11,гевкамен мазь от чего она помогает,80,15
2026-09-15,овсянников крем,Саратовская область,11146,campaign,DEVICE_ALL,association,12,мазь спасатель для чего применяется,11,15
2026-09-15,овсянников крем,Саратовская область,11146,campaign,DEVICE_ALL,association,13,мазь ортофен для чего предназначена,8,15
2026-09-15,овсянников крем,Ивановская область,10687,campaign,DEVICE_ALL,association,1,мазь вишневского для чего применяется,32,5
2026-09-15,овсянников крем,Ивановская область,10687,campaign,DEVICE_ALL,association,2,пимафукорт мазь для чего применяется,25,5
2026-09-15,овсянников крем,Ивановская область,10687,campaign,DEVICE_ALL,association,3,клотримазол мазь для чего применяется мужчинам,20,5
2026-09-15,овсянников крем,Ивановская область,10687,campaign,DEVICE_ALL,association,4,бетаметазон мазь для чего применяется,4,5
2026-09-15,овсянников крем,Ивановская область,10687,campaign,DEVICE_ALL,association,5,мазь арника для чего применяется,19,5
2026-09-15,овсянников крем,Ивановская область,10687,campaign,DEVICE_ALL,association,6,мометазон мазь для чего применяется,4,5
2026-09-15,овсянников крем,Ивановская область,10687,campaign,DEVICE_ALL,association,7,момейд мазь для чего назначают,2,5
2026-09-15,овсянников крем,Ивановская область,10687,campaign,DEVICE_ALL,association,8,мазь звездочка для чего предназначена,19,5
2026-09-15,овсянников крем,Ивановская область,10687,campaign,DEVICE_ALL,association,9,бепантен мазь для чего применяется,20,5
2026-09-15,овсянников крем,Ивановская область,10687,campaign,DEVICE_ALL,association,10,гевкамен мазь от чего она помогает,17,5
2026-09-15,овсянников крем,Ивановская область,10687,campaign,DEVICE_ALL,association,11,мазь спасатель для чего применяется,10,5
2026-09-15,овсянников крем,Ивановская область,10687,campaign,DEVICE_ALL,association,12,мазь ортофен для чего предназначена,2,5
2026-09-15,овсянников крем,Омская область,11318,campaign,DEVICE_ALL,association,1,мазь вишневского для чего применяется,127,4
2026-09-15,овсянников крем,Омская область,11318,campaign,DEVICE_ALL,association,2,пимафукорт мазь для чего применяется,26,4
2026-09-15,овсянников крем,Омская область,11318,campaign,DEVICE_ALL,association,3,клотримазол мазь для чего применяется мужчинам,27,4
2026-09-15,овсянников крем,Омская область,11318,campaign,DEVICE_ALL,association,4,бетаметазон мазь для чего применяется,27,4
2026-09-15,овсянников крем,Омская область,11318,campaign,DEVICE_ALL,association,5,мазь арника для чего применяется,34,4
2026-09-15,овсянников крем,Омская область,11318,campaign,DEVICE_ALL,association,6,мометазон мазь для чего применяется,27,4
2026-09-15,овсянников крем,Омская область,11318,campaign,DEVICE_ALL,association,7,бодяга мазь от чего она помогает,7,4
2026-09-15,овсянников крем,Омская область,11318,campaign,DEVICE_ALL,association,8,момейд мазь для чего назначают,32,4
2026-09-15,овсянников крем,Омская область,11318,campaign,DEVICE_ALL,association,9,мазь звездочка для чего предназначена,8,4
2026-09-15,овсянников крем,Омская область,11318,campaign,DEVICE_ALL,association,10,бепантен мазь для чего применяется,18,4
2026-09-15,овсянников крем,Омская область,11318,campaign,DEVICE_ALL,association,11,гевкамен мазь от чего она помогает,16,4
2026-09-15,овсянников крем,Омская область,11318,campaign,DEVICE_ALL,association,12,мазь спасатель для чего применяется,16,4
2026-09-15,овсянников крем,Омская область,11318,campaign,DEVICE_ALL,association,13,мазь ортофен для чего предназначена,2,4
2026-09-15,овсянников крем,Кемеровская область,11282,control,DEVICE_ALL,association,1,мазь вишневского для чего применяется,125,2
2026-09-15,овсянников крем,Кемеровская область,11282,control,DEVICE_ALL,association,2,пимафукорт мазь для чего применяется,47,2
2026-09-15,овсянников крем,Кемеровская область,11282,control,DEVICE_ALL,association,3,клотримазол мазь для чего применяется мужчинам,25,2
2026-09-15,овсянников крем,Кемеровская область,11282,control,DEVICE_ALL,association,4,бетаметазон мазь для чего применяется,48,2
2026-09-15,овсянников крем,Кемеровская область,11282,control,DEVICE_ALL,association,5,мазь арника для чего применяется,31,2
2026-09-15,овсянников крем,Кемеровская область,11282,control,DEVICE_ALL,association,6,мометазон мазь для чего применяется,62,2
2026-09-15,овсянников крем,Кемеровская область,11282,control,DEVICE_ALL,association,7,момейд мазь для чего назначают,9,2
2026-09-15,овсянников крем,Кемеровская область,11282,control,DEVICE_ALL,association,8,мазь звездочка для чего предназначена,12,2
2026-09-15,овсянников крем,Кемеровская область,11282,control,DEVICE_ALL,association,9,бепантен мазь для чего применяется,30,2
2026-09-15,овсянников крем,Кемеровская область,11282,control,DEVICE_ALL,association,10,гевкамен мазь от чего она помогает,41,2
2026-09-15,овсянников крем,Кемеровская область,11282,control,DEVICE_ALL,association,11,мазь спасатель для чего применяется,36,2
2026-09-15,овсянников крем,Кемеровская область,11282,control,DEVICE_ALL,association,12,мазь ортофен для чего предназначена,21,2
2026-09-15,овсянников крем,Кировская область,11070,control,DEVICE_ALL,association,1,мазь вишневского для чего применяется,54,4
2026-09-15,овсянников крем,Кировская область,11070,control,DEVICE_ALL,association,2,пимафукорт мазь для чего применяется,15,4
2026-09-15,овсянников крем,Кировская область,11070,control,DEVICE_ALL,association,3,клотримазол мазь для чего применяется мужчинам,26,4
2026-09-15,овсянников крем,Кировская область,11070,control,DEVICE_ALL,association,4,бетаметазон мазь для чего применяется,12,4
2026-09-15,овсянников крем,Кировская область,11070,control,DEVICE_ALL,association,5,мазь арника для чего применяется,5,4
2026-09-15,овсянников крем,Кировская область,11070,control,DEVICE_ALL,association,6,мометазон мазь для чего применяется,9,4
2026-09-15,овсянников крем,Кировская область,11070,control,DEVICE_ALL,association,7,бодяга мазь от чего она помогает,2,4
2026-09-15,овсянников крем,Кировская область,11070,control,DEVICE_ALL,association,8,момейд мазь для чего назначают,4,4
2026-09-15,овсянников крем,Кировская область,11070,control,DEVICE_ALL,association,9,мазь звездочка для чего предназначена,5,4
2026-09-15,овсянников крем,Кировская область,11070,control,DEVICE_ALL,association,10,бепантен мазь для чего применяется,21,4
2026-09-15,овсянников крем,Кировская область,11070,control,DEVICE_ALL,association,11,гевкамен мазь от чего она помогает,8,4
2026-09-15,овсянников крем,Кировская область,11070,control,DEVICE_ALL,association,12,мазь спасатель для чего применяется,11,4
2026-09-15,овсянников крем,Кировская область,11070,control,DEVICE_ALL,association,13,мазь ортофен для чего предназначена,1,4
2026-09-15,овсянников крем,Ростовская область,11029,control,DEVICE_ALL,association,1,мазь вишневского для чего применяется,313,16
2026-09-15,овсянников крем,Ростовская область,11029,control,DEVICE_ALL,association,2,пимафукорт мазь для чего применяется,103,16
2026-09-15,овсянников крем,Ростовская область,11029,control,DEVICE_ALL,association,3,клотримазол мазь для чего применяется мужчинам,101,16
2026-09-15,овсянников крем,Ростовская область,11029,control,DEVICE_ALL,association,4,бетаметазон мазь для чего применяется,49,16
2026-09-15,овсянников крем,Ростовская область,11029,control,DEVICE_ALL,association,5,мазь арника для чего применяется,109,16
2026-09-15,овсянников крем,Ростовская область,11029,control,DEVICE_ALL,association,6,мометазон мазь для чего применяется,31,16
2026-09-15,овсянников крем,Ростовская область,11029,control,DEVICE_ALL,association,7,бодяга мазь от чего она помогает,13,16
2026-09-15,овсянников крем,Ростовская область,11029,control,DEVICE_ALL,association,8,момейд мазь для чего назначают,37,16
2026-09-15,овсянников крем,Ростовская область,11029,control,DEVICE_ALL,association,9,мазь звездочка для чего предназначена,8,16
2026-09-15,овсянников крем,Ростовская область,11029,control,DEVICE_ALL,association,10,бепантен мазь для чего применяется,119,16
2026-09-15,овсянников крем,Ростовская область,11029,control,DEVICE_ALL,association,11,гевкамен мазь от чего она помогает,76,16
2026-09-15,овсянников крем,Ростовская область,11029,control,DEVICE_ALL,association,12,мазь спасатель для чего применяется,29,16
2026-09-15,овсянников крем,Ростовская область,11029,control,DEVICE_ALL,association,13,мазь ортофен для чего предназначена,31,16
2026-09-15,овсянников крем,Тульская область,10832,control,DEVICE_ALL,association,1,мазь вишневского для чего применяется,71,3
2026-09-15,овсянников крем,Тульская область,10832,control,DEVICE_ALL,association,2,пимафукорт мазь для чего применяется,23,3
2026-09-15,овсянников крем,Тульская область,10832,control,DEVICE_ALL,association,3,клотримазол мазь для чего применяется мужчинам,15,3
2026-09-15,овсянников крем,Тульская область,10832,control,DEVICE_ALL,association,4,бетаметазон мазь для чего применяется,12,3
2026-09-15,овсянников крем,Тульская область,10832,control,DEVICE_ALL,association,5,мазь арника для чего применяется,20,3
2026-09-15,овсянников крем,Тульская область,10832,control,DEVICE_ALL,association,6,мометазон мазь для чего применяется,11,3
2026-09-15,овсянников крем,Тульская область,10832,control,DEVICE_ALL,association,7,бодяга мазь от чего она помогает,7,3
2026-09-15,овсянников крем,Тульская область,10832,control,DEVICE_ALL,association,8,момейд мазь для чего назначают,11,3
2026-09-15,овсянников крем,Тульская область,10832,control,DEVICE_ALL,association,9,мазь звездочка для чего предназначена,6,3
2026-09-15,овсянников крем,Тульская область,10832,control,DEVICE_ALL,association,10,бепантен мазь для чего применяется,31,3
2026-09-15,овсянников крем,Тульская область,10832,control,DEVICE_ALL,association,11,гевкамен мазь от чего она помогает,24,3
2026-09-15,овсянников крем,Тульская область,10832,control,DEVICE_ALL,association,12,мазь спасатель для чего применяется,26,3
2026-09-15,овсянников крем,Тульская область,10832,control,DEVICE_ALL,association,13,мазь ортофен для чего предназначена,7,3
2026-09-15,овсянников крем,Тюменская область,11176,campaign,DEVICE_ALL,nested,1,овсянников крем,2,2
2026-09-15,овсянников крем,Тюменская область,11176,campaign,DEVICE_ALL,nested,2,овсянников крем для рук,2,2
2026-09-15,овсянников крем,Волгоградская область,10950,campaign,DEVICE_ALL,nested,1,овсянников крем,9,9
2026-09-15,овсянников крем,Волгоградская область,10950,campaign,DEVICE_ALL,nested,2,овсянников крем для рук,4,9
2026-09-15,овсянников крем,Воронежская область,10672,campaign,DEVICE_ALL,nested,1,овсянников крем,4,4
2026-09-15,овсянников крем,Воронежская область,10672,campaign,DEVICE_ALL,nested,2,овсянников крем для рук,4,4
2026-09-15,овсянников крем,Рязанская область,10776,campaign,DEVICE_ALL,nested,1,овсянников крем,8,8
2026-09-15,овсянников крем,Рязанская область,10776,campaign,DEVICE_ALL,nested,2,овсянников крем для рук,5,8
2026-09-15,овсянников крем,Рязанская область,10776,campaign,DEVICE_ALL,nested,3,овсянников крем для тела,2,8
2026-09-15,овсянников крем,Рязанская область,10776,campaign,DEVICE_ALL,nested,4,овсянников тайный советник крем,2,8
2026-09-15,овсянников крем,Ярославская область,10841,campaign,DEVICE_ALL,nested,1,овсянников крем,39,39
2026-09-15,овсянников крем,Ярославская область,10841,campaign,DEVICE_ALL,nested,2,овсянников крем для рук,19,39
2026-09-15,овсянников крем,Ярославская область,10841,campaign,DEVICE_ALL,nested,3,крема овсянников ярославль,14,39
2026-09-15,овсянников крем,Ярославская область,10841,campaign,DEVICE_ALL,nested,4,овсянников крем купить,11,39
2026-09-15,овсянников крем,Ярославская область,10841,campaign,DEVICE_ALL,nested,5,овсянников крем для рук купить,8,39
2026-09-15,овсянников крем,Ярославская область,10841,campaign,DEVICE_ALL,nested,6,овсянников крем для рук перец,7,39
2026-09-15,овсянников крем,Ярославская область,10841,campaign,DEVICE_ALL,nested,7,овсянников крем для рук черный перец,7,39
2026-09-15,овсянников крем,Ярославская область,10841,campaign,DEVICE_ALL,nested,8,овсянников крем черный перец,7,39
2026-09-15,овсянников крем,Ярославская область,10841,campaign,DEVICE_ALL,nested,9,мыло и крем овсянников,2,39
2026-09-15,овсянников крем,Липецкая область,10712,campaign,DEVICE_ALL,nested,1,овсянников крем,4,4
2026-09-15,овсянников крем,Липецкая область,10712,campaign,DEVICE_ALL,nested,2,овсянников крем для рук,2,4
2026-09-15,овсянников крем,Республика Башкортостан,11111,campaign,DEVICE_ALL,nested,1,овсянников крем,6,6
2026-09-15,овсянников крем,Республика Башкортостан,11111,campaign,DEVICE_ALL,nested,2,овсянников крем для рук,6,6
2026-09-15,овсянников крем,Саратовская область,11146,campaign,DEVICE_ALL,nested,1,овсянников крем,15,15
2026-09-15,овсянников крем,Саратовская область,11146,campaign,DEVICE_ALL,nested,2,овсянников крем для рук,12,15
2026-09-15,овсянников крем,Саратовская область,11146,campaign,DEVICE_ALL,nested,3,овсянников крем для рук купить,2,15
2026-09-15,овсянников крем,Саратовская область,11146,campaign,DEVICE_ALL,nested,4,овсянников крем купить,2,15
2026-09-15,овсянников крем,Ивановская область,10687,campaign,DEVICE_ALL,nested,1,овсянников крем,5,5
2026-09-15,овсянников крем,Ивановская область,10687,campaign,DEVICE_ALL,nested,2,мыло и крем овсянников,2,5
2026-09-15,овсянников крем,Омская область,11318,campaign,DEVICE_ALL,nested,1,овсянников крем,4,4
2026-09-15,овсянников крем,Омская область,11318,campaign,DEVICE_ALL,nested,2,овсянников крем купить,2,4
2026-09-15,овсянников крем,Кемеровская область,11282,control,DEVICE_ALL,nested,1,овсянников крем,2,2
2026-09-15,овсянников крем,Кемеровская область,11282,control,DEVICE_ALL,nested,2,овсянников крем для рук,2,2
2026-09-15,овсянников крем,Кировская область,11070,control,DEVICE_ALL,nested,1,овсянников крем,4,4
2026-09-15,овсянников крем,Кировская область,11070,control,DEVICE_ALL,nested,2,овсянников крем для рук,4,4
2026-09-15,овсянников крем,Кировская область,11070,control,DEVICE_ALL,nested,3,овсянников крем для рук купить,2,4
2026-09-15,овсянников крем,Кировская область,11070,control,DEVICE_ALL,nested,4,овсянников крем купить,2,4
2026-09-15,овсянников крем,Ростовская область,11029,control,DEVICE_ALL,nested,1,овсянников крем,16,16
2026-09-15,овсянников крем,Ростовская область,11029,control,DEVICE_ALL,nested,2,овсянников крем для рук,8,16
2026-09-15,овсянников крем,Ростовская область,11029,control,DEVICE_ALL,nested,3,овсянников крем для тела,7,16
2026-09-15,овсянников крем,Ростовская область,11029,control,DEVICE_ALL,nested,4,овсянников крем для тела и рук,2,16
2026-09-15,овсянников крем,Тульская область,10832,control,DEVICE_ALL,nested,1,овсянников крем,3,3
2026-09-15,овсянников крем,Тульская область,10832,control,DEVICE_ALL,nested,2,крем для лица овсянников,2,3
2026-09-15,овсянников крем,Тульская область,10832,control,DEVICE_ALL,nested,3,овсянников крем для рук,1,3
2026-09-15,овсянников крем,Тульская область,10832,control,DEVICE_ALL,nested,4,овсянников крем для тела,1,3
2026-09-15,овсянников крем,Тульская область,10832,control,DEVICE_ALL,nested,5,овсянников крем для тела и рук,1,3
2026-09-15,овсянников купить,Тюменская область,11176,campaign,DEVICE_ALL,association,1,приобрести как пишется,91,8
2026-09-15,овсянников купить,Тюменская область,11176,campaign,DEVICE_ALL,association,2,купля продажа,12931,8
2026-09-15,овсянников купить,Тюменская область,11176,campaign,DEVICE_ALL,association,3,изт маркет,11,8
2026-09-15,овсянников купить,Тюменская область,11176,campaign,DEVICE_ALL,association,4,b2b продажи это,23,8
2026-09-15,овсянников купить,Тюменская область,11176,campaign,DEVICE_ALL,association,5,я покупаю,1394,8
2026-09-15,овсянников купить,Тюменская область,11176,campaign,DEVICE_ALL,association,6,моя цена,1322,8
2026-09-15,овсянников купить,Тюменская область,11176,campaign,DEVICE_ALL,association,7,b2b продажи что это,19,8
2026-09-15,овсянников купить,Тюменская область,11176,campaign,DEVICE_ALL,association,8,отдел продаж,858,8
2026-09-15,овсянников купить,Тюменская область,11176,campaign,DEVICE_ALL,association,9,какие монеты ценятся сейчас и их цена,6,8
2026-09-15,овсянников купить,Тюменская область,11176,campaign,DEVICE_ALL,association,10,наши цены,191,8
2026-09-15,овсянников купить,Тюменская область,11176,campaign,DEVICE_ALL,association,11,ты знаешь себе цену ты бесценна,7,8
2026-09-15,овсянников купить,Тюменская область,11176,campaign,DEVICE_ALL,association,12,мои покупки,188,8
2026-09-15,овсянников купить,Тюменская область,11176,campaign,DEVICE_ALL,association,13,b2c продажи что это,13,8
2026-09-15,овсянников купить,Тюменская область,11176,campaign,DEVICE_ALL,association,14,розничная цена это,26,8
2026-09-15,овсянников купить,Волгоградская область,10950,campaign,DEVICE_ALL,association,1,приобрести как пишется,114,20
2026-09-15,овсянников купить,Волгоградская область,10950,campaign,DEVICE_ALL,association,2,купля продажа,16539,20
2026-09-15,овсянников купить,Волгоградская область,10950,campaign,DEVICE_ALL,association,3,изт маркет,9,20
2026-09-15,овсянников купить,Волгоградская область,10950,campaign,DEVICE_ALL,association,4,b2b продажи это,24,20
2026-09-15,овсянников купить,Волгоградская область,10950,campaign,DEVICE_ALL,association,5,я покупаю,1962,20
2026-09-15,овсянников купить,Волгоградская область,10950,campaign,DEVICE_ALL,association,6,моя цена,2553,20
2026-09-15,овсянников купить,Волгоградская область,10950,campaign,DEVICE_ALL,association,7,b2b продажи что это,21,20
2026-09-15,овсянников купить,Волгоградская область,10950,campaign,DEVICE_ALL,association,8,отдел продаж,1307,20
2026-09-15,овсянников купить,Волгоградская область,10950,campaign,DEVICE_ALL,association,9,какие монеты ценятся сейчас и их цена,23,20
2026-09-15,овсянников купить,Волгоградская область,10950,campaign,DEVICE_ALL,association,10,наши цены,504,20
2026-09-15,овсянников купить,Волгоградская область,10950,campaign,DEVICE_ALL,association,11,ты знаешь себе цену ты бесценна,5,20
2026-09-15,овсянников купить,Волгоградская область,10950,campaign,DEVICE_ALL,association,12,мои покупки,295,20
2026-09-15,овсянников купить,Волгоградская область,10950,campaign,DEVICE_ALL,association,13,b2c продажи что это,6,20
2026-09-15,овсянников купить,Волгоградская область,10950,campaign,DEVICE_ALL,association,14,розничная цена это,24,20
2026-09-15,овсянников купить,Воронежская область,10672,campaign,DEVICE_ALL,association,1,приобрести как пишется,180,6
2026-09-15,овсянников купить,Воронежская область,10672,campaign,DEVICE_ALL,association,2,купля продажа,18225,6
2026-09-15,овсянников купить,Воронежская область,10672,campaign,DEVICE_ALL,association,3,изт маркет,6,6
2026-09-15,овсянников купить,Воронежская область,10672,campaign,DEVICE_ALL,association,4,b2b продажи это,42,6
2026-09-15,овсянников купить,Воронежская область,10672,campaign,DEVICE_ALL,association,5,я покупаю,2093,6
2026-09-15,овсянников купить,Воронежская область,10672,campaign,DEVICE_ALL,association,6,моя цена,2128,6
2026-09-15,овсянников купить,Воронежская область,10672,campaign,DEVICE_ALL,association,7,b2b продажи что это,35,6
2026-09-15,овсянников купить,Воронежская область,10672,campaign,DEVICE_ALL,association,8,отдел продаж,1817,6
2026-09-15,овсянников купить,Воронежская область,10672,campaign,DEVICE_ALL,association,9,какие монеты ценятся сейчас и их цена,8,6
2026-09-15,овсянников купить,Воронежская область,10672,campaign,DEVICE_ALL,association,10,наши цены,345,6
2026-09-15,овсянников купить,Воронежская область,10672,campaign,DEVICE_ALL,association,11,ты знаешь себе цену ты бесценна,17,6
2026-09-15,овсянников купить,Воронежская область,10672,campaign,DEVICE_ALL,association,12,мои покупки,330,6
2026-09-15,овсянников купить,Воронежская область,10672,campaign,DEVICE_ALL,association,13,b2c продажи что это,16,6
2026-09-15,овсянников купить,Воронежская область,10672,campaign,DEVICE_ALL,association,14,розничная цена это,21,6
2026-09-15,овсянников купить,Орловская область,10772,campaign,DEVICE_ALL,association,1,приобрести как пишется,51,136
2026-09-15,овсянников купить,Орловская область,10772,campaign,DEVICE_ALL,association,2,купля продажа,6546,136
2026-09-15,овсянников купить,Орловская область,10772,campaign,DEVICE_ALL,association,3,изт маркет,1,136
2026-09-15,овсянников купить,Орловская область,10772,campaign,DEVICE_ALL,association,4,b2b продажи это,14,136
2026-09-15,овсянников купить,Орловская область,10772,campaign,DEVICE_ALL,association,5,я покупаю,880,136
2026-09-15,овсянников купить,Орловская область,10772,campaign,DEVICE_ALL,association,6,моя цена,719,136
2026-09-15,овсянников купить,Орловская область,10772,campaign,DEVICE_ALL,association,7,b2b продажи что это,13,136
2026-09-15,овсянников купить,Орловская область,10772,campaign,DEVICE_ALL,association,8,отдел продаж,278,136
2026-09-15,овсянников купить,Орловская область,10772,campaign,DEVICE_ALL,association,9,какие монеты ценятся сейчас и их цена,9,136
2026-09-15,овсянников купить,Орловская область,10772,campaign,DEVICE_ALL,association,10,наши цены,113,136
2026-09-15,овсянников купить,Орловская область,10772,campaign,DEVICE_ALL,association,11,ты знаешь себе цену ты бесценна,2,136
2026-09-15,овсянников купить,Орловская область,10772,campaign,DEVICE_ALL,association,12,мои покупки,150,136
2026-09-15,овсянников купить,Орловская область,10772,campaign,DEVICE_ALL,association,13,b2c продажи что это,6,136
2026-09-15,овсянников купить,Орловская область,10772,campaign,DEVICE_ALL,association,14,розничная цена это,5,136
2026-09-15,овсянников купить,Ярославская область,10841,campaign,DEVICE_ALL,association,1,приобрести как пишется,46,22
2026-09-15,овсянников купить,Ярославская область,10841,campaign,DEVICE_ALL,association,2,купля продажа,11606,22
2026-09-15,овсянников купить,Ярославская область,10841,campaign,DEVICE_ALL,association,3,изт маркет,1,22
2026-09-15,овсянников купить,Ярославская область,10841,campaign,DEVICE_ALL,association,4,b2b продажи это,17,22
2026-09-15,овсянников купить,Ярославская область,10841,campaign,DEVICE_ALL,association,5,я покупаю,1000,22
2026-09-15,овсянников купить,Ярославская область,10841,campaign,DEVICE_ALL,association,6,моя цена,1371,22
2026-09-15,овсянников купить,Ярославская область,10841,campaign,DEVICE_ALL,association,7,b2b продажи что это,13,22
2026-09-15,овсянников купить,Ярославская область,10841,campaign,DEVICE_ALL,association,8,отдел продаж,810,22
2026-09-15,овсянников купить,Ярославская область,10841,campaign,DEVICE_ALL,association,9,какие монеты ценятся сейчас и их цена,8,22
2026-09-15,овсянников купить,Ярославская область,10841,campaign,DEVICE_ALL,association,10,наши цены,194,22
2026-09-15,овсянников купить,Ярославская область,10841,campaign,DEVICE_ALL,association,11,ты знаешь себе цену ты бесценна,9,22
2026-09-15,овсянников купить,Ярославская область,10841,campaign,DEVICE_ALL,association,12,мои покупки,244,22
2026-09-15,овсянников купить,Ярославская область,10841,campaign,DEVICE_ALL,association,13,b2c продажи что это,3,22
2026-09-15,овсянников купить,Ярославская область,10841,campaign,DEVICE_ALL,association,14,розничная цена это,14,22
2026-09-15,овсянников купить,Костромская область,10699,campaign,DEVICE_ALL,association,1,приобрести как пишется,33,26
2026-09-15,овсянников купить,Костромская область,10699,campaign,DEVICE_ALL,association,2,купля продажа,5467,26
2026-09-15,овсянников купить,Костромская область,10699,campaign,DEVICE_ALL,association,3,изт маркет,1,26
2026-09-15,овсянников купить,Костромская область,10699,campaign,DEVICE_ALL,association,4,b2b продажи это,8,26
2026-09-15,овсянников купить,Костромская область,10699,campaign,DEVICE_ALL,association,5,я покупаю,410,26
2026-09-15,овсянников купить,Костромская область,10699,campaign,DEVICE_ALL,association,6,моя цена,339,26
2026-09-15,овсянников купить,Костромская область,10699,campaign,DEVICE_ALL,association,7,b2b продажи что это,5,26
2026-09-15,овсянников купить,Костромская область,10699,campaign,DEVICE_ALL,association,8,отдел продаж,294,26
2026-09-15,овсянников купить,Костромская область,10699,campaign,DEVICE_ALL,association,9,какие монеты ценятся сейчас и их цена,2,26
2026-09-15,овсянников купить,Костромская область,10699,campaign,DEVICE_ALL,association,10,наши цены,113,26
2026-09-15,овсянников купить,Костромская область,10699,campaign,DEVICE_ALL,association,11,мсг37 рф прайс листы,3,26
2026-09-15,овсянников купить,Костромская область,10699,campaign,DEVICE_ALL,association,12,ты знаешь себе цену ты бесценна,1,26
2026-09-15,овсянников купить,Костромская область,10699,campaign,DEVICE_ALL,association,13,мои покупки,114,26
2026-09-15,овсянников купить,Костромская область,10699,campaign,DEVICE_ALL,association,14,b2c продажи что это,2,26
2026-09-15,овсянников купить,Костромская область,10699,campaign,DEVICE_ALL,association,15,розничная цена это,2,26
2026-09-15,овсянников купить,Республика Башкортостан,11111,campaign,DEVICE_ALL,association,1,приобрести как пишется,207,5
2026-09-15,овсянников купить,Республика Башкортостан,11111,campaign,DEVICE_ALL,association,2,купля продажа,25852,5
2026-09-15,овсянников купить,Республика Башкортостан,11111,campaign,DEVICE_ALL,association,3,изт маркет,26,5
2026-09-15,овсянников купить,Республика Башкортостан,11111,campaign,DEVICE_ALL,association,4,b2b продажи это,60,5
2026-09-15,овсянников купить,Республика Башкортостан,11111,campaign,DEVICE_ALL,association,5,я покупаю,2752,5
2026-09-15,овсянников купить,Республика Башкортостан,11111,campaign,DEVICE_ALL,association,6,моя цена,2450,5
2026-09-15,овсянников купить,Республика Башкортостан,11111,campaign,DEVICE_ALL,association,7,b2b продажи что это,40,5
2026-09-15,овсянников купить,Республика Башкортостан,11111,campaign,DEVICE_ALL,association,8,отдел продаж,2093,5
2026-09-15,овсянников купить,Республика Башкортостан,11111,campaign,DEVICE_ALL,association,9,какие монеты ценятся сейчас и их цена,23,5
2026-09-15,овсянников купить,Республика Башкортостан,11111,campaign,DEVICE_ALL,association,10,наши цены,397,5
2026-09-15,овсянников купить,Республика Башкортостан,11111,campaign,DEVICE_ALL,association,11,ты знаешь себе цену ты бесценна,9,5
2026-09-15,овсянников купить,Республика Башкортостан,11111,campaign,DEVICE_ALL,association,12,мои покупки,750,5
2026-09-15,овсянников купить,Республика Башкортостан,11111,campaign,DEVICE_ALL,association,13,b2c продажи что это,16,5
2026-09-15,овсянников купить,Республика Башкортостан,11111,campaign,DEVICE_ALL,association,14,розничная цена это,38,5
2026-09-15,овсянников купить,Новосибирская область,11316,campaign,DEVICE_ALL,association,1,приобрести как пишется,190,3
2026-09-15,овсянников купить,Новосибирская область,11316,campaign,DEVICE_ALL,association,2,купля продажа,24287,3
2026-09-15,овсянников купить,Новосибирская область,11316,campaign,DEVICE_ALL,association,3,изт маркет,33,3
2026-09-15,овсянников купить,Новосибирская область,11316,campaign,DEVICE_ALL,association,4,b2b продажи это,84,3
2026-09-15,овсянников купить,Новосибирская область,11316,campaign,DEVICE_ALL,association,5,я покупаю,2379,3
2026-09-15,овсянников купить,Новосибирская область,11316,campaign,DEVICE_ALL,association,6,моя цена,2213,3
2026-09-15,овсянников купить,Новосибирская область,11316,campaign,DEVICE_ALL,association,7,b2b продажи что это,55,3
2026-09-15,овсянников купить,Новосибирская область,11316,campaign,DEVICE_ALL,association,8,отдел продаж,2144,3
2026-09-15,овсянников купить,Новосибирская область,11316,campaign,DEVICE_ALL,association,9,какие монеты ценятся сейчас и их цена,30,3
2026-09-15,овсянников купить,Новосибирская область,11316,campaign,DEVICE_ALL,association,10,наши цены,337,3
2026-09-15,овсянников купить,Новосибирская область,11316,campaign,DEVICE_ALL,association,11,ты знаешь себе цену ты бесценна,11,3
2026-09-15,овсянников купить,Новосибирская область,11316,campaign,DEVICE_ALL,association,12,мои покупки,373,3
2026-09-15,овсянников купить,Новосибирская область,11316,campaign,DEVICE_ALL,association,13,b2c продажи что это,15,3
2026-09-15,овсянников купить,Новосибирская область,11316,campaign,DEVICE_ALL,association,14,розничная цена это,19,3
2026-09-15,овсянников купить,Саратовская область,11146,campaign,DEVICE_ALL,association,1,приобрести как пишется,120,10
2026-09-15,овсянников купить,Саратовская область,11146,campaign,DEVICE_ALL,association,2,купля продажа,17073,10
2026-09-15,овсянников купить,Саратовская область,11146,campaign,DEVICE_ALL,association,3,изт маркет,8,10
2026-09-15,овсянников купить,Саратовская область,11146,campaign,DEVICE_ALL,association,4,b2b продажи это,33,10
2026-09-15,овсянников купить,Саратовская область,11146,campaign,DEVICE_ALL,association,5,я покупаю,1629,10
2026-09-15,овсянников купить,Саратовская область,11146,campaign,DEVICE_ALL,association,6,моя цена,3116,10
2026-09-15,овсянников купить,Саратовская область,11146,campaign,DEVICE_ALL,association,7,b2b продажи что это,28,10
2026-09-15,овсянников купить,Саратовская область,11146,campaign,DEVICE_ALL,association,8,отдел продаж,975,10
2026-09-15,овсянников купить,Саратовская область,11146,campaign,DEVICE_ALL,association,9,какие монеты ценятся сейчас и их цена,5,10
2026-09-15,овсянников купить,Саратовская область,11146,campaign,DEVICE_ALL,association,10,наши цены,245,10
2026-09-15,овсянников купить,Саратовская область,11146,campaign,DEVICE_ALL,association,11,ты знаешь себе цену ты бесценна,5,10
2026-09-15,овсянников купить,Саратовская область,11146,campaign,DEVICE_ALL,association,12,мои покупки,365,10
2026-09-15,овсянников купить,Саратовская область,11146,campaign,DEVICE_ALL,association,13,b2c продажи что это,7,10
2026-09-15,овсянников купить,Саратовская область,11146,campaign,DEVICE_ALL,association,14,розничная цена это,18,10
2026-09-15,овсянников купить,Вологодская область,10853,campaign,DEVICE_ALL,association,1,приобрести как пишется,50,11
2026-09-15,овсянников купить,Вологодская область,10853,campaign,DEVICE_ALL,association,2,купля продажа,10142,11
2026-09-15,овсянников купить,Вологодская область,10853,campaign,DEVICE_ALL,association,3,изт маркет,3,11
2026-09-15,овсянников купить,Вологодская область,10853,campaign,DEVICE_ALL,association,4,b2b продажи это,19,11
2026-09-15,овсянников купить,Вологодская область,10853,campaign,DEVICE_ALL,association,5,я покупаю,967,11
2026-09-15,овсянников купить,Вологодская область,10853,campaign,DEVICE_ALL,association,6,моя цена,1001,11
2026-09-15,овсянников купить,Вологодская область,10853,campaign,DEVICE_ALL,association,7,b2b продажи что это,17,11
2026-09-15,овсянников купить,Вологодская область,10853,campaign,DEVICE_ALL,association,8,отдел продаж,568,11
2026-09-15,овсянников купить,Вологодская область,10853,campaign,DEVICE_ALL,association,9,какие монеты ценятся сейчас и их цена,6,11
2026-09-15,овсянников купить,Вологодская область,10853,campaign,DEVICE_ALL,association,10,наши цены,206,11
2026-09-15,овсянников купить,Вологодская область,10853,campaign,DEVICE_ALL,association,11,ты знаешь себе цену ты бесценна,5,11
2026-09-15,овсянников купить,Вологодская область,10853,campaign,DEVICE_ALL,association,12,мои покупки,191,11
2026-09-15,овсянников купить,Вологодская область,10853,campaign,DEVICE_ALL,association,13,b2c продажи что это,6,11
2026-09-15,овсянников купить,Вологодская область,10853,campaign,DEVICE_ALL,association,14,розничная цена это,4,11
2026-09-15,овсянников купить,Алтайский край,11235,campaign,DEVICE_ALL,association,1,приобрести как пишется,83,5
2026-09-15,овсянников купить,Алтайский край,11235,campaign,DEVICE_ALL,association,2,купля продажа,16237,5
2026-09-15,овсянников купить,Алтайский край,11235,campaign,DEVICE_ALL,association,3,изт маркет,15,5
2026-09-15,овсянников купить,Алтайский край,11235,campaign,DEVICE_ALL,association,4,b2b продажи это,42,5
2026-09-15,овсянников купить,Алтайский край,11235,campaign,DEVICE_ALL,association,5,я покупаю,1334,5
2026-09-15,овсянников купить,Алтайский край,11235,campaign,DEVICE_ALL,association,6,моя цена,998,5
2026-09-15,овсянников купить,Алтайский край,11235,campaign,DEVICE_ALL,association,7,b2b продажи что это,36,5
2026-09-15,овсянников купить,Алтайский край,11235,campaign,DEVICE_ALL,association,8,отдел продаж,918,5
2026-09-15,овсянников купить,Алтайский край,11235,campaign,DEVICE_ALL,association,9,какие монеты ценятся сейчас и их цена,14,5
2026-09-15,овсянников купить,Алтайский край,11235,campaign,DEVICE_ALL,association,10,наши цены,226,5
2026-09-15,овсянников купить,Алтайский край,11235,campaign,DEVICE_ALL,association,11,ты знаешь себе цену ты бесценна,14,5
2026-09-15,овсянников купить,Алтайский край,11235,campaign,DEVICE_ALL,association,12,мои покупки,201,5
2026-09-15,овсянников купить,Алтайский край,11235,campaign,DEVICE_ALL,association,13,b2c продажи что это,4,5
2026-09-15,овсянников купить,Алтайский край,11235,campaign,DEVICE_ALL,association,14,розничная цена это,7,5
2026-09-15,овсянников купить,Ивановская область,10687,campaign,DEVICE_ALL,association,1,приобрести как пишется,37,12
2026-09-15,овсянников купить,Ивановская область,10687,campaign,DEVICE_ALL,association,2,купля продажа,7789,12
2026-09-15,овсянников купить,Ивановская область,10687,campaign,DEVICE_ALL,association,3,b2b продажи это,24,12
2026-09-15,овсянников купить,Ивановская область,10687,campaign,DEVICE_ALL,association,4,я покупаю,701,12
2026-09-15,овсянников купить,Ивановская область,10687,campaign,DEVICE_ALL,association,5,моя цена,1206,12
2026-09-15,овсянников купить,Ивановская область,10687,campaign,DEVICE_ALL,association,6,b2b продажи что это,14,12
2026-09-15,овсянников купить,Ивановская область,10687,campaign,DEVICE_ALL,association,7,отдел продаж,531,12
2026-09-15,овсянников купить,Ивановская область,10687,campaign,DEVICE_ALL,association,8,наши цены,198,12
2026-09-15,овсянников купить,Ивановская область,10687,campaign,DEVICE_ALL,association,9,мсг37 рф прайс листы,971,12
2026-09-15,овсянников купить,Ивановская область,10687,campaign,DEVICE_ALL,association,10,ты знаешь себе цену ты бесценна,2,12
2026-09-15,овсянников купить,Ивановская область,10687,campaign,DEVICE_ALL,association,11,мои покупки,125,12
2026-09-15,овсянников купить,Ивановская область,10687,campaign,DEVICE_ALL,association,12,b2c продажи что это,2,12
2026-09-15,овсянников купить,Ивановская область,10687,campaign,DEVICE_ALL,association,13,розничная цена это,3,12
2026-09-15,овсянников купить,Омская область,11318,campaign,DEVICE_ALL,association,1,мазь арника для чего применяется,34,2
2026-09-15,овсянников купить,Омская область,11318,campaign,DEVICE_ALL,association,2,мазь метилсалицилат от чего помогает цена,14,2
2026-09-15,овсянников купить,Омская область,11318,campaign,DEVICE_ALL,association,3,бепантен мазь для чего применяется,18,2
2026-09-15,овсянников купить,Омская область,11318,campaign,DEVICE_ALL,association,4,мазь ортофен для чего предназначена,2,2
2026-09-15,овсянников купить,Омская область,11318,campaign,DEVICE_ALL,association,5,фуцидин мазь от чего она помогает,2,2
2026-09-15,овсянников купить,Омская область,11318,campaign,DEVICE_ALL,association,6,окопник мазь для чего,2,2
2026-09-15,овсянников купить,Омская область,11318,campaign,DEVICE_ALL,association,7,синофлановая мазь от чего помогает цена,1,2
2026-09-15,овсянников купить,Омская область,11318,campaign,DEVICE_ALL,association,8,гидрокортизон акос мазь для чего применяется,14,2
2026-09-15,овсянников купить,Омская область,11318,campaign,DEVICE_ALL,association,9,пимафуцин мазь для чего применяется мужчинам,4,2
2026-09-15,овсянников купить,Омская область,11318,campaign,DEVICE_ALL,association,10,мазь фуцидин для чего применяется,14,2
2026-09-15,овсянников купить,Омская область,11318,campaign,DEVICE_ALL,association,11,мазь супироцин для чего применяется,9,2
2026-09-15,овсянников купить,Омская область,11318,campaign,DEVICE_ALL,association,12,траумель мазь для чего предназначена цена,7,2
2026-09-15,овсянников купить,Омская область,11318,campaign,DEVICE_ALL,association,13,бороплюс мазь от чего помогает цена,2,2
2026-09-15,овсянников купить,Омская область,11318,campaign,DEVICE_ALL,association,14,мазь левомеколь для чего применяется цена,26,2
2026-09-15,овсянников купить,Кемеровская область,11282,control,DEVICE_ALL,association,1,домик на окраине,42,2
2026-09-15,овсянников купить,Кемеровская область,11282,control,DEVICE_ALL,association,2,договор купли продажи дома,446,2
2026-09-15,овсянников купить,Кемеровская область,11282,control,DEVICE_ALL,association,3,продажа домов,14694,2
2026-09-15,овсянников купить,Кемеровская область,11282,control,DEVICE_ALL,association,4,модульный домик,96,2
2026-09-15,овсянников купить,Кемеровская область,11282,control,DEVICE_ALL,association,5,покупка дома,1947,2
2026-09-15,овсянников купить,Кемеровская область,11282,control,DEVICE_ALL,association,6,домик лесника,27,2
2026-09-15,овсянников купить,Кемеровская область,11282,control,DEVICE_ALL,association,7,продается дом,599,2
2026-09-15,овсянников купить,Кемеровская область,11282,control,DEVICE_ALL,association,8,дачные домики под ключ недорого цены,18,2
2026-09-15,овсянников купить,Кемеровская область,11282,control,DEVICE_ALL,association,9,модульный домик для дачи,15,2
2026-09-15,овсянников купить,Кемеровская область,11282,control,DEVICE_ALL,association,10,дом на продажу,2397,2
2026-09-15,овсянников купить,Кемеровская область,11282,control,DEVICE_ALL,association,11,молитва на продажу дома и земельного участка,11,2
2026-09-15,овсянников купить,Кемеровская область,11282,control,DEVICE_ALL,association,12,модульный дом цена,395,2
2026-09-15,овсянников купить,Кемеровская область,11282,control,DEVICE_ALL,association,13,документы для продажи дома,83,2
2026-09-15,овсянников купить,Кемеровская область,11282,control,DEVICE_ALL,association,14,летние домики для дачи недорого,9,2
2026-09-15,овсянников купить,Кемеровская область,11282,control,DEVICE_ALL,association,15,купить домик для дачи,35,2
2026-09-15,овсянников купить,Кемеровская область,11282,control,DEVICE_ALL,association,16,домик на дачу недорого,7,2
2026-09-15,овсянников купить,Кировская область,11070,control,DEVICE_ALL,association,1,приобрести как пишется,70,17
2026-09-15,овсянников купить,Кировская область,11070,control,DEVICE_ALL,association,2,купля продажа,10247,17
2026-09-15,овсянников купить,Кировская область,11070,control,DEVICE_ALL,association,3,изт маркет,2,17
2026-09-15,овсянников купить,Кировская область,11070,control,DEVICE_ALL,association,4,b2b продажи это,18,17
2026-09-15,овсянников купить,Кировская область,11070,control,DEVICE_ALL,association,5,я покупаю,901,17
2026-09-15,овсянников купить,Кировская область,11070,control,DEVICE_ALL,association,6,моя цена,1038,17
2026-09-15,овсянников купить,Кировская область,11070,control,DEVICE_ALL,association,7,b2b продажи что это,15,17
2026-09-15,овсянников купить,Кировская область,11070,control,DEVICE_ALL,association,8,отдел продаж,767,17
2026-09-15,овсянников купить,Кировская область,11070,control,DEVICE_ALL,association,9,какие монеты ценятся сейчас и их цена,7,17
2026-09-15,овсянников купить,Кировская область,11070,control,DEVICE_ALL,association,10,наши цены,227,17
2026-09-15,овсянников купить,Кировская область,11070,control,DEVICE_ALL,association,11,ты знаешь себе цену ты бесценна,2,17
2026-09-15,овсянников купить,Кировская область,11070,control,DEVICE_ALL,association,12,мои покупки,178,17
2026-09-15,овсянников купить,Кировская область,11070,control,DEVICE_ALL,association,13,b2c продажи что это,3,17
2026-09-15,овсянников купить,Кировская область,11070,control,DEVICE_ALL,association,14,розничная цена это,16,17
2026-09-15,овсянников купить,Ростовская область,11029,control,DEVICE_ALL,association,1,приобрести как пишется,247,13
2026-09-15,овсянников купить,Ростовская область,11029,control,DEVICE_ALL,association,2,купля продажа,31585,13
2026-09-15,овсянников купить,Ростовская область,11029,control,DEVICE_ALL,association,3,изт маркет,19,13
2026-09-15,овсянников купить,Ростовская область,11029,control,DEVICE_ALL,association,4,b2b продажи это,84,13
2026-09-15,овсянников купить,Ростовская область,11029,control,DEVICE_ALL,association,5,я покупаю,3645,13
2026-09-15,овсянников купить,Ростовская область,11029,control,DEVICE_ALL,association,6,моя цена,4491,13
2026-09-15,овсянников купить,Ростовская область,11029,control,DEVICE_ALL,association,7,b2b продажи что это,50,13
2026-09-15,овсянников купить,Ростовская область,11029,control,DEVICE_ALL,association,8,отдел продаж,2505,13
2026-09-15,овсянников купить,Ростовская область,11029,control,DEVICE_ALL,association,9,какие монеты ценятся сейчас и их цена,42,13
2026-09-15,овсянников купить,Ростовская область,11029,control,DEVICE_ALL,association,10,наши цены,808,13
2026-09-15,овсянников купить,Ростовская область,11029,control,DEVICE_ALL,association,11,ты знаешь себе цену ты бесценна,17,13
2026-09-15,овсянников купить,Ростовская область,11029,control,DEVICE_ALL,association,12,мои покупки,510,13
2026-09-15,овсянников купить,Ростовская область,11029,control,DEVICE_ALL,association,13,b2c продажи что это,13,13
2026-09-15,овсянников купить,Ростовская область,11029,control,DEVICE_ALL,association,14,розничная цена это,48,13
2026-09-15,овсянников купить,Тульская область,10832,control,DEVICE_ALL,association,1,приобрести как пишется,86,1
2026-09-15,овсянников купить,Тульская область,10832,control,DEVICE_ALL,association,2,купля продажа,11677,1
2026-09-15,овсянников купить,Тульская область,10832,control,DEVICE_ALL,association,3,изт маркет,1,1
2026-09-15,овсянников купить,Тульская область,10832,control,DEVICE_ALL,association,4,b2b продажи это,26,1
2026-09-15,овсянников купить,Тульская область,10832,control,DEVICE_ALL,association,5,я покупаю,973,1
2026-09-15,овсянников купить,Тульская область,10832,control,DEVICE_ALL,association,6,моя цена,1143,1
2026-09-15,овсянников купить,Тульская область,10832,control,DEVICE_ALL,association,7,b2b продажи что это,21,1
2026-09-15,овсянников купить,Тульская область,10832,control,DEVICE_ALL,association,8,отдел продаж,629,1
2026-09-15,овсянников купить,Тульская область,10832,control,DEVICE_ALL,association,9,наши цены,152,1
2026-09-15,овсянников купить,Тульская область,10832,control,DEVICE_ALL,association,10,ты знаешь себе цену ты бесценна,4,1
2026-09-15,овсянников купить,Тульская область,10832,control,DEVICE_ALL,association,11,мои покупки,297,1
2026-09-15,овсянников купить,Тульская область,10832,control,DEVICE_ALL,association,12,b2c продажи что это,7,1
2026-09-15,овсянников купить,Тульская область,10832,control,DEVICE_ALL,association,13,розничная цена это,16,1
2026-09-15,овсянников купить,Тюменская область,11176,campaign,DEVICE_ALL,nested,1,овсянников купить,8,8
2026-09-15,овсянников купить,Тюменская область,11176,campaign,DEVICE_ALL,nested,2,купить дом в овсянниково,2,8
2026-09-15,овсянников купить,Тюменская область,11176,campaign,DEVICE_ALL,nested,3,купить книгу овсянникова,2,8
2026-09-15,овсянников купить,Тюменская область,11176,campaign,DEVICE_ALL,nested,4,куплю дом деревне овсянников,1,8
2026-09-15,овсянников купить,Волгоградская область,10950,campaign,DEVICE_ALL,nested,1,овсянников купить,20,20
2026-09-15,овсянников купить,Волгоградская область,10950,campaign,DEVICE_ALL,nested,2,овсянников мыло купить,7,20
2026-09-15,овсянников купить,Волгоградская область,10950,campaign,DEVICE_ALL,nested,3,купить мед алтайский из овсянникова в озон,5,20
2026-09-15,овсянников купить,Воронежская область,10672,campaign,DEVICE_ALL,nested,1,овсянников купить,6,6
2026-09-15,овсянников купить,Орловская область,10772,campaign,DEVICE_ALL,nested,1,овсянников купить,136,136
2026-09-15,овсянников купить,Орловская область,10772,campaign,DEVICE_ALL,nested,2,овсянниково орел купить,100,136
2026-09-15,овсянников купить,Орловская область,10772,campaign,DEVICE_ALL,nested,3,купить дом в овсянниково,86,136
2026-09-15,овсянников купить,Орловская область,10772,campaign,DEVICE_ALL,nested,4,купить дом в орле в овсянниково,71,136
2026-09-15,овсянников купить,Орловская область,10772,campaign,DEVICE_ALL,nested,5,куплю дом деревне овсянников,68,136
2026-09-15,овсянников купить,Орловская область,10772,campaign,DEVICE_ALL,nested,6,авито овсянников купить дом,62,136
2026-09-15,овсянников купить,Орловская область,10772,campaign,DEVICE_ALL,nested,7,авито орел купить купить дом овсянниково,62,136
2026-09-15,овсянников купить,Орловская область,10772,campaign,DEVICE_ALL,nested,8,купить дом в овсянниково орловский район,10,136
2026-09-15,овсянников купить,Орловская область,10772,campaign,DEVICE_ALL,nested,9,купить дом в деревне овсянниково город орел,9,136
2026-09-15,овсянников купить,Орловская область,10772,campaign,DEVICE_ALL,nested,10,авито орел купить дачу овсянниково,9,136
2026-09-15,овсянников купить,Орловская область,10772,campaign,DEVICE_ALL,nested,11,купить дом д овсянниково,7,136
2026-09-15,овсянников купить,Орловская область,10772,campaign,DEVICE_ALL,nested,12,овсянниково купить участок,7,136
2026-09-15,овсянников купить,Ярославская область,10841,campaign,DEVICE_ALL,nested,1,овсянников купить,22,22
2026-09-15,овсянников купить,Ярославская область,10841,campaign,DEVICE_ALL,nested,2,овсянников крем купить,11,22
2026-09-15,овсянников купить,Ярославская область,10841,campaign,DEVICE_ALL,nested,3,овсянников крем для рук купить,8,22
2026-09-15,овсянников купить,Ярославская область,10841,campaign,DEVICE_ALL,nested,4,овсянников мыло купить,5,22
2026-09-15,овсянников купить,Ярославская область,10841,campaign,DEVICE_ALL,nested,5,овсянников черный перец купить,5,22
2026-09-15,овсянников купить,Ярославская область,10841,campaign,DEVICE_ALL,nested,6,овсянников где купить,2,22
2026-09-15,овсянников купить,Ярославская область,10841,campaign,DEVICE_ALL,nested,7,куплю дом деревне овсянников,1,22
2026-09-15,овсянников купить,Костромская область,10699,campaign,DEVICE_ALL,nested,1,овсянников купить,26,26
2026-09-15,овсянников купить,Республика Башкортостан,11111,campaign,DEVICE_ALL,nested,1,овсянников купить,5,5
2026-09-15,овсянников купить,Республика Башкортостан,11111,campaign,DEVICE_ALL,nested,2,овсянников где купить,2,5
2026-09-15,овсянников купить,Новосибирская область,11316,campaign,DEVICE_ALL,nested,1,овсянников купить,3,3
2026-09-15,овсянников купить,Саратовская область,11146,campaign,DEVICE_ALL,nested,1,овсянников купить,10,10
2026-09-15,овсянников купить,Саратовская область,11146,campaign,DEVICE_ALL,nested,2,овсянников крем для рук купить,2,10
2026-09-15,овсянников купить,Саратовская область,11146,campaign,DEVICE_ALL,nested,3,овсянников крем купить,2,10
2026-09-15,овсянников купить,Вологодская область,10853,campaign,DEVICE_ALL,nested,1,овсянников купить,11,11
2026-09-15,овсянников купить,Вологодская область,10853,campaign,DEVICE_ALL,nested,2,савсан набор овсянникова купить,10,11
2026-09-15,овсянников купить,Алтайский край,11235,campaign,DEVICE_ALL,nested,1,овсянников купить,5,5
2026-09-15,овсянников купить,Алтайский край,11235,campaign,DEVICE_ALL,nested,2,купить дом в овсянниково,1,5
2026-09-15,овсянников купить,Алтайский край,11235,campaign,DEVICE_ALL,nested,3,авито овсянников купить дом,1,5
2026-09-15,овсянников купить,Ивановская область,10687,campaign,DEVICE_ALL,nested,1,овсянников купить,12,12
2026-09-15,овсянников купить,Ивановская область,10687,campaign,DEVICE_ALL,nested,2,купить дом в овсянниково,8,12
2026-09-15,овсянников купить,Ивановская область,10687,campaign,DEVICE_ALL,nested,3,купить дом в овсянниково шуйский район,6,12
2026-09-15,овсянников купить,Ивановская область,10687,campaign,DEVICE_ALL,nested,4,овсянников где купить,2,12
2026-09-15,овсянников купить,Ивановская область,10687,campaign,DEVICE_ALL,nested,5,купить дом д овсянниково,1,12
2026-09-15,овсянников купить,Омская область,11318,campaign,DEVICE_ALL,nested,1,овсянников крем купить,2,2
2026-09-15,овсянников купить,Омская область,11318,campaign,DEVICE_ALL,nested,2,овсянников купить,2,2
2026-09-15,овсянников купить,Кемеровская область,11282,control,DEVICE_ALL,nested,1,купить дом в овсянниково,2,2
2026-09-15,овсянников купить,Кемеровская область,11282,control,DEVICE_ALL,nested,2,овсянников купить,2,2
2026-09-15,овсянников купить,Кировская область,11070,control,DEVICE_ALL,nested,1,овсянников купить,17,17
2026-09-15,овсянников купить,Кировская область,11070,control,DEVICE_ALL,nested,2,овсянников где купить,7,17
2026-09-15,овсянников купить,Кировская область,11070,control,DEVICE_ALL,nested,3,авито овсянников купить дом,2,17
2026-09-15,овсянников купить,Кировская область,11070,control,DEVICE_ALL,nested,4,овсянников крем для рук купить,2,17
2026-09-15,овсянников купить,Кировская область,11070,control,DEVICE_ALL,nested,5,овсянников крем купить,2,17
2026-09-15,овсянников купить,Кировская область,11070,control,DEVICE_ALL,nested,6,овсянников мыло купить,2,17
2026-09-15,овсянников купить,Кировская область,11070,control,DEVICE_ALL,nested,7,овсянников черный перец купить,2,17
2026-09-15,овсянников купить,Ростовская область,11029,control,DEVICE_ALL,nested,1,овсянников купить,13,13
2026-09-15,овсянников купить,Ростовская область,11029,control,DEVICE_ALL,nested,2,овсянников мыло жидкое купить,3,13
2026-09-15,овсянников купить,Ростовская область,11029,control,DEVICE_ALL,nested,3,овсянников мыло купить,3,13
2026-09-15,овсянников купить,Ростовская область,11029,control,DEVICE_ALL,nested,4,купить дом овсянниково,2,13
2026-09-15,овсянников купить,Ростовская область,11029,control,DEVICE_ALL,nested,5,куплю дом деревне овсянников,1,13
2026-09-15,овсянников купить,Ростовская область,11029,control,DEVICE_ALL,nested,6,овсянниково купить участок,1,13
2026-09-15,овсянников купить,Тульская область,10832,control,DEVICE_ALL,nested,1,овсянников купить,1,1
2026-09-15,овсянников мыло,Тюменская область,11176,campaign,DEVICE_ALL,association,1,дегтярное мыло,750,13
2026-09-15,овсянников мыло,Тюменская область,11176,campaign,DEVICE_ALL,association,2,дегтярное мыло для чего,124,13
2026-09-15,овсянников мыло,Тюменская область,11176,campaign,DEVICE_ALL,association,3,марсельское мыло,14,13
2026-09-15,овсянников мыло,Тюменская область,11176,campaign,DEVICE_ALL,association,4,кокосовое хозяйственное мыло,21,13
2026-09-15,овсянников мыло,Тюменская область,11176,campaign,DEVICE_ALL,association,5,soap skin,16,13
2026-09-15,овсянников мыло,Тюменская область,11176,campaign,DEVICE_ALL,association,6,мыло земляничное,14,13
2026-09-15,овсянников мыло,Тюменская область,11176,campaign,DEVICE_ALL,association,7,можно ли умываться мылом,10,13
2026-09-15,овсянников мыло,Тюменская область,11176,campaign,DEVICE_ALL,association,8,можно ли умываться дегтярным мылом,2,13
2026-09-15,овсянников мыло,Тюменская область,11176,campaign,DEVICE_ALL,association,9,можно ли мыть лицо дегтярным мылом,5,13
2026-09-15,овсянников мыло,Тюменская область,11176,campaign,DEVICE_ALL,association,10,хозяйственное мыло для лица,12,13
2026-09-15,овсянников мыло,Волгоградская область,10950,campaign,DEVICE_ALL,association,1,дегтярное мыло,1175,21
2026-09-15,овсянников мыло,Волгоградская область,10950,campaign,DEVICE_ALL,association,2,дегтярное мыло для чего,219,21
2026-09-15,овсянников мыло,Волгоградская область,10950,campaign,DEVICE_ALL,association,3,марсельское мыло,16,21
2026-09-15,овсянников мыло,Волгоградская область,10950,campaign,DEVICE_ALL,association,4,мыление мыла,2,21
2026-09-15,овсянников мыло,Волгоградская область,10950,campaign,DEVICE_ALL,association,5,кокосовое хозяйственное мыло,7,21
2026-09-15,овсянников мыло,Волгоградская область,10950,campaign,DEVICE_ALL,association,6,soap skin,27,21
2026-09-15,овсянников мыло,Волгоградская область,10950,campaign,DEVICE_ALL,association,7,мыло земляничное,15,21
2026-09-15,овсянников мыло,Волгоградская область,10950,campaign,DEVICE_ALL,association,8,можно ли умываться мылом,28,21
2026-09-15,овсянников мыло,Волгоградская область,10950,campaign,DEVICE_ALL,association,9,можно ли умываться дегтярным мылом,8,21
2026-09-15,овсянников мыло,Волгоградская область,10950,campaign,DEVICE_ALL,association,10,можно ли мыться дегтярным мылом,8,21
2026-09-15,овсянников мыло,Волгоградская область,10950,campaign,DEVICE_ALL,association,11,можно ли мыть лицо дегтярным мылом,2,21
2026-09-15,овсянников мыло,Волгоградская область,10950,campaign,DEVICE_ALL,association,12,зеленое мыло от мучнистого червеца,1,21
2026-09-15,овсянников мыло,Волгоградская область,10950,campaign,DEVICE_ALL,association,13,хозяйственное мыло для лица,8,21
2026-09-15,овсянников мыло,Воронежская область,10672,campaign,DEVICE_ALL,association,1,дегтярное мыло,1204,14
2026-09-15,овсянников мыло,Воронежская область,10672,campaign,DEVICE_ALL,association,2,дегтярное мыло для чего,212,14
2026-09-15,овсянников мыло,Воронежская область,10672,campaign,DEVICE_ALL,association,3,марсельское мыло,36,14
2026-09-15,овсянников мыло,Воронежская область,10672,campaign,DEVICE_ALL,association,4,мыление мыла,15,14
2026-09-15,овсянников мыло,Воронежская область,10672,campaign,DEVICE_ALL,association,5,кокосовое хозяйственное мыло,52,14
2026-09-15,овсянников мыло,Воронежская область,10672,campaign,DEVICE_ALL,association,6,soap skin,27,14
2026-09-15,овсянников мыло,Воронежская область,10672,campaign,DEVICE_ALL,association,7,мыло земляничное,20,14
2026-09-15,овсянников мыло,Воронежская область,10672,campaign,DEVICE_ALL,association,8,можно ли умываться мылом,22,14
2026-09-15,овсянников мыло,Воронежская область,10672,campaign,DEVICE_ALL,association,9,можно ли умываться дегтярным мылом,3,14
2026-09-15,овсянников мыло,Воронежская область,10672,campaign,DEVICE_ALL,association,10,можно ли мыться дегтярным мылом,1,14
2026-09-15,овсянников мыло,Воронежская область,10672,campaign,DEVICE_ALL,association,11,можно ли мыть лицо дегтярным мылом,6,14
2026-09-15,овсянников мыло,Воронежская область,10672,campaign,DEVICE_ALL,association,12,зеленое мыло от мучнистого червеца,7,14
2026-09-15,овсянников мыло,Воронежская область,10672,campaign,DEVICE_ALL,association,13,хозяйственное мыло для лица,8,14
2026-09-15,овсянников мыло,Орловская область,10772,campaign,DEVICE_ALL,association,1,дегтярное мыло,421,4
2026-09-15,овсянников мыло,Орловская область,10772,campaign,DEVICE_ALL,association,2,дегтярное мыло для чего,35,4
2026-09-15,овсянников мыло,Орловская область,10772,campaign,DEVICE_ALL,association,3,марсельское мыло,2,4
2026-09-15,овсянников мыло,Орловская область,10772,campaign,DEVICE_ALL,association,4,кокосовое хозяйственное мыло,7,4
2026-09-15,овсянников мыло,Орловская область,10772,campaign,DEVICE_ALL,association,5,мыло земляничное,1,4
2026-09-15,овсянников мыло,Орловская область,10772,campaign,DEVICE_ALL,association,6,можно ли умываться мылом,15,4
2026-09-15,овсянников мыло,Орловская область,10772,campaign,DEVICE_ALL,association,7,зеленое мыло от каких вредителей,2,4
2026-09-15,овсянников мыло,Орловская область,10772,campaign,DEVICE_ALL,association,8,хозяйственное мыло для лица,4,4
2026-09-15,овсянников мыло,Рязанская область,10776,campaign,DEVICE_ALL,association,1,дегтярное мыло,599,9
2026-09-15,овсянников мыло,Рязанская область,10776,campaign,DEVICE_ALL,association,2,дегтярное мыло для чего,98,9
2026-09-15,овсянников мыло,Рязанская область,10776,campaign,DEVICE_ALL,association,3,марсельское мыло,6,9
2026-09-15,овсянников мыло,Рязанская область,10776,campaign,DEVICE_ALL,association,4,кокосовое хозяйственное мыло,12,9
2026-09-15,овсянников мыло,Рязанская область,10776,campaign,DEVICE_ALL,association,5,soap skin,25,9
2026-09-15,овсянников мыло,Рязанская область,10776,campaign,DEVICE_ALL,association,6,мыло земляничное,25,9
2026-09-15,овсянников мыло,Рязанская область,10776,campaign,DEVICE_ALL,association,7,можно ли умываться мылом,12,9
2026-09-15,овсянников мыло,Рязанская область,10776,campaign,DEVICE_ALL,association,8,можно ли умываться дегтярным мылом,2,9
2026-09-15,овсянников мыло,Рязанская область,10776,campaign,DEVICE_ALL,association,9,можно ли мыться дегтярным мылом,4,9
2026-09-15,овсянников мыло,Рязанская область,10776,campaign,DEVICE_ALL,association,10,зеленое мыло от каких вредителей,4,9
2026-09-15,овсянников мыло,Рязанская область,10776,campaign,DEVICE_ALL,association,11,можно ли мыть лицо дегтярным мылом,1,9
2026-09-15,овсянников мыло,Рязанская область,10776,campaign,DEVICE_ALL,association,12,зеленое мыло от мучнистого червеца,1,9
2026-09-15,овсянников мыло,Рязанская область,10776,campaign,DEVICE_ALL,association,13,хозяйственное мыло для лица,6,9
2026-09-15,овсянников мыло,Ярославская область,10841,campaign,DEVICE_ALL,association,1,дегтярное мыло,706,36
2026-09-15,овсянников мыло,Ярославская область,10841,campaign,DEVICE_ALL,association,2,дегтярное мыло для чего,89,36
2026-09-15,овсянников мыло,Ярославская область,10841,campaign,DEVICE_ALL,association,3,марсельское мыло,32,36
2026-09-15,овсянников мыло,Ярославская область,10841,campaign,DEVICE_ALL,association,4,кокосовое хозяйственное мыло,11,36
2026-09-15,овсянников мыло,Ярославская область,10841,campaign,DEVICE_ALL,association,5,soap skin,25,36
2026-09-15,овсянников мыло,Ярославская область,10841,campaign,DEVICE_ALL,association,6,мыло земляничное,3,36
2026-09-15,овсянников мыло,Ярославская область,10841,campaign,DEVICE_ALL,association,7,можно ли умываться мылом,2,36
2026-09-15,овсянников мыло,Ярославская область,10841,campaign,DEVICE_ALL,association,8,можно ли мыться дегтярным мылом,5,36
2026-09-15,овсянников мыло,Ярославская область,10841,campaign,DEVICE_ALL,association,9,зеленое мыло от каких вредителей,2,36
2026-09-15,овсянников мыло,Ярославская область,10841,campaign,DEVICE_ALL,association,10,можно ли мыть лицо дегтярным мылом,2,36
2026-09-15,овсянников мыло,Ярославская область,10841,campaign,DEVICE_ALL,association,11,зеленое мыло от мучнистого червеца,1,36
2026-09-15,овсянников мыло,Костромская область,10699,campaign,DEVICE_ALL,association,1,дегтярное мыло,311,5
2026-09-15,овсянников мыло,Костромская область,10699,campaign,DEVICE_ALL,association,2,дегтярное мыло для чего,33,5
2026-09-15,овсянников мыло,Костромская область,10699,campaign,DEVICE_ALL,association,3,марсельское мыло,7,5
2026-09-15,овсянников мыло,Костромская область,10699,campaign,DEVICE_ALL,association,4,кокосовое хозяйственное мыло,1,5
2026-09-15,овсянников мыло,Костромская область,10699,campaign,DEVICE_ALL,association,5,soap skin,9,5
2026-09-15,овсянников мыло,Костромская область,10699,campaign,DEVICE_ALL,association,6,мыло земляничное,4,5
2026-09-15,овсянников мыло,Костромская область,10699,campaign,DEVICE_ALL,association,7,можно ли умываться мылом,3,5
2026-09-15,овсянников мыло,Костромская область,10699,campaign,DEVICE_ALL,association,8,можно ли мыться дегтярным мылом,1,5
2026-09-15,овсянников мыло,Костромская область,10699,campaign,DEVICE_ALL,association,9,можно ли мыть лицо дегтярным мылом,1,5
2026-09-15,овсянников мыло,Липецкая область,10712,campaign,DEVICE_ALL,association,1,дегтярное мыло,586,3
2026-09-15,овсянников мыло,Липецкая область,10712,campaign,DEVICE_ALL,association,2,дегтярное мыло для чего,89,3
2026-09-15,овсянников мыло,Липецкая область,10712,campaign,DEVICE_ALL,association,3,марсельское мыло,3,3
2026-09-15,овсянников мыло,Липецкая область,10712,campaign,DEVICE_ALL,association,4,мыление мыла,30,3
2026-09-15,овсянников мыло,Липецкая область,10712,campaign,DEVICE_ALL,association,5,кокосовое хозяйственное мыло,9,3
2026-09-15,овсянников мыло,Липецкая область,10712,campaign,DEVICE_ALL,association,6,soap skin,9,3
2026-09-15,овсянников мыло,Липецкая область,10712,campaign,DEVICE_ALL,association,7,мыло земляничное,4,3
2026-09-15,овсянников мыло,Липецкая область,10712,campaign,DEVICE_ALL,association,8,можно ли умываться мылом,16,3
2026-09-15,овсянников мыло,Липецкая область,10712,campaign,DEVICE_ALL,association,9,можно ли умываться дегтярным мылом,2,3
2026-09-15,овсянников мыло,Липецкая область,10712,campaign,DEVICE_ALL,association,10,зеленое мыло от мучнистого червеца,2,3
2026-09-15,овсянников мыло,Липецкая область,10712,campaign,DEVICE_ALL,association,11,хозяйственное мыло для лица,2,3
2026-09-15,овсянников мыло,Республика Башкортостан,11111,campaign,DEVICE_ALL,association,1,дегтярное мыло,2056,11
2026-09-15,овсянников мыло,Республика Башкортостан,11111,campaign,DEVICE_ALL,association,2,дегтярное мыло для чего,256,11
2026-09-15,овсянников мыло,Республика Башкортостан,11111,campaign,DEVICE_ALL,association,3,марсельское мыло,26,11
2026-09-15,овсянников мыло,Республика Башкортостан,11111,campaign,DEVICE_ALL,association,4,мыление мыла,8,11
2026-09-15,овсянников мыло,Республика Башкортостан,11111,campaign,DEVICE_ALL,association,5,кокосовое хозяйственное мыло,8,11
2026-09-15,овсянников мыло,Республика Башкортостан,11111,campaign,DEVICE_ALL,association,6,soap skin,37,11
2026-09-15,овсянников мыло,Республика Башкортостан,11111,campaign,DEVICE_ALL,association,7,мыло земляничное,15,11
2026-09-15,овсянников мыло,Республика Башкортостан,11111,campaign,DEVICE_ALL,association,8,можно ли умываться мылом,19,11
2026-09-15,овсянников мыло,Республика Башкортостан,11111,campaign,DEVICE_ALL,association,9,можно ли умываться дегтярным мылом,3,11
2026-09-15,овсянников мыло,Республика Башкортостан,11111,campaign,DEVICE_ALL,association,10,можно ли мыться дегтярным мылом,8,11
2026-09-15,овсянников мыло,Республика Башкортостан,11111,campaign,DEVICE_ALL,association,11,зеленое мыло от каких вредителей,1,11
2026-09-15,овсянников мыло,Республика Башкортостан,11111,campaign,DEVICE_ALL,association,12,можно ли мыть лицо дегтярным мылом,8,11
2026-09-15,овсянников мыло,Республика Башкортостан,11111,campaign,DEVICE_ALL,association,13,хозяйственное мыло для лица,8,11
2026-09-15,овсянников мыло,Новосибирская область,11316,campaign,DEVICE_ALL,association,1,дегтярное мыло,1587,18
2026-09-15,овсянников мыло,Новосибирская область,11316,campaign,DEVICE_ALL,association,2,дегтярное мыло для чего,140,18
2026-09-15,овсянников мыло,Новосибирская область,11316,campaign,DEVICE_ALL,association,3,марсельское мыло,17,18
2026-09-15,овсянников мыло,Новосибирская область,11316,campaign,DEVICE_ALL,association,4,мыление мыла,4,18
2026-09-15,овсянников мыло,Новосибирская область,11316,campaign,DEVICE_ALL,association,5,кокосовое хозяйственное мыло,22,18
2026-09-15,овсянников мыло,Новосибирская область,11316,campaign,DEVICE_ALL,association,6,soap skin,50,18
2026-09-15,овсянников мыло,Новосибирская область,11316,campaign,DEVICE_ALL,association,7,мыло земляничное,25,18
2026-09-15,овсянников мыло,Новосибирская область,11316,campaign,DEVICE_ALL,association,8,можно ли умываться мылом,22,18
2026-09-15,овсянников мыло,Новосибирская область,11316,campaign,DEVICE_ALL,association,9,можно ли умываться дегтярным мылом,4,18
2026-09-15,овсянников мыло,Новосибирская область,11316,campaign,DEVICE_ALL,association,10,можно ли мыться дегтярным мылом,5,18
2026-09-15,овсянников мыло,Новосибирская область,11316,campaign,DEVICE_ALL,association,11,зеленое мыло от каких вредителей,7,18
2026-09-15,овсянников мыло,Новосибирская область,11316,campaign,DEVICE_ALL,association,12,можно ли мыть лицо дегтярным мылом,6,18
2026-09-15,овсянников мыло,Саратовская область,11146,campaign,DEVICE_ALL,association,1,дегтярное мыло,1170,2
2026-09-15,овсянников мыло,Саратовская область,11146,campaign,DEVICE_ALL,association,2,дегтярное мыло для чего,164,2
2026-09-15,овсянников мыло,Саратовская область,11146,campaign,DEVICE_ALL,association,3,марсельское мыло,2,2
2026-09-15,овсянников мыло,Саратовская область,11146,campaign,DEVICE_ALL,association,4,мыление мыла,1,2
2026-09-15,овсянников мыло,Саратовская область,11146,campaign,DEVICE_ALL,association,5,кокосовое хозяйственное мыло,17,2
2026-09-15,овсянников мыло,Саратовская область,11146,campaign,DEVICE_ALL,association,6,soap skin,21,2
2026-09-15,овсянников мыло,Саратовская область,11146,campaign,DEVICE_ALL,association,7,мыло земляничное,19,2
2026-09-15,овсянников мыло,Саратовская область,11146,campaign,DEVICE_ALL,association,8,можно ли умываться мылом,18,2
2026-09-15,овсянников мыло,Саратовская область,11146,campaign,DEVICE_ALL,association,9,можно ли умываться дегтярным мылом,5,2
2026-09-15,овсянников мыло,Саратовская область,11146,campaign,DEVICE_ALL,association,10,можно ли мыться дегтярным мылом,3,2
2026-09-15,овсянников мыло,Саратовская область,11146,campaign,DEVICE_ALL,association,11,можно ли мыть лицо дегтярным мылом,2,2
2026-09-15,овсянников мыло,Саратовская область,11146,campaign,DEVICE_ALL,association,12,зеленое мыло от мучнистого червеца,6,2
2026-09-15,овсянников мыло,Саратовская область,11146,campaign,DEVICE_ALL,association,13,хозяйственное мыло для лица,5,2
2026-09-15,овсянников мыло,Вологодская область,10853,campaign,DEVICE_ALL,association,1,дегтярное мыло,598,1
2026-09-15,овсянников мыло,Вологодская область,10853,campaign,DEVICE_ALL,association,2,дегтярное мыло для чего,41,1
2026-09-15,овсянников мыло,Вологодская область,10853,campaign,DEVICE_ALL,association,3,марсельское мыло,8,1
2026-09-15,овсянников мыло,Вологодская область,10853,campaign,DEVICE_ALL,association,4,кокосовое хозяйственное мыло,1,1
2026-09-15,овсянников мыло,Вологодская область,10853,campaign,DEVICE_ALL,association,5,soap skin,21,1
2026-09-15,овсянников мыло,Вологодская область,10853,campaign,DEVICE_ALL,association,6,мыло земляничное,21,1
2026-09-15,овсянников мыло,Вологодская область,10853,campaign,DEVICE_ALL,association,7,можно ли умываться мылом,5,1
2026-09-15,овсянников мыло,Вологодская область,10853,campaign,DEVICE_ALL,association,8,можно ли умываться дегтярным мылом,2,1
2026-09-15,овсянников мыло,Вологодская область,10853,campaign,DEVICE_ALL,association,9,можно ли мыться дегтярным мылом,6,1
2026-09-15,овсянников мыло,Вологодская область,10853,campaign,DEVICE_ALL,association,10,можно ли мыть лицо дегтярным мылом,2,1
2026-09-15,овсянников мыло,Вологодская область,10853,campaign,DEVICE_ALL,association,11,хозяйственное мыло для лица,3,1
2026-09-15,овсянников мыло,Ивановская область,10687,campaign,DEVICE_ALL,association,1,мыло антипятин,27,2
2026-09-15,овсянников мыло,Ивановская область,10687,campaign,DEVICE_ALL,association,2,дегтярное мыло польза для кожи,10,2
2026-09-15,овсянников мыло,Ивановская область,10687,campaign,DEVICE_ALL,association,3,для чего нужно дегтярное мыло,5,2
2026-09-15,овсянников мыло,Ивановская область,10687,campaign,DEVICE_ALL,association,4,марсельское мыло,9,2
2026-09-15,овсянников мыло,Ивановская область,10687,campaign,DEVICE_ALL,association,5,овсяный кисель из геркулеса бабушкин рецепт,6,2
2026-09-15,овсянников мыло,Ивановская область,10687,campaign,DEVICE_ALL,association,6,кокосовое хозяйственное мыло,15,2
2026-09-15,овсянников мыло,Ивановская область,10687,campaign,DEVICE_ALL,association,7,овсяный кисель польза и вред,7,2
2026-09-15,овсянников мыло,Ивановская область,10687,campaign,DEVICE_ALL,association,8,гидрофильное масло для умывания как пользоваться,5,2
2026-09-15,овсянников мыло,Ивановская область,10687,campaign,DEVICE_ALL,association,9,мыло хозяйственное отбеливающее,20,2
2026-09-15,овсянников мыло,Ивановская область,10687,campaign,DEVICE_ALL,association,10,хозяйственное мыло для лица,5,2
2026-09-15,овсянников мыло,Ивановская область,10687,campaign,DEVICE_ALL,association,11,хозяйственное мыло русь,2,2
2026-09-15,овсянников мыло,Омская область,11318,campaign,DEVICE_ALL,association,1,дегтярное мыло,992,3
2026-09-15,овсянников мыло,Омская область,11318,campaign,DEVICE_ALL,association,2,дегтярное мыло для чего,125,3
2026-09-15,овсянников мыло,Омская область,11318,campaign,DEVICE_ALL,association,3,марсельское мыло,11,3
2026-09-15,овсянников мыло,Омская область,11318,campaign,DEVICE_ALL,association,4,кокосовое хозяйственное мыло,6,3
2026-09-15,овсянников мыло,Омская область,11318,campaign,DEVICE_ALL,association,5,soap skin,17,3
2026-09-15,овсянников мыло,Омская область,11318,campaign,DEVICE_ALL,association,6,мыло земляничное,12,3
2026-09-15,овсянников мыло,Омская область,11318,campaign,DEVICE_ALL,association,7,можно ли умываться мылом,20,3
2026-09-15,овсянников мыло,Омская область,11318,campaign,DEVICE_ALL,association,8,можно ли умываться дегтярным мылом,2,3
2026-09-15,овсянников мыло,Омская область,11318,campaign,DEVICE_ALL,association,9,можно ли мыть лицо дегтярным мылом,3,3
2026-09-15,овсянников мыло,Омская область,11318,campaign,DEVICE_ALL,association,10,хозяйственное мыло для лица,8,3
2026-09-15,овсянников мыло,Астраханская область,10946,control,DEVICE_ALL,association,1,дегтярное мыло,475,4
2026-09-15,овсянников мыло,Астраханская область,10946,control,DEVICE_ALL,association,2,дегтярное мыло для чего,98,4
2026-09-15,овсянников мыло,Астраханская область,10946,control,DEVICE_ALL,association,3,марсельское мыло,1,4
2026-09-15,овсянников мыло,Астраханская область,10946,control,DEVICE_ALL,association,4,кокосовое хозяйственное мыло,3,4
2026-09-15,овсянников мыло,Астраханская область,10946,control,DEVICE_ALL,association,5,soap skin,6,4
2026-09-15,овсянников мыло,Астраханская область,10946,control,DEVICE_ALL,association,6,мыло земляничное,4,4
2026-09-15,овсянников мыло,Астраханская область,10946,control,DEVICE_ALL,association,7,можно ли умываться мылом,7,4
2026-09-15,овсянников мыло,Астраханская область,10946,control,DEVICE_ALL,association,8,можно ли умываться дегтярным мылом,2,4
2026-09-15,овсянников мыло,Астраханская область,10946,control,DEVICE_ALL,association,9,можно ли мыться дегтярным мылом,1,4
2026-09-15,овсянников мыло,Астраханская область,10946,control,DEVICE_ALL,association,10,хозяйственное мыло для лица,3,4
2026-09-15,овсянников мыло,Кемеровская область,11282,control,DEVICE_ALL,association,1,дегтярное мыло,1308,1
2026-09-15,овсянников мыло,Кемеровская область,11282,control,DEVICE_ALL,association,2,дегтярное мыло для чего,188,1
2026-09-15,овсянников мыло,Кемеровская область,11282,control,DEVICE_ALL,association,3,марсельское мыло,4,1
2026-09-15,овсянников мыло,Кемеровская область,11282,control,DEVICE_ALL,association,4,кокосовое хозяйственное мыло,26,1
2026-09-15,овсянников мыло,Кемеровская область,11282,control,DEVICE_ALL,association,5,soap skin,18,1
2026-09-15,овсянников мыло,Кемеровская область,11282,control,DEVICE_ALL,association,6,мыло земляничное,2,1
2026-09-15,овсянников мыло,Кемеровская область,11282,control,DEVICE_ALL,association,7,можно ли умываться мылом,11,1
2026-09-15,овсянников мыло,Кемеровская область,11282,control,DEVICE_ALL,association,8,можно ли мыться дегтярным мылом,6,1
2026-09-15,овсянников мыло,Кемеровская область,11282,control,DEVICE_ALL,association,9,можно ли мыть лицо дегтярным мылом,6,1
2026-09-15,овсянников мыло,Кемеровская область,11282,control,DEVICE_ALL,association,10,хозяйственное мыло для лица,7,1
2026-09-15,овсянников мыло,Кировская область,11070,control,DEVICE_ALL,association,1,дегтярное мыло,602,17
2026-09-15,овсянников мыло,Кировская область,11070,control,DEVICE_ALL,association,2,дегтярное мыло для чего,64,17
2026-09-15,овсянников мыло,Кировская область,11070,control,DEVICE_ALL,association,3,марсельское мыло,2,17
2026-09-15,овсянников мыло,Кировская область,11070,control,DEVICE_ALL,association,4,мыление мыла,3,17
2026-09-15,овсянников мыло,Кировская область,11070,control,DEVICE_ALL,association,5,soap skin,20,17
2026-09-15,овсянников мыло,Кировская область,11070,control,DEVICE_ALL,association,6,мыло земляничное,8,17
2026-09-15,овсянников мыло,Кировская область,11070,control,DEVICE_ALL,association,7,можно ли умываться мылом,12,17
2026-09-15,овсянников мыло,Кировская область,11070,control,DEVICE_ALL,association,8,можно ли умываться дегтярным мылом,2,17
2026-09-15,овсянников мыло,Кировская область,11070,control,DEVICE_ALL,association,9,можно ли мыться дегтярным мылом,3,17
2026-09-15,овсянников мыло,Кировская область,11070,control,DEVICE_ALL,association,10,можно ли мыть лицо дегтярным мылом,1,17
2026-09-15,овсянников мыло,Ростовская область,11029,control,DEVICE_ALL,association,1,дегтярное мыло,2238,17
2026-09-15,овсянников мыло,Ростовская область,11029,control,DEVICE_ALL,association,2,дегтярное мыло для чего,433,17
2026-09-15,овсянников мыло,Ростовская область,11029,control,DEVICE_ALL,association,3,марсельское мыло,40,17
2026-09-15,овсянников мыло,Ростовская область,11029,control,DEVICE_ALL,association,4,кокосовое хозяйственное мыло,25,17
2026-09-15,овсянников мыло,Ростовская область,11029,control,DEVICE_ALL,association,5,soap skin,55,17
2026-09-15,овсянников мыло,Ростовская область,11029,control,DEVICE_ALL,association,6,мыло земляничное,49,17
2026-09-15,овсянников мыло,Ростовская область,11029,control,DEVICE_ALL,association,7,можно ли умываться мылом,41,17
2026-09-15,овсянников мыло,Ростовская область,11029,control,DEVICE_ALL,association,8,можно ли умываться дегтярным мылом,4,17
2026-09-15,овсянников мыло,Ростовская область,11029,control,DEVICE_ALL,association,9,можно ли мыться дегтярным мылом,3,17
2026-09-15,овсянников мыло,Ростовская область,11029,control,DEVICE_ALL,association,10,зеленое мыло от каких вредителей,5,17
2026-09-15,овсянников мыло,Ростовская область,11029,control,DEVICE_ALL,association,11,gaze мыло,3,17
2026-09-15,овсянников мыло,Ростовская область,11029,control,DEVICE_ALL,association,12,можно ли мыть лицо дегтярным мылом,7,17
2026-09-15,овсянников мыло,Ростовская область,11029,control,DEVICE_ALL,association,13,зеленое мыло от мучнистого червеца,2,17
2026-09-15,овсянников мыло,Ростовская область,11029,control,DEVICE_ALL,association,14,хозяйственное мыло для лица,11,17
2026-09-15,овсянников мыло,Тюменская область,11176,campaign,DEVICE_ALL,nested,1,овсянников мыло,13,13
2026-09-15,овсянников мыло,Тюменская область,11176,campaign,DEVICE_ALL,nested,2,гель мыло овсянников,7,13
2026-09-15,овсянников мыло,Тюменская область,11176,campaign,DEVICE_ALL,nested,3,мыло овсянников черный перец,4,13
2026-09-15,овсянников мыло,Тюменская область,11176,campaign,DEVICE_ALL,nested,4,овсянников мыло официальный сайт,1,13
2026-09-15,овсянников мыло,Волгоградская область,10950,campaign,DEVICE_ALL,nested,1,овсянников мыло,21,21
2026-09-15,овсянников мыло,Волгоградская область,10950,campaign,DEVICE_ALL,nested,2,овсянников мыло купить,7,21
2026-09-15,овсянников мыло,Воронежская область,10672,campaign,DEVICE_ALL,nested,1,овсянников мыло,14,14
2026-09-15,овсянников мыло,Воронежская область,10672,campaign,DEVICE_ALL,nested,2,овсянников мыло официальный сайт,3,14
2026-09-15,овсянников мыло,Орловская область,10772,campaign,DEVICE_ALL,nested,1,овсянников мыло,4,4
2026-09-15,овсянников мыло,Рязанская область,10776,campaign,DEVICE_ALL,nested,1,овсянников мыло,9,9
2026-09-15,овсянников мыло,Рязанская область,10776,campaign,DEVICE_ALL,nested,2,овсянников мыло отзывы,2,9
2026-09-15,овсянников мыло,Ярославская область,10841,campaign,DEVICE_ALL,nested,1,овсянников мыло,36,36
2026-09-15,овсянников мыло,Ярославская область,10841,campaign,DEVICE_ALL,nested,2,овсянников мыло жидкое,7,36
2026-09-15,овсянников мыло,Ярославская область,10841,campaign,DEVICE_ALL,nested,3,овсянников мыло купить,5,36
2026-09-15,овсянников мыло,Ярославская область,10841,campaign,DEVICE_ALL,nested,4,жидкое мыло черный перец овсянников,5,36
2026-09-15,овсянников мыло,Ярославская область,10841,campaign,DEVICE_ALL,nested,5,мыло овсянников черный перец,5,36
2026-09-15,овсянников мыло,Ярославская область,10841,campaign,DEVICE_ALL,nested,6,мыло и крем овсянников,2,36
2026-09-15,овсянников мыло,Ярославская область,10841,campaign,DEVICE_ALL,nested,7,овсянников мыло официальный сайт,2,36
2026-09-15,овсянников мыло,Костромская область,10699,campaign,DEVICE_ALL,nested,1,овсянников мыло,5,5
2026-09-15,овсянников мыло,Липецкая область,10712,campaign,DEVICE_ALL,nested,1,овсянников мыло,3,3
2026-09-15,овсянников мыло,Липецкая область,10712,campaign,DEVICE_ALL,nested,2,пенное мыло овсянников,2,3
2026-09-15,овсянников мыло,Липецкая область,10712,campaign,DEVICE_ALL,nested,3,мыло овсянников черный перец,1,3
2026-09-15,овсянников мыло,Республика Башкортостан,11111,campaign,DEVICE_ALL,nested,1,овсянников мыло,11,11
2026-09-15,овсянников мыло,Республика Башкортостан,11111,campaign,DEVICE_ALL,nested,2,овсянников мыло жидкое,4,11
2026-09-15,овсянников мыло,Республика Башкортостан,11111,campaign,DEVICE_ALL,nested,3,мыло для рук овсянников,4,11
2026-09-15,овсянников мыло,Республика Башкортостан,11111,campaign,DEVICE_ALL,nested,4,мыло овсянников черный перец,2,11
2026-09-15,овсянников мыло,Новосибирская область,11316,campaign,DEVICE_ALL,nested,1,овсянников мыло,18,18
2026-09-15,овсянников мыло,Новосибирская область,11316,campaign,DEVICE_ALL,nested,2,овсянников мыло официальный сайт,3,18
2026-09-15,овсянников мыло,Саратовская область,11146,campaign,DEVICE_ALL,nested,1,овсянников мыло,2,2
2026-09-15,овсянников мыло,Вологодская область,10853,campaign,DEVICE_ALL,nested,1,овсянников мыло,1,1
2026-09-15,овсянников мыло,Ивановская область,10687,campaign,DEVICE_ALL,nested,1,мыло и крем овсянников,2,2
2026-09-15,овсянников мыло,Ивановская область,10687,campaign,DEVICE_ALL,nested,2,овсянников мыло,2,2
2026-09-15,овсянников мыло,Омская область,11318,campaign,DEVICE_ALL,nested,1,овсянников мыло,3,3
2026-09-15,овсянников мыло,Омская область,11318,campaign,DEVICE_ALL,nested,2,овсянников мыло жидкое,1,3
2026-09-15,овсянников мыло,Астраханская область,10946,control,DEVICE_ALL,nested,1,овсянников мыло,4,4
2026-09-15,овсянников мыло,Кемеровская область,11282,control,DEVICE_ALL,nested,1,овсянников мыло,1,1
2026-09-15,овсянников мыло,Кировская область,11070,control,DEVICE_ALL,nested,1,овсянников мыло,17,17
2026-09-15,овсянников мыло,Кировская область,11070,control,DEVICE_ALL,nested,2,овсянников мыло официальный сайт,3,17
2026-09-15,овсянников мыло,Кировская область,11070,control,DEVICE_ALL,nested,3,гель мыло овсянников,2,17
2026-09-15,овсянников мыло,Кировская область,11070,control,DEVICE_ALL,nested,4,мыло овсянников черный перец,2,17
2026-09-15,овсянников мыло,Кировская область,11070,control,DEVICE_ALL,nested,5,овсянников мыло купить,2,17
2026-09-15,овсянников мыло,Ростовская область,11029,control,DEVICE_ALL,nested,1,овсянников мыло,17,17
2026-09-15,овсянников мыло,Ростовская область,11029,control,DEVICE_ALL,nested,2,овсянников мыло жидкое,8,17
2026-09-15,овсянников мыло,Ростовская область,11029,control,DEVICE_ALL,nested,3,жидкое мыло черный перец овсянников,4,17
2026-09-15,овсянников мыло,Ростовская область,11029,control,DEVICE_ALL,nested,4,мыло овсянников черный перец,4,17
2026-09-15,овсянников мыло,Ростовская область,11029,control,DEVICE_ALL,nested,5,овсянников мыло жидкое купить,3,17
2026-09-15,овсянников мыло,Ростовская область,11029,control,DEVICE_ALL,nested,6,овсянников мыло купить,3,17
2026-09-15,овсянников мыло,Ростовская область,11029,control,DEVICE_ALL,nested,7,парфюмированное мыло овсянников,1,17
2026-09-15,овсянников сайт,Тюменская область,11176,campaign,DEVICE_ALL,association,1,столички официальный сайт,11,2
2026-09-15,овсянников сайт,Тюменская область,11176,campaign,DEVICE_ALL,association,2,4pda официальный сайт,21,2
2026-09-15,овсянников сайт,Тюменская область,11176,campaign,DEVICE_ALL,association,3,эссевен официальный сайт,13,2
2026-09-15,овсянников сайт,Тюменская область,11176,campaign,DEVICE_ALL,association,4,юду ру официальный сайт,17,2
2026-09-15,овсянников сайт,Тюменская область,11176,campaign,DEVICE_ALL,association,5,рциот официальный сайт,39,2
2026-09-15,овсянников сайт,Тюменская область,11176,campaign,DEVICE_ALL,association,6,миуз официальный сайт,19,2
2026-09-15,овсянников сайт,Тюменская область,11176,campaign,DEVICE_ALL,association,7,n8n официальный сайт,13,2
2026-09-15,овсянников сайт,Тюменская область,11176,campaign,DEVICE_ALL,association,8,уига официальный сайт,20,2
2026-09-15,овсянников сайт,Тюменская область,11176,campaign,DEVICE_ALL,association,9,unode50 официальный сайт,6,2
2026-09-15,овсянников сайт,Тюменская область,11176,campaign,DEVICE_ALL,association,10,тгасу официальный сайт,9,2
2026-09-15,овсянников сайт,Тюменская область,11176,campaign,DEVICE_ALL,association,11,incy официальный сайт,16,2
2026-09-15,овсянников сайт,Тюменская область,11176,campaign,DEVICE_ALL,association,12,мыц официальный сайт,1,2
2026-09-15,овсянников сайт,Тюменская область,11176,campaign,DEVICE_ALL,association,13,учз официальный сайт,9,2
2026-09-15,овсянников сайт,Тюменская область,11176,campaign,DEVICE_ALL,association,14,ямк официальный сайт,87,2
2026-09-15,овсянников сайт,Тюменская область,11176,campaign,DEVICE_ALL,association,15,bmai официальный сайт,21,2
2026-09-15,овсянников сайт,Волгоградская область,10950,campaign,DEVICE_ALL,association,1,эсф портал,8,15
2026-09-15,овсянников сайт,Волгоградская область,10950,campaign,DEVICE_ALL,association,2,портал улгу,3,15
2026-09-15,овсянников сайт,Волгоградская область,10950,campaign,DEVICE_ALL,association,3,адноклассника ру моя страница,2,15
2026-09-15,овсянников сайт,Волгоградская область,10950,campaign,DEVICE_ALL,association,4,портал мыюа,17,15
2026-09-15,овсянников сайт,Волгоградская область,10950,campaign,DEVICE_ALL,association,5,нфмо портал личный кабинет,4,15
2026-09-15,овсянников сайт,Волгоградская область,10950,campaign,DEVICE_ALL,association,6,веб страница это,261,15
2026-09-15,овсянников сайт,Волгоградская область,10950,campaign,DEVICE_ALL,association,7,https ya ruодноклассники моя страничка,12,15
2026-09-15,овсянников сайт,Волгоградская область,10950,campaign,DEVICE_ALL,association,8,веб портал,164,15
2026-09-15,овсянников сайт,Воронежская область,10672,campaign,DEVICE_ALL,association,1,столички официальный сайт,168,11
2026-09-15,овсянников сайт,Воронежская область,10672,campaign,DEVICE_ALL,association,2,4pda официальный сайт,85,11
2026-09-15,овсянников сайт,Воронежская область,10672,campaign,DEVICE_ALL,association,3,юду ру официальный сайт,42,11
2026-09-15,овсянников сайт,Воронежская область,10672,campaign,DEVICE_ALL,association,4,рциот официальный сайт,23,11
2026-09-15,овсянников сайт,Воронежская область,10672,campaign,DEVICE_ALL,association,5,улгу официальный сайт,6,11
2026-09-15,овсянников сайт,Воронежская область,10672,campaign,DEVICE_ALL,association,6,миуз официальный сайт,64,11
2026-09-15,овсянников сайт,Воронежская область,10672,campaign,DEVICE_ALL,association,7,n8n официальный сайт,5,11
2026-09-15,овсянников сайт,Воронежская область,10672,campaign,DEVICE_ALL,association,8,уига официальный сайт,1,11
2026-09-15,овсянников сайт,Воронежская область,10672,campaign,DEVICE_ALL,association,9,unode50 официальный сайт,1,11
2026-09-15,овсянников сайт,Воронежская область,10672,campaign,DEVICE_ALL,association,10,incy официальный сайт,27,11
2026-09-15,овсянников сайт,Воронежская область,10672,campaign,DEVICE_ALL,association,11,мыц официальный сайт,5,11
2026-09-15,овсянников сайт,Воронежская область,10672,campaign,DEVICE_ALL,association,12,учз официальный сайт,10,11
2026-09-15,овсянников сайт,Воронежская область,10672,campaign,DEVICE_ALL,association,13,ямк официальный сайт,1,11
2026-09-15,овсянников сайт,Воронежская область,10672,campaign,DEVICE_ALL,association,14,bmai официальный сайт,4,11
2026-09-15,овсянников сайт,Республика Мордовия,11117,campaign,DEVICE_ALL,association,1,биодерма официальный сайт,5,1
2026-09-15,овсянников сайт,Республика Мордовия,11117,campaign,DEVICE_ALL,association,2,mesomatrix официальный сайт,2,1
2026-09-15,овсянников сайт,Республика Мордовия,11117,campaign,DEVICE_ALL,association,3,icon skin официальный сайт,1,1
2026-09-15,овсянников сайт,Республика Мордовия,11117,campaign,DEVICE_ALL,association,4,limba cosmetics официальный сайт,2,1
2026-09-15,овсянников сайт,Республика Мордовия,11117,campaign,DEVICE_ALL,association,5,фитокосметик официальный сайт,2,1
2026-09-15,овсянников сайт,Республика Мордовия,11117,campaign,DEVICE_ALL,association,6,bioderma официальный сайт,2,1
2026-09-15,овсянников сайт,Республика Мордовия,11117,campaign,DEVICE_ALL,association,7,арнокосметик официальный сайт,1,1
2026-09-15,овсянников сайт,Республика Мордовия,11117,campaign,DEVICE_ALL,association,8,созвездие красоты интернет магазин официальный сайт,1,1
2026-09-15,овсянников сайт,Республика Мордовия,11117,campaign,DEVICE_ALL,association,9,плеяна косметика официальный,1,1
2026-09-15,овсянников сайт,Республика Мордовия,11117,campaign,DEVICE_ALL,association,10,sasha cosmetics официальный сайт,3,1
2026-09-15,овсянников сайт,Орловская область,10772,campaign,DEVICE_ALL,association,1,веб страница это,48,6
2026-09-15,овсянников сайт,Орловская область,10772,campaign,DEVICE_ALL,association,2,https ya ruодноклассники моя страничка,3,6
2026-09-15,овсянников сайт,Орловская область,10772,campaign,DEVICE_ALL,association,3,веб портал,33,6
2026-09-15,овсянников сайт,Рязанская область,10776,campaign,DEVICE_ALL,association,1,безкомплексов ру моя страница,1,4
2026-09-15,овсянников сайт,Рязанская область,10776,campaign,DEVICE_ALL,association,2,портал мыюа,1,4
2026-09-15,овсянников сайт,Рязанская область,10776,campaign,DEVICE_ALL,association,3,нфмо портал личный кабинет,11,4
2026-09-15,овсянников сайт,Рязанская область,10776,campaign,DEVICE_ALL,association,4,ожнокласники ру моя страница,4,4
2026-09-15,овсянников сайт,Рязанская область,10776,campaign,DEVICE_ALL,association,5,веб страница это,41,4
2026-09-15,овсянников сайт,Рязанская область,10776,campaign,DEVICE_ALL,association,6,твоятерритория ру онлайн,1,4
2026-09-15,овсянников сайт,Рязанская область,10776,campaign,DEVICE_ALL,association,7,https ya ruодноклассники моя страничка,3,4
2026-09-15,овсянников сайт,Рязанская область,10776,campaign,DEVICE_ALL,association,8,веб портал,16,4
2026-09-15,овсянников сайт,Ярославская область,10841,campaign,DEVICE_ALL,association,1,портал мыюа,13,20
2026-09-15,овсянников сайт,Ярославская область,10841,campaign,DEVICE_ALL,association,2,нфмо портал личный кабинет,1,20
2026-09-15,овсянников сайт,Ярославская область,10841,campaign,DEVICE_ALL,association,3,ожнокласники ру моя страница,2,20
2026-09-15,овсянников сайт,Ярославская область,10841,campaign,DEVICE_ALL,association,4,веб страница это,67,20
2026-09-15,овсянников сайт,Ярославская область,10841,campaign,DEVICE_ALL,association,5,твоятерритория ру онлайн,3,20
2026-09-15,овсянников сайт,Ярославская область,10841,campaign,DEVICE_ALL,association,6,веб портал,34,20
2026-09-15,овсянников сайт,Костромская область,10699,campaign,DEVICE_ALL,association,1,биодерма официальный сайт,8,5
2026-09-15,овсянников сайт,Костромская область,10699,campaign,DEVICE_ALL,association,2,фармакосметика официальный сайт,13,5
2026-09-15,овсянников сайт,Костромская область,10699,campaign,DEVICE_ALL,association,3,mesomatrix официальный сайт,1,5
2026-09-15,овсянников сайт,Костромская область,10699,campaign,DEVICE_ALL,association,4,icon skin официальный сайт,3,5
2026-09-15,овсянников сайт,Костромская область,10699,campaign,DEVICE_ALL,association,5,фитокосметик официальный сайт,1,5
2026-09-15,овсянников сайт,Костромская область,10699,campaign,DEVICE_ALL,association,6,плеяна косметика официальный,15,5
2026-09-15,овсянников сайт,Костромская область,10699,campaign,DEVICE_ALL,association,7,sasha cosmetics официальный сайт,3,5
2026-09-15,овсянников сайт,Республика Башкортостан,11111,campaign,DEVICE_ALL,association,1,эсф портал,2,2
2026-09-15,овсянников сайт,Республика Башкортостан,11111,campaign,DEVICE_ALL,association,2,портал улгу,3,2
2026-09-15,овсянников сайт,Республика Башкортостан,11111,campaign,DEVICE_ALL,association,3,портал ииас,3,2
2026-09-15,овсянников сайт,Республика Башкортостан,11111,campaign,DEVICE_ALL,association,4,нфмо портал личный кабинет,41,2
2026-09-15,овсянников сайт,Республика Башкортостан,11111,campaign,DEVICE_ALL,association,5,ожнокласники ру моя страница,3,2
2026-09-15,овсянников сайт,Республика Башкортостан,11111,campaign,DEVICE_ALL,association,6,веб страница это,330,2
2026-09-15,овсянников сайт,Республика Башкортостан,11111,campaign,DEVICE_ALL,association,7,твоятерритория ру онлайн,1,2
2026-09-15,овсянников сайт,Республика Башкортостан,11111,campaign,DEVICE_ALL,association,8,https ya ruодноклассники моя страничка,13,2
2026-09-15,овсянников сайт,Республика Башкортостан,11111,campaign,DEVICE_ALL,association,9,веб портал,163,2
2026-09-15,овсянников сайт,Новосибирская область,11316,campaign,DEVICE_ALL,association,1,эсф портал,48,19
2026-09-15,овсянников сайт,Новосибирская область,11316,campaign,DEVICE_ALL,association,2,эсф портал вход,1,19
2026-09-15,овсянников сайт,Новосибирская область,11316,campaign,DEVICE_ALL,association,3,безкомплексов ру моя страница,2,19
2026-09-15,овсянников сайт,Новосибирская область,11316,campaign,DEVICE_ALL,association,4,нфмо портал личный кабинет,5,19
2026-09-15,овсянников сайт,Новосибирская область,11316,campaign,DEVICE_ALL,association,5,ожнокласники ру моя страница,92,19
2026-09-15,овсянников сайт,Новосибирская область,11316,campaign,DEVICE_ALL,association,6,веб страница это,209,19
2026-09-15,овсянников сайт,Новосибирская область,11316,campaign,DEVICE_ALL,association,7,xhwebsite com,2,19
2026-09-15,овсянников сайт,Новосибирская область,11316,campaign,DEVICE_ALL,association,8,твоятерритория ру онлайн,1,19
2026-09-15,овсянников сайт,Новосибирская область,11316,campaign,DEVICE_ALL,association,9,https ya ruодноклассники моя страничка,8,19
2026-09-15,овсянников сайт,Новосибирская область,11316,campaign,DEVICE_ALL,association,10,веб портал,115,19
2026-09-15,овсянников сайт,Саратовская область,11146,campaign,DEVICE_ALL,association,1,биодерма официальный сайт,29,6
2026-09-15,овсянников сайт,Саратовская область,11146,campaign,DEVICE_ALL,association,2,mesomatrix официальный сайт,3,6
2026-09-15,овсянников сайт,Саратовская область,11146,campaign,DEVICE_ALL,association,3,icon skin официальный сайт,3,6
2026-09-15,овсянников сайт,Саратовская область,11146,campaign,DEVICE_ALL,association,4,limba cosmetics официальный сайт,5,6
2026-09-15,овсянников сайт,Саратовская область,11146,campaign,DEVICE_ALL,association,5,фитокосметик официальный сайт,3,6
2026-09-15,овсянников сайт,Саратовская область,11146,campaign,DEVICE_ALL,association,6,bioderma официальный сайт,3,6
2026-09-15,овсянников сайт,Саратовская область,11146,campaign,DEVICE_ALL,association,7,nikk mole официальный сайт,1,6
2026-09-15,овсянников сайт,Саратовская область,11146,campaign,DEVICE_ALL,association,8,veritate cosmetics официальный сайт,2,6
2026-09-15,овсянников сайт,Саратовская область,11146,campaign,DEVICE_ALL,association,9,арнокосметик официальный сайт,1,6
2026-09-15,овсянников сайт,Саратовская область,11146,campaign,DEVICE_ALL,association,10,плеяна косметика официальный,7,6
2026-09-15,овсянников сайт,Саратовская область,11146,campaign,DEVICE_ALL,association,11,янссен косметикс официальный сайт,1,6
2026-09-15,овсянников сайт,Саратовская область,11146,campaign,DEVICE_ALL,association,12,сиберика косметика официальный интернет магазин,2,6
2026-09-15,овсянников сайт,Томская область,11353,campaign,DEVICE_ALL,association,1,биодерма официальный сайт,22,1
2026-09-15,овсянников сайт,Томская область,11353,campaign,DEVICE_ALL,association,2,icon skin официальный сайт,2,1
2026-09-15,овсянников сайт,Томская область,11353,campaign,DEVICE_ALL,association,3,limba cosmetics официальный сайт,2,1
2026-09-15,овсянников сайт,Томская область,11353,campaign,DEVICE_ALL,association,4,фитокосметик официальный сайт,1,1
2026-09-15,овсянников сайт,Томская область,11353,campaign,DEVICE_ALL,association,5,bioderma официальный сайт,2,1
2026-09-15,овсянников сайт,Томская область,11353,campaign,DEVICE_ALL,association,6,плеяна косметика официальный,4,1
2026-09-15,овсянников сайт,Томская область,11353,campaign,DEVICE_ALL,association,7,янссен косметикс официальный сайт,8,1
2026-09-15,овсянников сайт,Вологодская область,10853,campaign,DEVICE_ALL,association,1,биодерма официальный сайт,7,2
2026-09-15,овсянников сайт,Вологодская область,10853,campaign,DEVICE_ALL,association,2,фармакосметика официальный сайт,23,2
2026-09-15,овсянников сайт,Вологодская область,10853,campaign,DEVICE_ALL,association,3,mesomatrix официальный сайт,8,2
2026-09-15,овсянников сайт,Вологодская область,10853,campaign,DEVICE_ALL,association,4,icon skin официальный сайт,3,2
2026-09-15,овсянников сайт,Вологодская область,10853,campaign,DEVICE_ALL,association,5,limba cosmetics официальный сайт,1,2
2026-09-15,овсянников сайт,Вологодская область,10853,campaign,DEVICE_ALL,association,6,фитокосметик официальный сайт,4,2
2026-09-15,овсянников сайт,Вологодская область,10853,campaign,DEVICE_ALL,association,7,bioderma официальный сайт,5,2
2026-09-15,овсянников сайт,Вологодская область,10853,campaign,DEVICE_ALL,association,8,nikk mole официальный сайт,1,2
2026-09-15,овсянников сайт,Вологодская область,10853,campaign,DEVICE_ALL,association,9,veritate cosmetics официальный сайт,2,2
2026-09-15,овсянников сайт,Вологодская область,10853,campaign,DEVICE_ALL,association,10,арнокосметик официальный сайт,3,2
2026-09-15,овсянников сайт,Вологодская область,10853,campaign,DEVICE_ALL,association,11,плеяна косметика официальный,2,2
2026-09-15,овсянников сайт,Вологодская область,10853,campaign,DEVICE_ALL,association,12,сиберика косметика официальный интернет магазин,1,2
2026-09-15,овсянников сайт,Алтайский край,11235,campaign,DEVICE_ALL,association,1,эсф портал,6,1
2026-09-15,овсянников сайт,Алтайский край,11235,campaign,DEVICE_ALL,association,2,безкомплексов ру моя страница,3,1
2026-09-15,овсянников сайт,Алтайский край,11235,campaign,DEVICE_ALL,association,3,портал мыюа,1,1
2026-09-15,овсянников сайт,Алтайский край,11235,campaign,DEVICE_ALL,association,4,нфмо портал личный кабинет,5,1
2026-09-15,овсянников сайт,Алтайский край,11235,campaign,DEVICE_ALL,association,5,ожнокласники ру моя страница,5,1
2026-09-15,овсянников сайт,Алтайский край,11235,campaign,DEVICE_ALL,association,6,веб страница это,110,1
2026-09-15,овсянников сайт,Алтайский край,11235,campaign,DEVICE_ALL,association,7,xhwebsite com,4,1
2026-09-15,овсянников сайт,Алтайский край,11235,campaign,DEVICE_ALL,association,8,твоятерритория ру онлайн,2,1
2026-09-15,овсянников сайт,Алтайский край,11235,campaign,DEVICE_ALL,association,9,https ya ruодноклассники моя страничка,7,1
2026-09-15,овсянников сайт,Алтайский край,11235,campaign,DEVICE_ALL,association,10,веб портал,61,1
2026-09-15,овсянников сайт,Омская область,11318,campaign,DEVICE_ALL,association,1,столички официальный сайт,17,1
2026-09-15,овсянников сайт,Омская область,11318,campaign,DEVICE_ALL,association,2,4pda официальный сайт,59,1
2026-09-15,овсянников сайт,Омская область,11318,campaign,DEVICE_ALL,association,3,эссевен официальный сайт,65,1
2026-09-15,овсянников сайт,Омская область,11318,campaign,DEVICE_ALL,association,4,юду ру официальный сайт,15,1
2026-09-15,овсянников сайт,Омская область,11318,campaign,DEVICE_ALL,association,5,рциот официальный сайт,60,1
2026-09-15,овсянников сайт,Омская область,11318,campaign,DEVICE_ALL,association,6,миуз официальный сайт,16,1
2026-09-15,овсянников сайт,Омская область,11318,campaign,DEVICE_ALL,association,7,n8n официальный сайт,11,1
2026-09-15,овсянников сайт,Омская область,11318,campaign,DEVICE_ALL,association,8,уига официальный сайт,4,1
2026-09-15,овсянников сайт,Омская область,11318,campaign,DEVICE_ALL,association,9,тгасу официальный сайт,1,1
2026-09-15,овсянников сайт,Омская область,11318,campaign,DEVICE_ALL,association,10,incy официальный сайт,8,1
2026-09-15,овсянников сайт,Омская область,11318,campaign,DEVICE_ALL,association,11,мыц официальный сайт,6,1
2026-09-15,овсянников сайт,Омская область,11318,campaign,DEVICE_ALL,association,12,учз официальный сайт,17,1
2026-09-15,овсянников сайт,Омская область,11318,campaign,DEVICE_ALL,association,13,ямк официальный сайт,1,1
2026-09-15,овсянников сайт,Омская область,11318,campaign,DEVICE_ALL,association,14,bmai официальный сайт,4,1
2026-09-15,овсянников сайт,Кемеровская область,11282,control,DEVICE_ALL,association,1,эсф портал,2,1
2026-09-15,овсянников сайт,Кемеровская область,11282,control,DEVICE_ALL,association,2,екту портал,5,1
2026-09-15,овсянников сайт,Кемеровская область,11282,control,DEVICE_ALL,association,3,нфмо портал личный кабинет,9,1
2026-09-15,овсянников сайт,Кемеровская область,11282,control,DEVICE_ALL,association,4,ожнокласники ру моя страница,9,1
2026-09-15,овсянников сайт,Кемеровская область,11282,control,DEVICE_ALL,association,5,веб страница это,219,1
2026-09-15,овсянников сайт,Кемеровская область,11282,control,DEVICE_ALL,association,6,xhwebsite com,2,1
2026-09-15,овсянников сайт,Кемеровская область,11282,control,DEVICE_ALL,association,7,твоятерритория ру онлайн,2,1
2026-09-15,овсянников сайт,Кемеровская область,11282,control,DEVICE_ALL,association,8,https ya ruодноклассники моя страничка,11,1
2026-09-15,овсянников сайт,Кемеровская область,11282,control,DEVICE_ALL,association,9,веб портал,88,1
2026-09-15,овсянников сайт,Кировская область,11070,control,DEVICE_ALL,association,1,зеленое яблоко интернет магазин официальный,7,3
2026-09-15,овсянников сайт,Кировская область,11070,control,DEVICE_ALL,association,2,smorodina косметика официальный сайт,2,3
2026-09-15,овсянников сайт,Кировская область,11070,control,DEVICE_ALL,association,3,жемчужины мысли официальный сайт,1,3
2026-09-15,овсянников сайт,Кировская область,11070,control,DEVICE_ALL,association,4,аравиа официальный сайт,2,3
2026-09-15,овсянников сайт,Кировская область,11070,control,DEVICE_ALL,association,5,amouage официальный сайт,1,3
2026-09-15,овсянников сайт,Кировская область,11070,control,DEVICE_ALL,association,6,ямогочи официальный сайт,3,3
2026-09-15,овсянников сайт,Кировская область,11070,control,DEVICE_ALL,association,7,цимус официальный сайт,2,3
2026-09-15,овсянников сайт,Кировская область,11070,control,DEVICE_ALL,association,8,biomio официальный сайт,1,3
2026-09-15,овсянников сайт,Кировская область,11070,control,DEVICE_ALL,association,9,барс добровольцы официальный сайт,14,3
2026-09-15,овсянников сайт,Пензенская область,11095,control,DEVICE_ALL,association,1,нфмо портал личный кабинет,5,1
2026-09-15,овсянников сайт,Пензенская область,11095,control,DEVICE_ALL,association,2,ожнокласники ру моя страница,1,1
2026-09-15,овсянников сайт,Пензенская область,11095,control,DEVICE_ALL,association,3,веб страница это,65,1
2026-09-15,овсянников сайт,Пензенская область,11095,control,DEVICE_ALL,association,4,твоятерритория ру онлайн,1,1
2026-09-15,овсянников сайт,Пензенская область,11095,control,DEVICE_ALL,association,5,веб портал,32,1
2026-09-15,овсянников сайт,Ростовская область,11029,control,DEVICE_ALL,association,1,эсф портал,1,3
2026-09-15,овсянников сайт,Ростовская область,11029,control,DEVICE_ALL,association,2,портал улгу,28,3
2026-09-15,овсянников сайт,Ростовская область,11029,control,DEVICE_ALL,association,3,адноклассника ру моя страница,34,3
2026-09-15,овсянников сайт,Ростовская область,11029,control,DEVICE_ALL,association,4,безкомплексов ру моя страница,4,3
2026-09-15,овсянников сайт,Ростовская область,11029,control,DEVICE_ALL,association,5,портал мыюа,4,3
2026-09-15,овсянников сайт,Ростовская область,11029,control,DEVICE_ALL,association,6,нфмо портал личный кабинет,6,3
2026-09-15,овсянников сайт,Ростовская область,11029,control,DEVICE_ALL,association,7,ожнокласники ру моя страница,7,3
2026-09-15,овсянников сайт,Ростовская область,11029,control,DEVICE_ALL,association,8,веб страница это,490,3
2026-09-15,овсянников сайт,Ростовская область,11029,control,DEVICE_ALL,association,9,xhwebsite com,23,3
2026-09-15,овсянников сайт,Ростовская область,11029,control,DEVICE_ALL,association,10,твоятерритория ру онлайн,1,3
2026-09-15,овсянников сайт,Ростовская область,11029,control,DEVICE_ALL,association,11,https ya ruодноклассники моя страничка,36,3
2026-09-15,овсянников сайт,Ростовская область,11029,control,DEVICE_ALL,association,12,веб портал,259,3
2026-09-15,овсянников сайт,Тульская область,10832,control,DEVICE_ALL,association,1,портал мыюа,1,3
2026-09-15,овсянников сайт,Тульская область,10832,control,DEVICE_ALL,association,2,нфмо портал личный кабинет,7,3
2026-09-15,овсянников сайт,Тульская область,10832,control,DEVICE_ALL,association,3,веб страница это,39,3
2026-09-15,овсянников сайт,Тульская область,10832,control,DEVICE_ALL,association,4,xhwebsite com,5,3
2026-09-15,овсянников сайт,Тульская область,10832,control,DEVICE_ALL,association,5,https ya ruодноклассники моя страничка,2,3
2026-09-15,овсянников сайт,Тульская область,10832,control,DEVICE_ALL,association,6,веб портал,14,3
2026-09-15,овсянников сайт,Тюменская область,11176,campaign,DEVICE_ALL,nested,1,овсянников официальный сайт,2,2
2026-09-15,овсянников сайт,Тюменская область,11176,campaign,DEVICE_ALL,nested,2,сайт овсянникова,2,2
2026-09-15,овсянников сайт,Тюменская область,11176,campaign,DEVICE_ALL,nested,3,овсянников косметика официальный сайт,1,2
2026-09-15,овсянников сайт,Тюменская область,11176,campaign,DEVICE_ALL,nested,4,овсянников мыло официальный сайт,1,2
2026-09-15,овсянников сайт,Волгоградская область,10950,campaign,DEVICE_ALL,nested,1,сайт овсянникова,15,15
2026-09-15,овсянников сайт,Волгоградская область,10950,campaign,DEVICE_ALL,nested,2,овсянников официальный сайт,14,15
2026-09-15,овсянников сайт,Волгоградская область,10950,campaign,DEVICE_ALL,nested,3,овсянников косметика официальный сайт,12,15
2026-09-15,овсянников сайт,Воронежская область,10672,campaign,DEVICE_ALL,nested,1,овсянников официальный сайт,11,11
2026-09-15,овсянников сайт,Воронежская область,10672,campaign,DEVICE_ALL,nested,2,сайт овсянникова,11,11
2026-09-15,овсянников сайт,Воронежская область,10672,campaign,DEVICE_ALL,nested,3,овсянников косметика официальный сайт,7,11
2026-09-15,овсянников сайт,Воронежская область,10672,campaign,DEVICE_ALL,nested,4,овсянников мыло официальный сайт,3,11
2026-09-15,овсянников сайт,Воронежская область,10672,campaign,DEVICE_ALL,nested,5,овсянников косметика и парфюмерия официальный сайт,2,11
2026-09-15,овсянников сайт,Республика Мордовия,11117,campaign,DEVICE_ALL,nested,1,овсянников косметика официальный сайт,1,1
2026-09-15,овсянников сайт,Республика Мордовия,11117,campaign,DEVICE_ALL,nested,2,овсянников официальный сайт,1,1
2026-09-15,овсянников сайт,Республика Мордовия,11117,campaign,DEVICE_ALL,nested,3,сайт овсянникова,1,1
2026-09-15,овсянников сайт,Орловская область,10772,campaign,DEVICE_ALL,nested,1,сайт овсянникова,5,6
2026-09-15,овсянников сайт,Орловская область,10772,campaign,DEVICE_ALL,nested,2,овсянников официальный сайт,2,6
2026-09-15,овсянников сайт,Рязанская область,10776,campaign,DEVICE_ALL,nested,1,сайт овсянникова,4,4
2026-09-15,овсянников сайт,Рязанская область,10776,campaign,DEVICE_ALL,nested,2,овсянников официальный сайт,2,4
2026-09-15,овсянников сайт,Ярославская область,10841,campaign,DEVICE_ALL,nested,1,сайт овсянникова,20,20
2026-09-15,овсянников сайт,Ярославская область,10841,campaign,DEVICE_ALL,nested,2,овсянников официальный сайт,19,20
2026-09-15,овсянников сайт,Ярославская область,10841,campaign,DEVICE_ALL,nested,3,овсянников косметика официальный сайт,14,20
2026-09-15,овсянников сайт,Ярославская область,10841,campaign,DEVICE_ALL,nested,4,овсянников косметика и парфюмерия официальный сайт,3,20
2026-09-15,овсянников сайт,Ярославская область,10841,campaign,DEVICE_ALL,nested,5,овсянников мыло официальный сайт,2,20
2026-09-15,овсянников сайт,Костромская область,10699,campaign,DEVICE_ALL,nested,1,овсянников косметика официальный сайт,5,5
2026-09-15,овсянников сайт,Костромская область,10699,campaign,DEVICE_ALL,nested,2,овсянников официальный сайт,5,5
2026-09-15,овсянников сайт,Костромская область,10699,campaign,DEVICE_ALL,nested,3,сайт овсянникова,5,5
2026-09-15,овсянников сайт,Костромская область,10699,campaign,DEVICE_ALL,nested,4,овсянников косметика и парфюмерия официальный сайт,2,5
2026-09-15,овсянников сайт,Республика Башкортостан,11111,campaign,DEVICE_ALL,nested,1,сайт овсянникова,2,2
2026-09-15,овсянников сайт,Республика Башкортостан,11111,campaign,DEVICE_ALL,nested,2,овсянников косметика официальный сайт,1,2
2026-09-15,овсянников сайт,Республика Башкортостан,11111,campaign,DEVICE_ALL,nested,3,овсянников официальный сайт,1,2
2026-09-15,овсянников сайт,Новосибирская область,11316,campaign,DEVICE_ALL,nested,1,сайт овсянникова,19,19
2026-09-15,овсянников сайт,Новосибирская область,11316,campaign,DEVICE_ALL,nested,2,овсянников официальный сайт,11,19
2026-09-15,овсянников сайт,Новосибирская область,11316,campaign,DEVICE_ALL,nested,3,овсянников косметика официальный сайт,5,19
2026-09-15,овсянников сайт,Новосибирская область,11316,campaign,DEVICE_ALL,nested,4,овсянников мыло официальный сайт,3,19
2026-09-15,овсянников сайт,Саратовская область,11146,campaign,DEVICE_ALL,nested,1,овсянников косметика официальный сайт,6,6
2026-09-15,овсянников сайт,Саратовская область,11146,campaign,DEVICE_ALL,nested,2,овсянников официальный сайт,6,6
2026-09-15,овсянников сайт,Саратовская область,11146,campaign,DEVICE_ALL,nested,3,сайт овсянникова,6,6
2026-09-15,овсянников сайт,Саратовская область,11146,campaign,DEVICE_ALL,nested,4,овсянников косметика и парфюмерия официальный сайт,2,6
2026-09-15,овсянников сайт,Томская область,11353,campaign,DEVICE_ALL,nested,1,овсянников косметика официальный сайт,1,1
2026-09-15,овсянников сайт,Томская область,11353,campaign,DEVICE_ALL,nested,2,овсянников официальный сайт,1,1
2026-09-15,овсянников сайт,Томская область,11353,campaign,DEVICE_ALL,nested,3,сайт овсянникова,1,1
2026-09-15,овсянников сайт,Вологодская область,10853,campaign,DEVICE_ALL,nested,1,овсянников косметика официальный сайт,2,2
2026-09-15,овсянников сайт,Вологодская область,10853,campaign,DEVICE_ALL,nested,2,овсянников официальный сайт,2,2
2026-09-15,овсянников сайт,Вологодская область,10853,campaign,DEVICE_ALL,nested,3,сайт овсянникова,2,2
2026-09-15,овсянников сайт,Алтайский край,11235,campaign,DEVICE_ALL,nested,1,сайт овсянникова,1,1
2026-09-15,овсянников сайт,Омская область,11318,campaign,DEVICE_ALL,nested,1,овсянников официальный сайт,1,1
2026-09-15,овсянников сайт,Омская область,11318,campaign,DEVICE_ALL,nested,2,сайт овсянникова,1,1
2026-09-15,овсянников сайт,Кемеровская область,11282,control,DEVICE_ALL,nested,1,сайт овсянникова,1,1
2026-09-15,овсянников сайт,Кировская область,11070,control,DEVICE_ALL,nested,1,овсянников мыло официальный сайт,3,3
2026-09-15,овсянников сайт,Кировская область,11070,control,DEVICE_ALL,nested,2,овсянников официальный сайт,3,3
2026-09-15,овсянников сайт,Кировская область,11070,control,DEVICE_ALL,nested,3,сайт овсянникова,3,3
2026-09-15,овсянников сайт,Пензенская область,11095,control,DEVICE_ALL,nested,1,сайт овсянникова,1,1
2026-09-15,овсянников сайт,Ростовская область,11029,control,DEVICE_ALL,nested,1,сайт овсянникова,3,3
2026-09-15,овсянников сайт,Тульская область,10832,control,DEVICE_ALL,nested,1,сайт овсянникова,3,3
2026-09-15,овсянников сайт,Тульская область,10832,control,DEVICE_ALL,nested,2,овсянников косметика официальный сайт,1,3
2026-09-15,овсянников сайт,Тульская область,10832,control,DEVICE_ALL,nested,3,овсянников официальный сайт,1,3
2026-09-15,овсянников тайный советник,Воронежская область,10672,campaign,DEVICE_ALL,association,1,секретное досье,176,1
2026-09-15,овсянников тайный советник,Воронежская область,10672,campaign,DEVICE_ALL,association,2,особая молитвенная помощь сергий пономарь,2,1
2026-09-15,овсянников тайный советник,Воронежская область,10672,campaign,DEVICE_ALL,association,3,помощник следователя,89,1
2026-09-15,овсянников тайный советник,Воронежская область,10672,campaign,DEVICE_ALL,association,4,елизавета значение,56,1
2026-09-15,овсянников тайный советник,Воронежская область,10672,campaign,DEVICE_ALL,association,5,особая молитвенная помощь сергей пономарь,43,1
2026-09-15,овсянников тайный советник,Воронежская область,10672,campaign,DEVICE_ALL,association,6,секта скопцов,10,1
2026-09-15,овсянников тайный советник,Воронежская область,10672,campaign,DEVICE_ALL,association,7,сообщница злодея книга,6,1
2026-09-15,овсянников тайный советник,Воронежская область,10672,campaign,DEVICE_ALL,association,8,кузькина елена викторовна,185,1
2026-09-15,овсянников тайный советник,Воронежская область,10672,campaign,DEVICE_ALL,association,9,офицер особого назначения аудиокнига слушать,11,1
2026-09-15,овсянников тайный советник,Воронежская область,10672,campaign,DEVICE_ALL,association,10,офицер особого назначения аудиокнига слушать онлайн бесплатно,2,1
2026-09-15,овсянников тайный советник,Рязанская область,10776,campaign,DEVICE_ALL,association,1,секретное досье,37,2
2026-09-15,овсянников тайный советник,Рязанская область,10776,campaign,DEVICE_ALL,association,2,помощник следователя,27,2
2026-09-15,овсянников тайный советник,Рязанская область,10776,campaign,DEVICE_ALL,association,3,елизавета значение,24,2
2026-09-15,овсянников тайный советник,Рязанская область,10776,campaign,DEVICE_ALL,association,4,особая молитвенная помощь сергей пономарь,12,2
2026-09-15,овсянников тайный советник,Рязанская область,10776,campaign,DEVICE_ALL,association,5,секта скопцов,2,2
2026-09-15,овсянников тайный советник,Рязанская область,10776,campaign,DEVICE_ALL,association,6,галактический отбор помощница для опасного,2,2
2026-09-15,овсянников тайный советник,Рязанская область,10776,campaign,DEVICE_ALL,association,7,офицер особого назначения аудиокнига слушать,2,2
2026-09-15,овсянников тайный советник,Рязанская область,10776,campaign,DEVICE_ALL,association,8,тарас бульба николай гоголь книга персонажи,1,2
2026-09-15,овсянников тайный советник,Рязанская область,10776,campaign,DEVICE_ALL,association,9,офицер особого назначения аудиокнига слушать онлайн бесплатно,2,2
2026-09-15,овсянников тайный советник,Ярославская область,10841,campaign,DEVICE_ALL,association,1,секретное досье,33,1
2026-09-15,овсянников тайный советник,Ярославская область,10841,campaign,DEVICE_ALL,association,2,помощник следователя,17,1
2026-09-15,овсянников тайный советник,Ярославская область,10841,campaign,DEVICE_ALL,association,3,елизавета значение,90,1
2026-09-15,овсянников тайный советник,Ярославская область,10841,campaign,DEVICE_ALL,association,4,секта скопцов,8,1
2026-09-15,овсянников тайный советник,Ярославская область,10841,campaign,DEVICE_ALL,association,5,сообщница злодея книга,2,1
2026-09-15,овсянников тайный советник,Ярославская область,10841,campaign,DEVICE_ALL,association,6,галактический отбор помощница для опасного,5,1
2026-09-15,овсянников тайный советник,Ярославская область,10841,campaign,DEVICE_ALL,association,7,офицер особого назначения аудиокнига слушать,2,1
2026-09-15,овсянников тайный советник,Ярославская область,10841,campaign,DEVICE_ALL,association,8,офицер особого назначения аудиокнига слушать онлайн бесплатно,2,1
2026-09-15,овсянников тайный советник,Костромская область,10699,campaign,DEVICE_ALL,association,1,секретное досье,27,3
2026-09-15,овсянников тайный советник,Костромская область,10699,campaign,DEVICE_ALL,association,2,помощник следователя,7,3
2026-09-15,овсянников тайный советник,Костромская область,10699,campaign,DEVICE_ALL,association,3,елизавета значение,26,3
2026-09-15,овсянников тайный советник,Костромская область,10699,campaign,DEVICE_ALL,association,4,секта скопцов,6,3
2026-09-15,овсянников тайный советник,Костромская область,10699,campaign,DEVICE_ALL,association,5,офицер особого назначения аудиокнига слушать,2,3
2026-09-15,овсянников тайный советник,Ивановская область,10687,campaign,DEVICE_ALL,association,1,поддубный евгений евгеньевич личная жизнь,2,5
2026-09-15,овсянников тайный советник,Ивановская область,10687,campaign,DEVICE_ALL,association,2,дуся мерзлякова история жизни и сейчас,4,5
2026-09-15,овсянников тайный советник,Ивановская область,10687,campaign,DEVICE_ALL,association,3,марков леонид значения,2,5
2026-09-15,овсянников тайный советник,Ивановская область,10687,campaign,DEVICE_ALL,association,4,кунгуров евгений что случилось причина смерти,4,5
2026-09-15,овсянников тайный советник,Ивановская область,10687,campaign,DEVICE_ALL,association,5,станционный смотритель основная мысль,32,5
2026-09-15,овсянников тайный советник,Ивановская область,10687,campaign,DEVICE_ALL,association,6,сикорский авиаконструктор биография,2,5
2026-09-15,овсянников тайный советник,Ивановская область,10687,campaign,DEVICE_ALL,association,7,ревизор основная мысль,15,5
2026-09-15,овсянников тайный советник,Ивановская область,10687,campaign,DEVICE_ALL,association,8,основная мысль рассказа смерть чиновника,3,5
2026-09-15,овсянников тайный советник,Ивановская область,10687,campaign,DEVICE_ALL,association,9,четвертые сутки пылают станицы слушать оригинал,4,5
2026-09-15,овсянников тайный советник,Ивановская область,10687,campaign,DEVICE_ALL,association,10,жванецкий рассказ подрывника,3,5
2026-09-15,овсянников тайный советник,Воронежская область,10672,campaign,DEVICE_ALL,nested,1,овсянников тайный советник,1,1
2026-09-15,овсянников тайный советник,Рязанская область,10776,campaign,DEVICE_ALL,nested,1,овсянников тайный советник,2,2
2026-09-15,овсянников тайный советник,Рязанская область,10776,campaign,DEVICE_ALL,nested,2,овсянников тайный советник крем,2,2
2026-09-15,овсянников тайный советник,Ярославская область,10841,campaign,DEVICE_ALL,nested,1,овсянников тайный советник,1,1
2026-09-15,овсянников тайный советник,Костромская область,10699,campaign,DEVICE_ALL,nested,1,овсянников тайный советник,3,3
2026-09-15,овсянников тайный советник,Ивановская область,10687,campaign,DEVICE_ALL,nested,1,диффузор овсянников тайный советник,5,5
2026-09-15,овсянников тайный советник,Ивановская область,10687,campaign,DEVICE_ALL,nested,2,овсянников тайный советник,5,5
